ISO-10303-21;
HEADER;
FILE_DESCRIPTION((''),'2;1');
FILE_NAME('CU97M05647FP','2021-11-04T17:51:47',('Cube.hu'),(''),
'CREO PARAMETRIC BY PTC INC, 2019224','CREO PARAMETRIC BY PTC INC, 2019224','');
FILE_SCHEMA(('AUTOMOTIVE_DESIGN { 1 0 10303 214 1 1 1 1 }'));
ENDSEC;
DATA;
#40=CARTESIAN_POINT('',(0.E0,-1.95E0,1.95E0));
#41=DIRECTION('',(-1.E0,0.E0,0.E0));
#42=DIRECTION('',(0.E0,-1.E0,0.E0));
#43=AXIS2_PLACEMENT_3D('',#40,#41,#42);
#45=DIRECTION('',(0.E0,0.E0,-1.E0));
#46=VECTOR('',#45,7.E-1);
#47=CARTESIAN_POINT('',(0.E0,-2.25E0,1.95E0));
#48=LINE('',#47,#46);
#49=DIRECTION('',(0.E0,1.E0,0.E0));
#50=VECTOR('',#49,1.E0);
#51=CARTESIAN_POINT('',(0.E0,-2.25E0,1.25E0));
#52=LINE('',#51,#50);
#53=DIRECTION('',(0.E0,0.E0,-1.E0));
#54=VECTOR('',#53,1.E0);
#55=CARTESIAN_POINT('',(0.E0,-1.25E0,2.25E0));
#56=LINE('',#55,#54);
#57=DIRECTION('',(0.E0,-1.E0,0.E0));
#58=VECTOR('',#57,7.E-1);
#59=CARTESIAN_POINT('',(0.E0,-1.25E0,2.25E0));
#60=LINE('',#59,#58);
#61=CARTESIAN_POINT('',(0.E0,1.95E0,1.95E0));
#62=DIRECTION('',(-1.E0,0.E0,0.E0));
#63=DIRECTION('',(0.E0,0.E0,1.E0));
#64=AXIS2_PLACEMENT_3D('',#61,#62,#63);
#66=DIRECTION('',(0.E0,-1.E0,0.E0));
#67=VECTOR('',#66,7.E-1);
#68=CARTESIAN_POINT('',(0.E0,1.95E0,2.25E0));
#69=LINE('',#68,#67);
#70=DIRECTION('',(0.E0,0.E0,-1.E0));
#71=VECTOR('',#70,1.E0);
#72=CARTESIAN_POINT('',(0.E0,1.25E0,2.25E0));
#73=LINE('',#72,#71);
#74=DIRECTION('',(0.E0,-1.E0,0.E0));
#75=VECTOR('',#74,1.E0);
#76=CARTESIAN_POINT('',(0.E0,2.25E0,1.25E0));
#77=LINE('',#76,#75);
#78=DIRECTION('',(0.E0,0.E0,1.E0));
#79=VECTOR('',#78,7.E-1);
#80=CARTESIAN_POINT('',(0.E0,2.25E0,1.25E0));
#81=LINE('',#80,#79);
#82=CARTESIAN_POINT('',(0.E0,1.95E0,-1.95E0));
#83=DIRECTION('',(-1.E0,0.E0,0.E0));
#84=DIRECTION('',(0.E0,1.E0,0.E0));
#85=AXIS2_PLACEMENT_3D('',#82,#83,#84);
#87=DIRECTION('',(0.E0,0.E0,1.E0));
#88=VECTOR('',#87,7.E-1);
#89=CARTESIAN_POINT('',(0.E0,2.25E0,-1.95E0));
#90=LINE('',#89,#88);
#91=DIRECTION('',(0.E0,-1.E0,0.E0));
#92=VECTOR('',#91,1.E0);
#93=CARTESIAN_POINT('',(0.E0,2.25E0,-1.25E0));
#94=LINE('',#93,#92);
#95=DIRECTION('',(0.E0,0.E0,1.E0));
#96=VECTOR('',#95,1.E0);
#97=CARTESIAN_POINT('',(0.E0,1.25E0,-2.25E0));
#98=LINE('',#97,#96);
#99=DIRECTION('',(0.E0,1.E0,0.E0));
#100=VECTOR('',#99,7.E-1);
#101=CARTESIAN_POINT('',(0.E0,1.25E0,-2.25E0));
#102=LINE('',#101,#100);
#103=CARTESIAN_POINT('',(0.E0,-1.95E0,-1.95E0));
#104=DIRECTION('',(-1.E0,0.E0,0.E0));
#105=DIRECTION('',(0.E0,0.E0,-1.E0));
#106=AXIS2_PLACEMENT_3D('',#103,#104,#105);
#108=DIRECTION('',(0.E0,1.E0,0.E0));
#109=VECTOR('',#108,7.E-1);
#110=CARTESIAN_POINT('',(0.E0,-1.95E0,-2.25E0));
#111=LINE('',#110,#109);
#112=DIRECTION('',(0.E0,0.E0,1.E0));
#113=VECTOR('',#112,1.E0);
#114=CARTESIAN_POINT('',(0.E0,-1.25E0,-2.25E0));
#115=LINE('',#114,#113);
#116=DIRECTION('',(0.E0,1.E0,0.E0));
#117=VECTOR('',#116,1.E0);
#118=CARTESIAN_POINT('',(0.E0,-2.25E0,-1.25E0));
#119=LINE('',#118,#117);
#120=DIRECTION('',(0.E0,0.E0,-1.E0));
#121=VECTOR('',#120,7.E-1);
#122=CARTESIAN_POINT('',(0.E0,-2.25E0,-1.25E0));
#123=LINE('',#122,#121);
#124=CARTESIAN_POINT('',(2.6E0,-1.95E0,1.95E0));
#125=DIRECTION('',(-1.E0,0.E0,0.E0));
#126=DIRECTION('',(0.E0,-1.E0,0.E0));
#127=AXIS2_PLACEMENT_3D('',#124,#125,#126);
#129=CARTESIAN_POINT('',(2.61E0,-1.95E0,1.95E0));
#130=DIRECTION('',(-1.E0,0.E0,0.E0));
#131=DIRECTION('',(0.E0,-1.E0,0.E0));
#132=AXIS2_PLACEMENT_3D('',#129,#130,#131);
#134=DIRECTION('',(0.E0,-1.E0,0.E0));
#135=VECTOR('',#134,3.9E0);
#136=CARTESIAN_POINT('',(2.6E0,1.95E0,-1.95E0));
#137=LINE('',#136,#135);
#138=DIRECTION('',(0.E0,0.E0,-1.E0));
#139=VECTOR('',#138,3.9E0);
#140=CARTESIAN_POINT('',(2.6E0,1.95E0,1.95E0));
#141=LINE('',#140,#139);
#142=DIRECTION('',(0.E0,1.E0,0.E0));
#143=VECTOR('',#142,3.9E0);
#144=CARTESIAN_POINT('',(2.6E0,-1.95E0,1.95E0));
#145=LINE('',#144,#143);
#146=DIRECTION('',(0.E0,0.E0,1.E0));
#147=VECTOR('',#146,3.9E0);
#148=CARTESIAN_POINT('',(2.6E0,-1.95E0,-1.95E0));
#149=LINE('',#148,#147);
#150=DIRECTION('',(0.E0,1.E0,0.E0));
#151=VECTOR('',#150,3.9E0);
#152=CARTESIAN_POINT('',(2.6E0,-1.95E0,2.25E0));
#153=LINE('',#152,#151);
#154=DIRECTION('',(0.E0,0.E0,-1.E0));
#155=VECTOR('',#154,3.9E0);
#156=CARTESIAN_POINT('',(2.6E0,2.25E0,1.95E0));
#157=LINE('',#156,#155);
#158=DIRECTION('',(0.E0,-1.E0,0.E0));
#159=VECTOR('',#158,3.9E0);
#160=CARTESIAN_POINT('',(2.6E0,1.95E0,-2.25E0));
#161=LINE('',#160,#159);
#162=DIRECTION('',(0.E0,0.E0,1.E0));
#163=VECTOR('',#162,3.9E0);
#164=CARTESIAN_POINT('',(2.6E0,-2.25E0,-1.95E0));
#165=LINE('',#164,#163);
#166=DIRECTION('',(1.E0,0.E0,0.E0));
#167=VECTOR('',#166,1.E-2);
#168=CARTESIAN_POINT('',(2.6E0,1.95E0,-1.95E0));
#169=LINE('',#168,#167);
#170=DIRECTION('',(1.E0,0.E0,0.E0));
#171=VECTOR('',#170,1.E-2);
#172=CARTESIAN_POINT('',(2.6E0,-1.95E0,-1.95E0));
#173=LINE('',#172,#171);
#174=DIRECTION('',(1.E0,0.E0,0.E0));
#175=VECTOR('',#174,1.E-2);
#176=CARTESIAN_POINT('',(2.6E0,-1.95E0,1.95E0));
#177=LINE('',#176,#175);
#178=DIRECTION('',(1.E0,0.E0,0.E0));
#179=VECTOR('',#178,1.E-2);
#180=CARTESIAN_POINT('',(2.6E0,1.95E0,1.95E0));
#181=LINE('',#180,#179);
#182=DIRECTION('',(0.E0,-1.E0,0.E0));
#183=VECTOR('',#182,3.9E0);
#184=CARTESIAN_POINT('',(2.61E0,1.95E0,-1.95E0));
#185=LINE('',#184,#183);
#186=DIRECTION('',(0.E0,0.E0,1.E0));
#187=VECTOR('',#186,3.9E0);
#188=CARTESIAN_POINT('',(2.61E0,-1.95E0,-1.95E0));
#189=LINE('',#188,#187);
#190=DIRECTION('',(0.E0,1.E0,0.E0));
#191=VECTOR('',#190,3.9E0);
#192=CARTESIAN_POINT('',(2.61E0,-1.95E0,1.95E0));
#193=LINE('',#192,#191);
#194=DIRECTION('',(0.E0,0.E0,-1.E0));
#195=VECTOR('',#194,3.9E0);
#196=CARTESIAN_POINT('',(2.61E0,1.95E0,1.95E0));
#197=LINE('',#196,#195);
#198=DIRECTION('',(0.E0,-1.E0,0.E0));
#199=VECTOR('',#198,2.E-1);
#200=CARTESIAN_POINT('',(2.61E0,-2.05E0,1.E0));
#201=LINE('',#200,#199);
#202=DIRECTION('',(-1.E0,0.E0,0.E0));
#203=VECTOR('',#202,2.9E-1);
#204=CARTESIAN_POINT('',(2.9E0,-2.05E0,1.E0));
#205=LINE('',#204,#203);
#206=DIRECTION('',(0.E0,0.E0,1.E0));
#207=VECTOR('',#206,7.E-1);
#208=CARTESIAN_POINT('',(8.E-1,-2.25E0,1.15E0));
#209=LINE('',#208,#207);
#210=DIRECTION('',(0.E0,0.E0,1.E0));
#211=VECTOR('',#210,7.E-1);
#212=CARTESIAN_POINT('',(1.1E0,-2.25E0,1.15E0));
#213=LINE('',#212,#211);
#214=DIRECTION('',(1.E0,0.E0,0.E0));
#215=VECTOR('',#214,3.E-1);
#216=CARTESIAN_POINT('',(8.E-1,-2.25E0,1.85E0));
#217=LINE('',#216,#215);
#218=DIRECTION('',(0.E0,0.E0,1.E0));
#219=VECTOR('',#218,7.E-1);
#220=CARTESIAN_POINT('',(1.1E0,-2.25E0,-1.85E0));
#221=LINE('',#220,#219);
#222=DIRECTION('',(1.E0,0.E0,0.E0));
#223=VECTOR('',#222,3.E-1);
#224=CARTESIAN_POINT('',(8.E-1,-2.25E0,-1.15E0));
#225=LINE('',#224,#223);
#226=DIRECTION('',(0.E0,0.E0,1.E0));
#227=VECTOR('',#226,7.E-1);
#228=CARTESIAN_POINT('',(8.E-1,-2.25E0,-1.85E0));
#229=LINE('',#228,#227);
#230=DIRECTION('',(1.E0,0.E0,0.E0));
#231=VECTOR('',#230,3.E-1);
#232=CARTESIAN_POINT('',(8.E-1,-2.25E0,-1.85E0));
#233=LINE('',#232,#231);
#234=DIRECTION('',(-1.E0,0.E0,0.E0));
#235=VECTOR('',#234,2.6E0);
#236=CARTESIAN_POINT('',(2.6E0,-2.25E0,-1.95E0));
#237=LINE('',#236,#235);
#238=DIRECTION('',(1.E0,0.E0,0.E0));
#239=VECTOR('',#238,3.E-1);
#240=CARTESIAN_POINT('',(0.E0,-2.25E0,-1.25E0));
#241=LINE('',#240,#239);
#242=DIRECTION('',(0.E0,0.E0,-1.E0));
#243=VECTOR('',#242,2.5E0);
#244=CARTESIAN_POINT('',(3.E-1,-2.25E0,1.25E0));
#245=LINE('',#244,#243);
#246=DIRECTION('',(1.E0,0.E0,0.E0));
#247=VECTOR('',#246,3.E-1);
#248=CARTESIAN_POINT('',(0.E0,-2.25E0,1.25E0));
#249=LINE('',#248,#247);
#250=DIRECTION('',(-1.E0,0.E0,0.E0));
#251=VECTOR('',#250,2.6E0);
#252=CARTESIAN_POINT('',(2.6E0,-2.25E0,1.95E0));
#253=LINE('',#252,#251);
#254=DIRECTION('',(0.E0,0.E0,-1.E0));
#255=VECTOR('',#254,9.5E-1);
#256=CARTESIAN_POINT('',(2.61E0,-2.25E0,1.95E0));
#257=LINE('',#256,#255);
#258=DIRECTION('',(-1.E0,0.E0,0.E0));
#259=VECTOR('',#258,2.9E-1);
#260=CARTESIAN_POINT('',(2.9E0,-2.25E0,1.95E0));
#261=LINE('',#260,#259);
#262=DIRECTION('',(-1.E0,0.E0,0.E0));
#263=VECTOR('',#262,2.9E-1);
#264=CARTESIAN_POINT('',(2.9E0,-2.25E0,1.E0));
#265=LINE('',#264,#263);
#266=DIRECTION('',(0.E0,0.E0,-1.E0));
#267=VECTOR('',#266,9.5E-1);
#268=CARTESIAN_POINT('',(2.61E0,-2.25E0,-1.E0));
#269=LINE('',#268,#267);
#270=DIRECTION('',(-1.E0,0.E0,0.E0));
#271=VECTOR('',#270,2.9E-1);
#272=CARTESIAN_POINT('',(2.9E0,-2.25E0,-1.E0));
#273=LINE('',#272,#271);
#274=DIRECTION('',(-1.E0,0.E0,0.E0));
#275=VECTOR('',#274,2.9E-1);
#276=CARTESIAN_POINT('',(2.9E0,-2.25E0,-1.95E0));
#277=LINE('',#276,#275);
#278=CARTESIAN_POINT('',(7.5E-1,-2.25E0,-1.15E0));
#279=DIRECTION('',(0.E0,0.E0,1.E0));
#280=DIRECTION('',(8.715574274767E-2,-9.961946980917E-1,0.E0));
#281=AXIS2_PLACEMENT_3D('',#278,#279,#280);
#283=CARTESIAN_POINT('',(7.5E-1,-2.25E0,1.15E0));
#284=DIRECTION('',(0.E0,0.E0,1.E0));
#285=DIRECTION('',(8.715574274766E-2,-9.961946980917E-1,0.E0));
#286=AXIS2_PLACEMENT_3D('',#283,#284,#285);
#288=DIRECTION('',(-9.961946980917E-1,-8.715574274766E-2,0.E0));
#289=VECTOR('',#288,3.907068417268E-1);
#290=CARTESIAN_POINT('',(7.543577871374E-1,-2.299809734905E0,-1.15E0));
#291=LINE('',#290,#289);
#292=DIRECTION('',(0.E0,0.E0,1.E0));
#293=VECTOR('',#292,7.E-1);
#294=CARTESIAN_POINT('',(7.543577871374E-1,-2.299809734905E0,-1.85E0));
#295=LINE('',#294,#293);
#296=DIRECTION('',(-9.961946980917E-1,-8.715574274766E-2,0.E0));
#297=VECTOR('',#296,3.907068417268E-1);
#298=CARTESIAN_POINT('',(7.543577871374E-1,-2.299809734905E0,1.15E0));
#299=LINE('',#298,#297);
#300=DIRECTION('',(0.E0,0.E0,1.E0));
#301=VECTOR('',#300,7.E-1);
#302=CARTESIAN_POINT('',(7.543577871374E-1,-2.299809734905E0,1.15E0));
#303=LINE('',#302,#301);
#304=CARTESIAN_POINT('',(4.E-1,-2.732339959129E0,-1.15E0));
#305=DIRECTION('',(0.E0,0.E0,1.E0));
#306=DIRECTION('',(-8.715574274767E-2,9.961946980917E-1,0.E0));
#307=AXIS2_PLACEMENT_3D('',#304,#305,#306);
#309=DIRECTION('',(0.E0,0.E0,1.E0));
#310=VECTOR('',#309,7.E-1);
#311=CARTESIAN_POINT('',(3.651377029009E-1,-2.333862079892E0,-1.85E0));
#312=LINE('',#311,#310);
#313=CARTESIAN_POINT('',(4.E-1,-2.732339959129E0,1.15E0));
#314=DIRECTION('',(0.E0,0.E0,1.E0));
#315=DIRECTION('',(-8.715574274767E-2,9.961946980917E-1,0.E0));
#316=AXIS2_PLACEMENT_3D('',#313,#314,#315);
#318=DIRECTION('',(0.E0,0.E0,1.E0));
#319=VECTOR('',#318,7.E-1);
#320=CARTESIAN_POINT('',(3.651377029009E-1,-2.333862079892E0,1.15E0));
#321=LINE('',#320,#319);
#322=DIRECTION('',(0.E0,-1.E0,0.E0));
#323=VECTOR('',#322,5.176600408714E-1);
#324=CARTESIAN_POINT('',(0.E0,-2.732339959129E0,-1.15E0));
#325=LINE('',#324,#323);
#326=DIRECTION('',(0.E0,0.E0,1.E0));
#327=VECTOR('',#326,7.E-1);
#328=CARTESIAN_POINT('',(0.E0,-2.732339959129E0,-1.85E0));
#329=LINE('',#328,#327);
#330=DIRECTION('',(0.E0,-1.E0,0.E0));
#331=VECTOR('',#330,5.176600408714E-1);
#332=CARTESIAN_POINT('',(0.E0,-2.732339959129E0,1.15E0));
#333=LINE('',#332,#331);
#334=DIRECTION('',(0.E0,0.E0,1.E0));
#335=VECTOR('',#334,7.E-1);
#336=CARTESIAN_POINT('',(0.E0,-2.732339959129E0,1.15E0));
#337=LINE('',#336,#335);
#338=DIRECTION('',(1.E0,0.E0,0.E0));
#339=VECTOR('',#338,3.E-1);
#340=CARTESIAN_POINT('',(0.E0,-3.25E0,-1.15E0));
#341=LINE('',#340,#339);
#342=DIRECTION('',(0.E0,0.E0,1.E0));
#343=VECTOR('',#342,7.E-1);
#344=CARTESIAN_POINT('',(0.E0,-3.25E0,-1.85E0));
#345=LINE('',#344,#343);
#346=DIRECTION('',(1.E0,0.E0,0.E0));
#347=VECTOR('',#346,3.E-1);
#348=CARTESIAN_POINT('',(0.E0,-3.25E0,1.15E0));
#349=LINE('',#348,#347);
#350=DIRECTION('',(0.E0,0.E0,1.E0));
#351=VECTOR('',#350,7.E-1);
#352=CARTESIAN_POINT('',(0.E0,-3.25E0,1.15E0));
#353=LINE('',#352,#351);
#354=DIRECTION('',(0.E0,1.E0,0.E0));
#355=VECTOR('',#354,5.176600408714E-1);
#356=CARTESIAN_POINT('',(3.E-1,-3.25E0,-1.15E0));
#357=LINE('',#356,#355);
#358=DIRECTION('',(0.E0,0.E0,1.E0));
#359=VECTOR('',#358,7.E-1);
#360=CARTESIAN_POINT('',(3.E-1,-3.25E0,-1.85E0));
#361=LINE('',#360,#359);
#362=DIRECTION('',(0.E0,1.E0,0.E0));
#363=VECTOR('',#362,5.176600408714E-1);
#364=CARTESIAN_POINT('',(3.E-1,-3.25E0,1.15E0));
#365=LINE('',#364,#363);
#366=DIRECTION('',(0.E0,0.E0,1.E0));
#367=VECTOR('',#366,7.E-1);
#368=CARTESIAN_POINT('',(3.E-1,-3.25E0,1.15E0));
#369=LINE('',#368,#367);
#370=CARTESIAN_POINT('',(4.E-1,-2.732339959129E0,-1.15E0));
#371=DIRECTION('',(0.E0,0.E0,1.E0));
#372=DIRECTION('',(-8.715574274766E-2,9.961946980917E-1,0.E0));
#373=AXIS2_PLACEMENT_3D('',#370,#371,#372);
#375=DIRECTION('',(0.E0,0.E0,1.E0));
#376=VECTOR('',#375,7.E-1);
#377=CARTESIAN_POINT('',(3.E-1,-2.732339959129E0,-1.85E0));
#378=LINE('',#377,#376);
#379=CARTESIAN_POINT('',(4.E-1,-2.732339959129E0,1.15E0));
#380=DIRECTION('',(0.E0,0.E0,1.E0));
#381=DIRECTION('',(-8.715574274766E-2,9.961946980917E-1,0.E0));
#382=AXIS2_PLACEMENT_3D('',#379,#380,#381);
#384=DIRECTION('',(0.E0,0.E0,1.E0));
#385=VECTOR('',#384,7.E-1);
#386=CARTESIAN_POINT('',(3.E-1,-2.732339959129E0,1.15E0));
#387=LINE('',#386,#385);
#388=DIRECTION('',(9.961946980917E-1,8.715574274766E-2,0.E0));
#389=VECTOR('',#388,3.907068417268E-1);
#390=CARTESIAN_POINT('',(3.912844257252E-1,-2.632720489319E0,-1.15E0));
#391=LINE('',#390,#389);
#392=DIRECTION('',(0.E0,0.E0,1.E0));
#393=VECTOR('',#392,7.E-1);
#394=CARTESIAN_POINT('',(3.912844257252E-1,-2.632720489319E0,-1.85E0));
#395=LINE('',#394,#393);
#396=DIRECTION('',(9.961946980917E-1,8.715574274766E-2,0.E0));
#397=VECTOR('',#396,3.907068417268E-1);
#398=CARTESIAN_POINT('',(3.912844257252E-1,-2.632720489319E0,1.15E0));
#399=LINE('',#398,#397);
#400=DIRECTION('',(0.E0,0.E0,1.E0));
#401=VECTOR('',#400,7.E-1);
#402=CARTESIAN_POINT('',(3.912844257252E-1,-2.632720489319E0,1.15E0));
#403=LINE('',#402,#401);
#404=CARTESIAN_POINT('',(7.5E-1,-2.25E0,-1.15E0));
#405=DIRECTION('',(0.E0,0.E0,1.E0));
#406=DIRECTION('',(8.715574274766E-2,-9.961946980917E-1,0.E0));
#407=AXIS2_PLACEMENT_3D('',#404,#405,#406);
#409=DIRECTION('',(0.E0,0.E0,1.E0));
#410=VECTOR('',#409,7.E-1);
#411=CARTESIAN_POINT('',(7.805045099617E-1,-2.598668144332E0,-1.85E0));
#412=LINE('',#411,#410);
#413=CARTESIAN_POINT('',(7.5E-1,-2.25E0,1.15E0));
#414=DIRECTION('',(0.E0,0.E0,1.E0));
#415=DIRECTION('',(8.715574274766E-2,-9.961946980917E-1,0.E0));
#416=AXIS2_PLACEMENT_3D('',#413,#414,#415);
#418=DIRECTION('',(0.E0,0.E0,1.E0));
#419=VECTOR('',#418,7.E-1);
#420=CARTESIAN_POINT('',(7.805045099617E-1,-2.598668144332E0,1.15E0));
#421=LINE('',#420,#419);
#422=CARTESIAN_POINT('',(7.5E-1,-2.25E0,-1.85E0));
#423=DIRECTION('',(0.E0,0.E0,-1.E0));
#424=DIRECTION('',(1.E0,0.E0,0.E0));
#425=AXIS2_PLACEMENT_3D('',#422,#423,#424);
#427=DIRECTION('',(-9.961946980917E-1,-8.715574274766E-2,0.E0));
#428=VECTOR('',#427,3.907068417268E-1);
#429=CARTESIAN_POINT('',(7.543577871374E-1,-2.299809734905E0,-1.85E0));
#430=LINE('',#429,#428);
#431=CARTESIAN_POINT('',(4.E-1,-2.732339959129E0,-1.85E0));
#432=DIRECTION('',(0.E0,0.E0,1.E0));
#433=DIRECTION('',(-8.715574274768E-2,9.961946980917E-1,0.E0));
#434=AXIS2_PLACEMENT_3D('',#431,#432,#433);
#436=DIRECTION('',(0.E0,-1.E0,0.E0));
#437=VECTOR('',#436,5.176600408714E-1);
#438=CARTESIAN_POINT('',(0.E0,-2.732339959129E0,-1.85E0));
#439=LINE('',#438,#437);
#440=DIRECTION('',(1.E0,0.E0,0.E0));
#441=VECTOR('',#440,3.E-1);
#442=CARTESIAN_POINT('',(0.E0,-3.25E0,-1.85E0));
#443=LINE('',#442,#441);
#444=DIRECTION('',(0.E0,1.E0,0.E0));
#445=VECTOR('',#444,5.176600408714E-1);
#446=CARTESIAN_POINT('',(3.E-1,-3.25E0,-1.85E0));
#447=LINE('',#446,#445);
#448=CARTESIAN_POINT('',(4.E-1,-2.732339959129E0,-1.85E0));
#449=DIRECTION('',(0.E0,0.E0,-1.E0));
#450=DIRECTION('',(-1.E0,0.E0,0.E0));
#451=AXIS2_PLACEMENT_3D('',#448,#449,#450);
#453=DIRECTION('',(9.961946980917E-1,8.715574274766E-2,0.E0));
#454=VECTOR('',#453,3.907068417268E-1);
#455=CARTESIAN_POINT('',(3.912844257252E-1,-2.632720489319E0,-1.85E0));
#456=LINE('',#455,#454);
#457=CARTESIAN_POINT('',(7.5E-1,-2.25E0,-1.85E0));
#458=DIRECTION('',(0.E0,0.E0,1.E0));
#459=DIRECTION('',(8.715574274766E-2,-9.961946980917E-1,0.E0));
#460=AXIS2_PLACEMENT_3D('',#457,#458,#459);
#462=CARTESIAN_POINT('',(7.5E-1,2.25E0,-1.85E0));
#463=DIRECTION('',(0.E0,0.E0,1.E0));
#464=DIRECTION('',(1.E0,0.E0,0.E0));
#465=AXIS2_PLACEMENT_3D('',#462,#463,#464);
#467=DIRECTION('',(-9.961946980917E-1,8.715574274766E-2,0.E0));
#468=VECTOR('',#467,3.907068417268E-1);
#469=CARTESIAN_POINT('',(7.805045099617E-1,2.598668144332E0,-1.85E0));
#470=LINE('',#469,#468);
#471=CARTESIAN_POINT('',(4.E-1,2.732339959129E0,-1.85E0));
#472=DIRECTION('',(0.E0,0.E0,-1.E0));
#473=DIRECTION('',(-8.715574274766E-2,-9.961946980917E-1,0.E0));
#474=AXIS2_PLACEMENT_3D('',#471,#472,#473);
#476=DIRECTION('',(0.E0,1.E0,0.E0));
#477=VECTOR('',#476,5.176600408714E-1);
#478=CARTESIAN_POINT('',(3.E-1,2.732339959129E0,-1.85E0));
#479=LINE('',#478,#477);
#480=DIRECTION('',(-1.E0,0.E0,0.E0));
#481=VECTOR('',#480,3.E-1);
#482=CARTESIAN_POINT('',(3.E-1,3.25E0,-1.85E0));
#483=LINE('',#482,#481);
#484=DIRECTION('',(0.E0,-1.E0,0.E0));
#485=VECTOR('',#484,5.176600408714E-1);
#486=CARTESIAN_POINT('',(0.E0,3.25E0,-1.85E0));
#487=LINE('',#486,#485);
#488=CARTESIAN_POINT('',(4.E-1,2.732339959129E0,-1.85E0));
#489=DIRECTION('',(0.E0,0.E0,1.E0));
#490=DIRECTION('',(-1.E0,0.E0,0.E0));
#491=AXIS2_PLACEMENT_3D('',#488,#489,#490);
#493=DIRECTION('',(9.961946980917E-1,-8.715574274766E-2,0.E0));
#494=VECTOR('',#493,3.907068417268E-1);
#495=CARTESIAN_POINT('',(3.651377029009E-1,2.333862079892E0,-1.85E0));
#496=LINE('',#495,#494);
#497=CARTESIAN_POINT('',(7.5E-1,2.25E0,-1.85E0));
#498=DIRECTION('',(0.E0,0.E0,-1.E0));
#499=DIRECTION('',(8.715574274768E-2,9.961946980917E-1,0.E0));
#500=AXIS2_PLACEMENT_3D('',#497,#498,#499);
#502=DIRECTION('',(0.E0,0.E0,1.E0));
#503=VECTOR('',#502,7.E-1);
#504=CARTESIAN_POINT('',(8.E-1,2.25E0,-1.85E0));
#505=LINE('',#504,#503);
#506=DIRECTION('',(0.E0,0.E0,1.E0));
#507=VECTOR('',#506,7.E-1);
#508=CARTESIAN_POINT('',(1.1E0,2.25E0,-1.85E0));
#509=LINE('',#508,#507);
#510=DIRECTION('',(1.E0,0.E0,0.E0));
#511=VECTOR('',#510,3.E-1);
#512=CARTESIAN_POINT('',(8.E-1,2.25E0,-1.85E0));
#513=LINE('',#512,#511);
#514=DIRECTION('',(0.E0,0.E0,1.E0));
#515=VECTOR('',#514,7.E-1);
#516=CARTESIAN_POINT('',(1.1E0,2.25E0,1.15E0));
#517=LINE('',#516,#515);
#518=DIRECTION('',(1.E0,0.E0,0.E0));
#519=VECTOR('',#518,3.E-1);
#520=CARTESIAN_POINT('',(8.E-1,2.25E0,1.15E0));
#521=LINE('',#520,#519);
#522=DIRECTION('',(0.E0,0.E0,1.E0));
#523=VECTOR('',#522,7.E-1);
#524=CARTESIAN_POINT('',(8.E-1,2.25E0,1.15E0));
#525=LINE('',#524,#523);
#526=DIRECTION('',(1.E0,0.E0,0.E0));
#527=VECTOR('',#526,3.E-1);
#528=CARTESIAN_POINT('',(8.E-1,2.25E0,1.85E0));
#529=LINE('',#528,#527);
#530=DIRECTION('',(-1.E0,0.E0,0.E0));
#531=VECTOR('',#530,2.6E0);
#532=CARTESIAN_POINT('',(2.6E0,2.25E0,1.95E0));
#533=LINE('',#532,#531);
#534=DIRECTION('',(1.E0,0.E0,0.E0));
#535=VECTOR('',#534,3.E-1);
#536=CARTESIAN_POINT('',(0.E0,2.25E0,1.25E0));
#537=LINE('',#536,#535);
#538=DIRECTION('',(0.E0,0.E0,1.E0));
#539=VECTOR('',#538,2.5E0);
#540=CARTESIAN_POINT('',(3.E-1,2.25E0,-1.25E0));
#541=LINE('',#540,#539);
#542=DIRECTION('',(1.E0,0.E0,0.E0));
#543=VECTOR('',#542,3.E-1);
#544=CARTESIAN_POINT('',(0.E0,2.25E0,-1.25E0));
#545=LINE('',#544,#543);
#546=DIRECTION('',(-1.E0,0.E0,0.E0));
#547=VECTOR('',#546,2.6E0);
#548=CARTESIAN_POINT('',(2.6E0,2.25E0,-1.95E0));
#549=LINE('',#548,#547);
#550=DIRECTION('',(0.E0,0.E0,1.E0));
#551=VECTOR('',#550,9.5E-1);
#552=CARTESIAN_POINT('',(2.61E0,2.25E0,-1.95E0));
#553=LINE('',#552,#551);
#554=DIRECTION('',(-1.E0,0.E0,0.E0));
#555=VECTOR('',#554,2.9E-1);
#556=CARTESIAN_POINT('',(2.9E0,2.25E0,-1.95E0));
#557=LINE('',#556,#555);
#558=DIRECTION('',(-1.E0,0.E0,0.E0));
#559=VECTOR('',#558,2.9E-1);
#560=CARTESIAN_POINT('',(2.9E0,2.25E0,-1.E0));
#561=LINE('',#560,#559);
#562=DIRECTION('',(0.E0,0.E0,1.E0));
#563=VECTOR('',#562,9.5E-1);
#564=CARTESIAN_POINT('',(2.61E0,2.25E0,1.E0));
#565=LINE('',#564,#563);
#566=DIRECTION('',(-1.E0,0.E0,0.E0));
#567=VECTOR('',#566,2.9E-1);
#568=CARTESIAN_POINT('',(2.9E0,2.25E0,1.E0));
#569=LINE('',#568,#567);
#570=DIRECTION('',(-1.E0,0.E0,0.E0));
#571=VECTOR('',#570,2.9E-1);
#572=CARTESIAN_POINT('',(2.9E0,2.25E0,1.95E0));
#573=LINE('',#572,#571);
#574=CARTESIAN_POINT('',(7.5E-1,2.25E0,-1.15E0));
#575=DIRECTION('',(0.E0,0.E0,1.E0));
#576=DIRECTION('',(1.E0,0.E0,0.E0));
#577=AXIS2_PLACEMENT_3D('',#574,#575,#576);
#579=DIRECTION('',(0.E0,0.E0,1.E0));
#580=VECTOR('',#579,7.E-1);
#581=CARTESIAN_POINT('',(7.543577871374E-1,2.299809734905E0,-1.85E0));
#582=LINE('',#581,#580);
#583=CARTESIAN_POINT('',(7.5E-1,2.25E0,1.15E0));
#584=DIRECTION('',(0.E0,0.E0,1.E0));
#585=DIRECTION('',(1.E0,-1.776356839400E-14,0.E0));
#586=AXIS2_PLACEMENT_3D('',#583,#584,#585);
#588=DIRECTION('',(0.E0,0.E0,1.E0));
#589=VECTOR('',#588,7.E-1);
#590=CARTESIAN_POINT('',(7.543577871374E-1,2.299809734905E0,1.15E0));
#591=LINE('',#590,#589);
#592=DIRECTION('',(1.E0,0.E0,0.E0));
#593=VECTOR('',#592,3.E-1);
#594=CARTESIAN_POINT('',(8.E-1,2.25E0,-1.15E0));
#595=LINE('',#594,#593);
#596=CARTESIAN_POINT('',(7.5E-1,2.25E0,-1.15E0));
#597=DIRECTION('',(0.E0,0.E0,1.E0));
#598=DIRECTION('',(1.E0,0.E0,0.E0));
#599=AXIS2_PLACEMENT_3D('',#596,#597,#598);
#601=CARTESIAN_POINT('',(7.5E-1,2.25E0,1.15E0));
#602=DIRECTION('',(0.E0,0.E0,1.E0));
#603=DIRECTION('',(1.E0,0.E0,0.E0));
#604=AXIS2_PLACEMENT_3D('',#601,#602,#603);
#606=DIRECTION('',(-9.961946980917E-1,8.715574274766E-2,0.E0));
#607=VECTOR('',#606,3.907068417268E-1);
#608=CARTESIAN_POINT('',(7.805045099617E-1,2.598668144332E0,-1.15E0));
#609=LINE('',#608,#607);
#610=DIRECTION('',(0.E0,0.E0,1.E0));
#611=VECTOR('',#610,7.E-1);
#612=CARTESIAN_POINT('',(7.805045099617E-1,2.598668144332E0,-1.85E0));
#613=LINE('',#612,#611);
#614=DIRECTION('',(-9.961946980917E-1,8.715574274766E-2,0.E0));
#615=VECTOR('',#614,3.907068417268E-1);
#616=CARTESIAN_POINT('',(7.805045099617E-1,2.598668144332E0,1.15E0));
#617=LINE('',#616,#615);
#618=DIRECTION('',(0.E0,0.E0,1.E0));
#619=VECTOR('',#618,7.E-1);
#620=CARTESIAN_POINT('',(7.805045099617E-1,2.598668144332E0,1.15E0));
#621=LINE('',#620,#619);
#622=CARTESIAN_POINT('',(4.E-1,2.732339959129E0,-1.15E0));
#623=DIRECTION('',(0.E0,0.E0,1.E0));
#624=DIRECTION('',(-1.E0,0.E0,0.E0));
#625=AXIS2_PLACEMENT_3D('',#622,#623,#624);
#627=DIRECTION('',(0.E0,0.E0,1.E0));
#628=VECTOR('',#627,7.E-1);
#629=CARTESIAN_POINT('',(3.912844257252E-1,2.632720489319E0,-1.85E0));
#630=LINE('',#629,#628);
#631=CARTESIAN_POINT('',(4.E-1,2.732339959129E0,1.15E0));
#632=DIRECTION('',(0.E0,0.E0,1.E0));
#633=DIRECTION('',(-1.E0,0.E0,0.E0));
#634=AXIS2_PLACEMENT_3D('',#631,#632,#633);
#636=DIRECTION('',(0.E0,0.E0,1.E0));
#637=VECTOR('',#636,7.E-1);
#638=CARTESIAN_POINT('',(3.912844257252E-1,2.632720489319E0,1.15E0));
#639=LINE('',#638,#637);
#640=DIRECTION('',(0.E0,1.E0,0.E0));
#641=VECTOR('',#640,5.176600408714E-1);
#642=CARTESIAN_POINT('',(3.E-1,2.732339959129E0,-1.15E0));
#643=LINE('',#642,#641);
#644=DIRECTION('',(0.E0,0.E0,1.E0));
#645=VECTOR('',#644,7.E-1);
#646=CARTESIAN_POINT('',(3.E-1,2.732339959129E0,-1.85E0));
#647=LINE('',#646,#645);
#648=DIRECTION('',(0.E0,1.E0,0.E0));
#649=VECTOR('',#648,5.176600408714E-1);
#650=CARTESIAN_POINT('',(3.E-1,2.732339959129E0,1.15E0));
#651=LINE('',#650,#649);
#652=DIRECTION('',(0.E0,0.E0,1.E0));
#653=VECTOR('',#652,7.E-1);
#654=CARTESIAN_POINT('',(3.E-1,2.732339959129E0,1.15E0));
#655=LINE('',#654,#653);
#656=DIRECTION('',(-1.E0,0.E0,0.E0));
#657=VECTOR('',#656,3.E-1);
#658=CARTESIAN_POINT('',(3.E-1,3.25E0,-1.15E0));
#659=LINE('',#658,#657);
#660=DIRECTION('',(0.E0,0.E0,1.E0));
#661=VECTOR('',#660,7.E-1);
#662=CARTESIAN_POINT('',(3.E-1,3.25E0,-1.85E0));
#663=LINE('',#662,#661);
#664=DIRECTION('',(-1.E0,0.E0,0.E0));
#665=VECTOR('',#664,3.E-1);
#666=CARTESIAN_POINT('',(3.E-1,3.25E0,1.15E0));
#667=LINE('',#666,#665);
#668=DIRECTION('',(0.E0,0.E0,1.E0));
#669=VECTOR('',#668,7.E-1);
#670=CARTESIAN_POINT('',(3.E-1,3.25E0,1.15E0));
#671=LINE('',#670,#669);
#672=DIRECTION('',(0.E0,-1.E0,0.E0));
#673=VECTOR('',#672,5.176600408714E-1);
#674=CARTESIAN_POINT('',(0.E0,3.25E0,-1.15E0));
#675=LINE('',#674,#673);
#676=DIRECTION('',(0.E0,0.E0,1.E0));
#677=VECTOR('',#676,7.E-1);
#678=CARTESIAN_POINT('',(0.E0,3.25E0,-1.85E0));
#679=LINE('',#678,#677);
#680=DIRECTION('',(0.E0,-1.E0,0.E0));
#681=VECTOR('',#680,5.176600408714E-1);
#682=CARTESIAN_POINT('',(0.E0,3.25E0,1.15E0));
#683=LINE('',#682,#681);
#684=DIRECTION('',(0.E0,0.E0,1.E0));
#685=VECTOR('',#684,7.E-1);
#686=CARTESIAN_POINT('',(0.E0,3.25E0,1.15E0));
#687=LINE('',#686,#685);
#688=CARTESIAN_POINT('',(4.E-1,2.732339959129E0,-1.15E0));
#689=DIRECTION('',(0.E0,0.E0,1.E0));
#690=DIRECTION('',(-1.E0,0.E0,0.E0));
#691=AXIS2_PLACEMENT_3D('',#688,#689,#690);
#693=DIRECTION('',(0.E0,0.E0,1.E0));
#694=VECTOR('',#693,7.E-1);
#695=CARTESIAN_POINT('',(0.E0,2.732339959129E0,-1.85E0));
#696=LINE('',#695,#694);
#697=CARTESIAN_POINT('',(4.E-1,2.732339959129E0,1.15E0));
#698=DIRECTION('',(0.E0,0.E0,1.E0));
#699=DIRECTION('',(-1.E0,0.E0,0.E0));
#700=AXIS2_PLACEMENT_3D('',#697,#698,#699);
#702=DIRECTION('',(0.E0,0.E0,1.E0));
#703=VECTOR('',#702,7.E-1);
#704=CARTESIAN_POINT('',(0.E0,2.732339959129E0,1.15E0));
#705=LINE('',#704,#703);
#706=DIRECTION('',(9.961946980917E-1,-8.715574274766E-2,0.E0));
#707=VECTOR('',#706,3.907068417268E-1);
#708=CARTESIAN_POINT('',(3.651377029009E-1,2.333862079892E0,-1.15E0));
#709=LINE('',#708,#707);
#710=DIRECTION('',(0.E0,0.E0,1.E0));
#711=VECTOR('',#710,7.E-1);
#712=CARTESIAN_POINT('',(3.651377029009E-1,2.333862079892E0,-1.85E0));
#713=LINE('',#712,#711);
#714=DIRECTION('',(9.961946980917E-1,-8.715574274766E-2,0.E0));
#715=VECTOR('',#714,3.907068417268E-1);
#716=CARTESIAN_POINT('',(3.651377029009E-1,2.333862079892E0,1.15E0));
#717=LINE('',#716,#715);
#718=DIRECTION('',(0.E0,0.E0,1.E0));
#719=VECTOR('',#718,7.E-1);
#720=CARTESIAN_POINT('',(3.651377029009E-1,2.333862079892E0,1.15E0));
#721=LINE('',#720,#719);
#722=CARTESIAN_POINT('',(7.5E-1,-2.25E0,1.85E0));
#723=DIRECTION('',(0.E0,0.E0,1.E0));
#724=DIRECTION('',(8.715574274766E-2,-9.961946980917E-1,0.E0));
#725=AXIS2_PLACEMENT_3D('',#722,#723,#724);
#727=DIRECTION('',(9.961946980917E-1,8.715574274766E-2,0.E0));
#728=VECTOR('',#727,3.907068417268E-1);
#729=CARTESIAN_POINT('',(3.912844257252E-1,-2.632720489319E0,1.85E0));
#730=LINE('',#729,#728);
#731=CARTESIAN_POINT('',(4.E-1,-2.732339959129E0,1.85E0));
#732=DIRECTION('',(0.E0,0.E0,-1.E0));
#733=DIRECTION('',(-1.E0,0.E0,0.E0));
#734=AXIS2_PLACEMENT_3D('',#731,#732,#733);
#736=DIRECTION('',(0.E0,1.E0,0.E0));
#737=VECTOR('',#736,5.176600408714E-1);
#738=CARTESIAN_POINT('',(3.E-1,-3.25E0,1.85E0));
#739=LINE('',#738,#737);
#740=DIRECTION('',(1.E0,0.E0,0.E0));
#741=VECTOR('',#740,3.E-1);
#742=CARTESIAN_POINT('',(0.E0,-3.25E0,1.85E0));
#743=LINE('',#742,#741);
#744=DIRECTION('',(0.E0,-1.E0,0.E0));
#745=VECTOR('',#744,5.176600408714E-1);
#746=CARTESIAN_POINT('',(0.E0,-2.732339959129E0,1.85E0));
#747=LINE('',#746,#745);
#748=CARTESIAN_POINT('',(4.E-1,-2.732339959129E0,1.85E0));
#749=DIRECTION('',(0.E0,0.E0,1.E0));
#750=DIRECTION('',(-8.715574274768E-2,9.961946980917E-1,0.E0));
#751=AXIS2_PLACEMENT_3D('',#748,#749,#750);
#753=DIRECTION('',(-9.961946980917E-1,-8.715574274766E-2,0.E0));
#754=VECTOR('',#753,3.907068417268E-1);
#755=CARTESIAN_POINT('',(7.543577871374E-1,-2.299809734905E0,1.85E0));
#756=LINE('',#755,#754);
#757=CARTESIAN_POINT('',(7.5E-1,-2.25E0,1.85E0));
#758=DIRECTION('',(0.E0,0.E0,-1.E0));
#759=DIRECTION('',(1.E0,0.E0,0.E0));
#760=AXIS2_PLACEMENT_3D('',#757,#758,#759);
#762=CARTESIAN_POINT('',(7.5E-1,2.25E0,1.85E0));
#763=DIRECTION('',(0.E0,0.E0,-1.E0));
#764=DIRECTION('',(8.715574274768E-2,9.961946980917E-1,0.E0));
#765=AXIS2_PLACEMENT_3D('',#762,#763,#764);
#767=DIRECTION('',(9.961946980917E-1,-8.715574274766E-2,0.E0));
#768=VECTOR('',#767,3.907068417268E-1);
#769=CARTESIAN_POINT('',(3.651377029009E-1,2.333862079892E0,1.85E0));
#770=LINE('',#769,#768);
#771=CARTESIAN_POINT('',(4.E-1,2.732339959129E0,1.85E0));
#772=DIRECTION('',(0.E0,0.E0,1.E0));
#773=DIRECTION('',(-1.E0,0.E0,0.E0));
#774=AXIS2_PLACEMENT_3D('',#771,#772,#773);
#776=DIRECTION('',(0.E0,-1.E0,0.E0));
#777=VECTOR('',#776,5.176600408714E-1);
#778=CARTESIAN_POINT('',(0.E0,3.25E0,1.85E0));
#779=LINE('',#778,#777);
#780=DIRECTION('',(-1.E0,0.E0,0.E0));
#781=VECTOR('',#780,3.E-1);
#782=CARTESIAN_POINT('',(3.E-1,3.25E0,1.85E0));
#783=LINE('',#782,#781);
#784=DIRECTION('',(0.E0,1.E0,0.E0));
#785=VECTOR('',#784,5.176600408714E-1);
#786=CARTESIAN_POINT('',(3.E-1,2.732339959129E0,1.85E0));
#787=LINE('',#786,#785);
#788=CARTESIAN_POINT('',(4.E-1,2.732339959129E0,1.85E0));
#789=DIRECTION('',(0.E0,0.E0,-1.E0));
#790=DIRECTION('',(-8.715574274766E-2,-9.961946980917E-1,0.E0));
#791=AXIS2_PLACEMENT_3D('',#788,#789,#790);
#793=DIRECTION('',(-9.961946980917E-1,8.715574274766E-2,0.E0));
#794=VECTOR('',#793,3.907068417268E-1);
#795=CARTESIAN_POINT('',(7.805045099617E-1,2.598668144332E0,1.85E0));
#796=LINE('',#795,#794);
#797=CARTESIAN_POINT('',(7.5E-1,2.25E0,1.85E0));
#798=DIRECTION('',(0.E0,0.E0,1.E0));
#799=DIRECTION('',(1.E0,0.E0,0.E0));
#800=AXIS2_PLACEMENT_3D('',#797,#798,#799);
#802=CARTESIAN_POINT('',(2.6E0,1.95E0,1.95E0));
#803=DIRECTION('',(-1.E0,0.E0,0.E0));
#804=DIRECTION('',(0.E0,0.E0,1.E0));
#805=AXIS2_PLACEMENT_3D('',#802,#803,#804);
#807=CARTESIAN_POINT('',(2.61E0,1.95E0,1.95E0));
#808=DIRECTION('',(-1.E0,0.E0,0.E0));
#809=DIRECTION('',(0.E0,0.E0,1.E0));
#810=AXIS2_PLACEMENT_3D('',#807,#808,#809);
#812=DIRECTION('',(-1.E0,0.E0,0.E0));
#813=VECTOR('',#812,2.6E0);
#814=CARTESIAN_POINT('',(2.6E0,-1.95E0,2.25E0));
#815=LINE('',#814,#813);
#816=DIRECTION('',(1.E0,0.E0,0.E0));
#817=VECTOR('',#816,3.E-1);
#818=CARTESIAN_POINT('',(0.E0,-1.25E0,2.25E0));
#819=LINE('',#818,#817);
#820=DIRECTION('',(0.E0,-1.E0,0.E0));
#821=VECTOR('',#820,2.5E0);
#822=CARTESIAN_POINT('',(3.E-1,1.25E0,2.25E0));
#823=LINE('',#822,#821);
#824=DIRECTION('',(1.E0,0.E0,0.E0));
#825=VECTOR('',#824,3.E-1);
#826=CARTESIAN_POINT('',(0.E0,1.25E0,2.25E0));
#827=LINE('',#826,#825);
#828=DIRECTION('',(-1.E0,0.E0,0.E0));
#829=VECTOR('',#828,2.6E0);
#830=CARTESIAN_POINT('',(2.6E0,1.95E0,2.25E0));
#831=LINE('',#830,#829);
#832=DIRECTION('',(0.E0,-1.E0,0.E0));
#833=VECTOR('',#832,9.5E-1);
#834=CARTESIAN_POINT('',(2.61E0,1.95E0,2.25E0));
#835=LINE('',#834,#833);
#836=DIRECTION('',(-1.E0,0.E0,0.E0));
#837=VECTOR('',#836,2.9E-1);
#838=CARTESIAN_POINT('',(2.9E0,1.95E0,2.25E0));
#839=LINE('',#838,#837);
#840=DIRECTION('',(-1.E0,0.E0,0.E0));
#841=VECTOR('',#840,2.9E-1);
#842=CARTESIAN_POINT('',(2.9E0,1.E0,2.25E0));
#843=LINE('',#842,#841);
#844=DIRECTION('',(0.E0,-1.E0,0.E0));
#845=VECTOR('',#844,9.5E-1);
#846=CARTESIAN_POINT('',(2.61E0,-1.E0,2.25E0));
#847=LINE('',#846,#845);
#848=DIRECTION('',(-1.E0,0.E0,0.E0));
#849=VECTOR('',#848,2.9E-1);
#850=CARTESIAN_POINT('',(2.9E0,-1.E0,2.25E0));
#851=LINE('',#850,#849);
#852=DIRECTION('',(-1.E0,0.E0,0.E0));
#853=VECTOR('',#852,2.9E-1);
#854=CARTESIAN_POINT('',(2.9E0,-1.95E0,2.25E0));
#855=LINE('',#854,#853);
#856=DIRECTION('',(1.E0,0.E0,0.E0));
#857=VECTOR('',#856,3.E-1);
#858=CARTESIAN_POINT('',(0.E0,-1.25E0,1.25E0));
#859=LINE('',#858,#857);
#860=DIRECTION('',(0.E0,-1.E0,0.E0));
#861=VECTOR('',#860,1.E0);
#862=CARTESIAN_POINT('',(3.E-1,-1.25E0,-1.25E0));
#863=LINE('',#862,#861);
#864=DIRECTION('',(0.E0,0.E0,1.E0));
#865=VECTOR('',#864,1.E0);
#866=CARTESIAN_POINT('',(3.E-1,-1.25E0,-2.25E0));
#867=LINE('',#866,#865);
#868=DIRECTION('',(0.E0,0.E0,-1.E0));
#869=VECTOR('',#868,1.E0);
#870=CARTESIAN_POINT('',(3.E-1,1.25E0,-1.25E0));
#871=LINE('',#870,#869);
#872=DIRECTION('',(0.E0,-1.E0,0.E0));
#873=VECTOR('',#872,1.E0);
#874=CARTESIAN_POINT('',(3.E-1,2.25E0,-1.25E0));
#875=LINE('',#874,#873);
#876=DIRECTION('',(0.E0,1.E0,0.E0));
#877=VECTOR('',#876,1.E0);
#878=CARTESIAN_POINT('',(3.E-1,1.25E0,1.25E0));
#879=LINE('',#878,#877);
#880=DIRECTION('',(0.E0,0.E0,-1.E0));
#881=VECTOR('',#880,1.E0);
#882=CARTESIAN_POINT('',(3.E-1,1.25E0,2.25E0));
#883=LINE('',#882,#881);
#884=DIRECTION('',(0.E0,0.E0,1.E0));
#885=VECTOR('',#884,1.E0);
#886=CARTESIAN_POINT('',(3.E-1,-1.25E0,1.25E0));
#887=LINE('',#886,#885);
#888=DIRECTION('',(0.E0,1.E0,0.E0));
#889=VECTOR('',#888,1.E0);
#890=CARTESIAN_POINT('',(3.E-1,-2.25E0,1.25E0));
#891=LINE('',#890,#889);
#892=DIRECTION('',(1.E0,0.E0,0.E0));
#893=VECTOR('',#892,3.E-1);
#894=CARTESIAN_POINT('',(0.E0,-1.25E0,-1.25E0));
#895=LINE('',#894,#893);
#896=DIRECTION('',(-1.E0,0.E0,0.E0));
#897=VECTOR('',#896,2.6E0);
#898=CARTESIAN_POINT('',(2.6E0,1.95E0,-2.25E0));
#899=LINE('',#898,#897);
#900=DIRECTION('',(1.E0,0.E0,0.E0));
#901=VECTOR('',#900,3.E-1);
#902=CARTESIAN_POINT('',(0.E0,1.25E0,-2.25E0));
#903=LINE('',#902,#901);
#904=DIRECTION('',(0.E0,1.E0,0.E0));
#905=VECTOR('',#904,2.5E0);
#906=CARTESIAN_POINT('',(3.E-1,-1.25E0,-2.25E0));
#907=LINE('',#906,#905);
#908=DIRECTION('',(1.E0,0.E0,0.E0));
#909=VECTOR('',#908,3.E-1);
#910=CARTESIAN_POINT('',(0.E0,-1.25E0,-2.25E0));
#911=LINE('',#910,#909);
#912=DIRECTION('',(-1.E0,0.E0,0.E0));
#913=VECTOR('',#912,2.6E0);
#914=CARTESIAN_POINT('',(2.6E0,-1.95E0,-2.25E0));
#915=LINE('',#914,#913);
#916=DIRECTION('',(0.E0,1.E0,0.E0));
#917=VECTOR('',#916,9.5E-1);
#918=CARTESIAN_POINT('',(2.61E0,-1.95E0,-2.25E0));
#919=LINE('',#918,#917);
#920=DIRECTION('',(-1.E0,0.E0,0.E0));
#921=VECTOR('',#920,2.9E-1);
#922=CARTESIAN_POINT('',(2.9E0,-1.95E0,-2.25E0));
#923=LINE('',#922,#921);
#924=DIRECTION('',(-1.E0,0.E0,0.E0));
#925=VECTOR('',#924,2.9E-1);
#926=CARTESIAN_POINT('',(2.9E0,-1.E0,-2.25E0));
#927=LINE('',#926,#925);
#928=DIRECTION('',(0.E0,1.E0,0.E0));
#929=VECTOR('',#928,9.5E-1);
#930=CARTESIAN_POINT('',(2.61E0,1.E0,-2.25E0));
#931=LINE('',#930,#929);
#932=DIRECTION('',(-1.E0,0.E0,0.E0));
#933=VECTOR('',#932,2.9E-1);
#934=CARTESIAN_POINT('',(2.9E0,1.E0,-2.25E0));
#935=LINE('',#934,#933);
#936=DIRECTION('',(-1.E0,0.E0,0.E0));
#937=VECTOR('',#936,2.9E-1);
#938=CARTESIAN_POINT('',(2.9E0,1.95E0,-2.25E0));
#939=LINE('',#938,#937);
#940=CARTESIAN_POINT('',(2.6E0,1.95E0,-1.95E0));
#941=DIRECTION('',(-1.E0,0.E0,0.E0));
#942=DIRECTION('',(0.E0,1.E0,0.E0));
#943=AXIS2_PLACEMENT_3D('',#940,#941,#942);
#945=CARTESIAN_POINT('',(2.61E0,1.95E0,-1.95E0));
#946=DIRECTION('',(-1.E0,0.E0,0.E0));
#947=DIRECTION('',(0.E0,1.E0,0.E0));
#948=AXIS2_PLACEMENT_3D('',#945,#946,#947);
#950=CARTESIAN_POINT('',(2.9E0,-1.65E0,-1.65E0));
#951=DIRECTION('',(1.E0,0.E0,0.E0));
#952=DIRECTION('',(0.E0,-1.E0,0.E0));
#953=AXIS2_PLACEMENT_3D('',#950,#951,#952);
#955=CARTESIAN_POINT('',(2.9E0,-1.65E0,-1.65E0));
#956=DIRECTION('',(1.E0,0.E0,0.E0));
#957=DIRECTION('',(0.E0,1.E0,0.E0));
#958=AXIS2_PLACEMENT_3D('',#955,#956,#957);
#960=CARTESIAN_POINT('',(2.9E0,1.65E0,-1.65E0));
#961=DIRECTION('',(1.E0,0.E0,0.E0));
#962=DIRECTION('',(0.E0,-1.E0,0.E0));
#963=AXIS2_PLACEMENT_3D('',#960,#961,#962);
#965=CARTESIAN_POINT('',(2.9E0,1.65E0,-1.65E0));
#966=DIRECTION('',(1.E0,0.E0,0.E0));
#967=DIRECTION('',(0.E0,1.E0,0.E0));
#968=AXIS2_PLACEMENT_3D('',#965,#966,#967);
#970=CARTESIAN_POINT('',(2.9E0,1.65E0,1.65E0));
#971=DIRECTION('',(1.E0,0.E0,0.E0));
#972=DIRECTION('',(0.E0,-1.E0,0.E0));
#973=AXIS2_PLACEMENT_3D('',#970,#971,#972);
#975=CARTESIAN_POINT('',(2.9E0,1.65E0,1.65E0));
#976=DIRECTION('',(1.E0,0.E0,0.E0));
#977=DIRECTION('',(0.E0,1.E0,0.E0));
#978=AXIS2_PLACEMENT_3D('',#975,#976,#977);
#980=CARTESIAN_POINT('',(2.9E0,-1.65E0,1.65E0));
#981=DIRECTION('',(1.E0,0.E0,0.E0));
#982=DIRECTION('',(0.E0,-1.E0,0.E0));
#983=AXIS2_PLACEMENT_3D('',#980,#981,#982);
#985=CARTESIAN_POINT('',(2.9E0,-1.65E0,1.65E0));
#986=DIRECTION('',(1.E0,0.E0,0.E0));
#987=DIRECTION('',(0.E0,1.E0,0.E0));
#988=AXIS2_PLACEMENT_3D('',#985,#986,#987);
#990=CARTESIAN_POINT('',(2.9E0,0.E0,0.E0));
#991=DIRECTION('',(1.E0,0.E0,0.E0));
#992=DIRECTION('',(0.E0,0.E0,-1.E0));
#993=AXIS2_PLACEMENT_3D('',#990,#991,#992);
#995=CARTESIAN_POINT('',(2.9E0,0.E0,0.E0));
#996=DIRECTION('',(1.E0,0.E0,0.E0));
#997=DIRECTION('',(0.E0,0.E0,1.E0));
#998=AXIS2_PLACEMENT_3D('',#995,#996,#997);
#1000=CARTESIAN_POINT('',(2.9E0,-1.95E0,1.95E0));
#1001=DIRECTION('',(1.E0,0.E0,0.E0));
#1002=DIRECTION('',(0.E0,0.E0,1.E0));
#1003=AXIS2_PLACEMENT_3D('',#1000,#1001,#1002);
#1005=DIRECTION('',(0.E0,-1.E0,0.E0));
#1006=VECTOR('',#1005,9.5E-1);
#1007=CARTESIAN_POINT('',(2.9E0,-1.E0,2.25E0));
#1008=LINE('',#1007,#1006);
#1009=DIRECTION('',(0.E0,0.E0,-1.E0));
#1010=VECTOR('',#1009,2.E-1);
#1011=CARTESIAN_POINT('',(2.9E0,-1.E0,2.25E0));
#1012=LINE('',#1011,#1010);
#1013=DIRECTION('',(0.E0,1.E0,0.E0));
#1014=VECTOR('',#1013,2.E0);
#1015=CARTESIAN_POINT('',(2.9E0,-1.E0,2.05E0));
#1016=LINE('',#1015,#1014);
#1017=DIRECTION('',(0.E0,0.E0,-1.E0));
#1018=VECTOR('',#1017,2.E-1);
#1019=CARTESIAN_POINT('',(2.9E0,1.E0,2.25E0));
#1020=LINE('',#1019,#1018);
#1021=DIRECTION('',(0.E0,-1.E0,0.E0));
#1022=VECTOR('',#1021,9.5E-1);
#1023=CARTESIAN_POINT('',(2.9E0,1.95E0,2.25E0));
#1024=LINE('',#1023,#1022);
#1025=CARTESIAN_POINT('',(2.9E0,1.95E0,1.95E0));
#1026=DIRECTION('',(1.E0,0.E0,0.E0));
#1027=DIRECTION('',(0.E0,1.E0,0.E0));
#1028=AXIS2_PLACEMENT_3D('',#1025,#1026,#1027);
#1030=DIRECTION('',(0.E0,0.E0,1.E0));
#1031=VECTOR('',#1030,9.5E-1);
#1032=CARTESIAN_POINT('',(2.9E0,2.25E0,1.E0));
#1033=LINE('',#1032,#1031);
#1034=DIRECTION('',(0.E0,-1.E0,0.E0));
#1035=VECTOR('',#1034,2.E-1);
#1036=CARTESIAN_POINT('',(2.9E0,2.25E0,1.E0));
#1037=LINE('',#1036,#1035);
#1038=DIRECTION('',(0.E0,0.E0,-1.E0));
#1039=VECTOR('',#1038,2.E0);
#1040=CARTESIAN_POINT('',(2.9E0,2.05E0,1.E0));
#1041=LINE('',#1040,#1039);
#1042=DIRECTION('',(0.E0,-1.E0,0.E0));
#1043=VECTOR('',#1042,2.E-1);
#1044=CARTESIAN_POINT('',(2.9E0,2.25E0,-1.E0));
#1045=LINE('',#1044,#1043);
#1046=DIRECTION('',(0.E0,0.E0,1.E0));
#1047=VECTOR('',#1046,9.5E-1);
#1048=CARTESIAN_POINT('',(2.9E0,2.25E0,-1.95E0));
#1049=LINE('',#1048,#1047);
#1050=CARTESIAN_POINT('',(2.9E0,1.95E0,-1.95E0));
#1051=DIRECTION('',(1.E0,0.E0,0.E0));
#1052=DIRECTION('',(0.E0,0.E0,-1.E0));
#1053=AXIS2_PLACEMENT_3D('',#1050,#1051,#1052);
#1055=DIRECTION('',(0.E0,1.E0,0.E0));
#1056=VECTOR('',#1055,9.5E-1);
#1057=CARTESIAN_POINT('',(2.9E0,1.E0,-2.25E0));
#1058=LINE('',#1057,#1056);
#1059=DIRECTION('',(0.E0,0.E0,1.E0));
#1060=VECTOR('',#1059,2.E-1);
#1061=CARTESIAN_POINT('',(2.9E0,1.E0,-2.25E0));
#1062=LINE('',#1061,#1060);
#1063=DIRECTION('',(0.E0,-1.E0,0.E0));
#1064=VECTOR('',#1063,2.E0);
#1065=CARTESIAN_POINT('',(2.9E0,1.E0,-2.05E0));
#1066=LINE('',#1065,#1064);
#1067=DIRECTION('',(0.E0,0.E0,1.E0));
#1068=VECTOR('',#1067,2.E-1);
#1069=CARTESIAN_POINT('',(2.9E0,-1.E0,-2.25E0));
#1070=LINE('',#1069,#1068);
#1071=DIRECTION('',(0.E0,1.E0,0.E0));
#1072=VECTOR('',#1071,9.5E-1);
#1073=CARTESIAN_POINT('',(2.9E0,-1.95E0,-2.25E0));
#1074=LINE('',#1073,#1072);
#1075=CARTESIAN_POINT('',(2.9E0,-1.95E0,-1.95E0));
#1076=DIRECTION('',(1.E0,0.E0,0.E0));
#1077=DIRECTION('',(0.E0,-1.E0,0.E0));
#1078=AXIS2_PLACEMENT_3D('',#1075,#1076,#1077);
#1080=DIRECTION('',(0.E0,0.E0,-1.E0));
#1081=VECTOR('',#1080,9.5E-1);
#1082=CARTESIAN_POINT('',(2.9E0,-2.25E0,-1.E0));
#1083=LINE('',#1082,#1081);
#1084=DIRECTION('',(0.E0,1.E0,0.E0));
#1085=VECTOR('',#1084,2.E-1);
#1086=CARTESIAN_POINT('',(2.9E0,-2.25E0,-1.E0));
#1087=LINE('',#1086,#1085);
#1088=DIRECTION('',(0.E0,0.E0,1.E0));
#1089=VECTOR('',#1088,2.E0);
#1090=CARTESIAN_POINT('',(2.9E0,-2.05E0,-1.E0));
#1091=LINE('',#1090,#1089);
#1092=DIRECTION('',(0.E0,1.E0,0.E0));
#1093=VECTOR('',#1092,2.E-1);
#1094=CARTESIAN_POINT('',(2.9E0,-2.25E0,1.E0));
#1095=LINE('',#1094,#1093);
#1096=DIRECTION('',(0.E0,0.E0,-1.E0));
#1097=VECTOR('',#1096,9.5E-1);
#1098=CARTESIAN_POINT('',(2.9E0,-2.25E0,1.95E0));
#1099=LINE('',#1098,#1097);
#1100=CARTESIAN_POINT('',(2.95E0,-1.65E0,-1.65E0));
#1101=DIRECTION('',(1.E0,0.E0,0.E0));
#1102=DIRECTION('',(0.E0,-1.E0,0.E0));
#1103=AXIS2_PLACEMENT_3D('',#1100,#1101,#1102);
#1105=DIRECTION('',(1.E0,0.E0,1.599098631289E-9));
#1106=VECTOR('',#1105,5.E-2);
#1107=CARTESIAN_POINT('',(2.9E0,-2.E0,-1.65E0));
#1108=LINE('',#1107,#1106);
#1109=CARTESIAN_POINT('',(2.95E0,-1.75E0,-1.65E0));
#1110=DIRECTION('',(0.E0,0.E0,-1.E0));
#1111=DIRECTION('',(1.E0,0.E0,0.E0));
#1112=AXIS2_PLACEMENT_3D('',#1109,#1110,#1111);
#1114=CARTESIAN_POINT('',(3.2E0,-1.65E0,-1.65E0));
#1115=DIRECTION('',(1.E0,0.E0,0.E0));
#1116=DIRECTION('',(0.E0,-1.E0,0.E0));
#1117=AXIS2_PLACEMENT_3D('',#1114,#1115,#1116);
#1119=CARTESIAN_POINT('',(3.2E0,-1.65E0,-1.65E0));
#1120=DIRECTION('',(1.E0,0.E0,0.E0));
#1121=DIRECTION('',(0.E0,1.E0,0.E0));
#1122=AXIS2_PLACEMENT_3D('',#1119,#1120,#1121);
#1124=CARTESIAN_POINT('',(3.2E0,-1.65E0,1.65E0));
#1125=DIRECTION('',(1.E0,0.E0,0.E0));
#1126=DIRECTION('',(0.E0,-1.E0,0.E0));
#1127=AXIS2_PLACEMENT_3D('',#1124,#1125,#1126);
#1129=CARTESIAN_POINT('',(3.2E0,-1.65E0,1.65E0));
#1130=DIRECTION('',(1.E0,0.E0,0.E0));
#1131=DIRECTION('',(0.E0,1.E0,0.E0));
#1132=AXIS2_PLACEMENT_3D('',#1129,#1130,#1131);
#1134=CARTESIAN_POINT('',(3.2E0,1.65E0,1.65E0));
#1135=DIRECTION('',(1.E0,0.E0,0.E0));
#1136=DIRECTION('',(0.E0,-1.E0,0.E0));
#1137=AXIS2_PLACEMENT_3D('',#1134,#1135,#1136);
#1139=CARTESIAN_POINT('',(3.2E0,1.65E0,1.65E0));
#1140=DIRECTION('',(1.E0,0.E0,0.E0));
#1141=DIRECTION('',(0.E0,1.E0,0.E0));
#1142=AXIS2_PLACEMENT_3D('',#1139,#1140,#1141);
#1144=CARTESIAN_POINT('',(3.2E0,1.65E0,-1.65E0));
#1145=DIRECTION('',(1.E0,0.E0,0.E0));
#1146=DIRECTION('',(0.E0,-1.E0,0.E0));
#1147=AXIS2_PLACEMENT_3D('',#1144,#1145,#1146);
#1149=CARTESIAN_POINT('',(3.2E0,1.65E0,-1.65E0));
#1150=DIRECTION('',(1.E0,0.E0,0.E0));
#1151=DIRECTION('',(0.E0,1.E0,0.E0));
#1152=AXIS2_PLACEMENT_3D('',#1149,#1150,#1151);
#1154=CARTESIAN_POINT('',(2.95E0,-1.55E0,-1.65E0));
#1155=DIRECTION('',(0.E0,0.E0,1.E0));
#1156=DIRECTION('',(1.E0,0.E0,0.E0));
#1157=AXIS2_PLACEMENT_3D('',#1154,#1155,#1156);
#1159=CARTESIAN_POINT('',(2.95E0,-1.65E0,-1.65E0));
#1160=DIRECTION('',(1.E0,0.E0,0.E0));
#1161=DIRECTION('',(0.E0,1.E0,0.E0));
#1162=AXIS2_PLACEMENT_3D('',#1159,#1160,#1161);
#1164=DIRECTION('',(1.E0,0.E0,-1.599103072181E-9));
#1165=VECTOR('',#1164,5.E-2);
#1166=CARTESIAN_POINT('',(2.9E0,-1.3E0,-1.65E0));
#1167=LINE('',#1166,#1165);
#1168=CARTESIAN_POINT('',(2.95E0,-1.75E0,1.65E0));
#1169=DIRECTION('',(0.E0,0.E0,-1.E0));
#1170=DIRECTION('',(1.E0,0.E0,0.E0));
#1171=AXIS2_PLACEMENT_3D('',#1168,#1169,#1170);
#1173=CARTESIAN_POINT('',(2.95E0,-1.55E0,1.65E0));
#1174=DIRECTION('',(0.E0,0.E0,1.E0));
#1175=DIRECTION('',(1.E0,0.E0,0.E0));
#1176=AXIS2_PLACEMENT_3D('',#1173,#1174,#1175);
#1178=CARTESIAN_POINT('',(2.95E0,-1.65E0,1.65E0));
#1179=DIRECTION('',(1.E0,0.E0,0.E0));
#1180=DIRECTION('',(0.E0,1.E0,0.E0));
#1181=AXIS2_PLACEMENT_3D('',#1178,#1179,#1180);
#1183=DIRECTION('',(1.E0,0.E0,-1.599098631289E-9));
#1184=VECTOR('',#1183,5.E-2);
#1185=CARTESIAN_POINT('',(2.9E0,-1.3E0,1.65E0));
#1186=LINE('',#1185,#1184);
#1187=CARTESIAN_POINT('',(2.95E0,-1.65E0,1.65E0));
#1188=DIRECTION('',(1.E0,0.E0,0.E0));
#1189=DIRECTION('',(0.E0,-1.E0,0.E0));
#1190=AXIS2_PLACEMENT_3D('',#1187,#1188,#1189);
#1192=DIRECTION('',(1.E0,0.E0,1.599103072181E-9));
#1193=VECTOR('',#1192,5.E-2);
#1194=CARTESIAN_POINT('',(2.9E0,-2.E0,1.65E0));
#1195=LINE('',#1194,#1193);
#1196=CARTESIAN_POINT('',(2.95E0,1.55E0,1.65E0));
#1197=DIRECTION('',(0.E0,0.E0,-1.E0));
#1198=DIRECTION('',(1.E0,0.E0,0.E0));
#1199=AXIS2_PLACEMENT_3D('',#1196,#1197,#1198);
#1201=CARTESIAN_POINT('',(2.95E0,1.75E0,1.65E0));
#1202=DIRECTION('',(0.E0,0.E0,1.E0));
#1203=DIRECTION('',(1.E0,0.E0,0.E0));
#1204=AXIS2_PLACEMENT_3D('',#1201,#1202,#1203);
#1206=CARTESIAN_POINT('',(2.95E0,1.65E0,1.65E0));
#1207=DIRECTION('',(1.E0,0.E0,0.E0));
#1208=DIRECTION('',(0.E0,1.E0,0.E0));
#1209=AXIS2_PLACEMENT_3D('',#1206,#1207,#1208);
#1211=DIRECTION('',(1.E0,0.E0,-1.599098631289E-9));
#1212=VECTOR('',#1211,5.E-2);
#1213=CARTESIAN_POINT('',(2.9E0,2.E0,1.65E0));
#1214=LINE('',#1213,#1212);
#1215=CARTESIAN_POINT('',(2.95E0,1.65E0,1.65E0));
#1216=DIRECTION('',(1.E0,0.E0,0.E0));
#1217=DIRECTION('',(0.E0,-1.E0,0.E0));
#1218=AXIS2_PLACEMENT_3D('',#1215,#1216,#1217);
#1220=DIRECTION('',(1.E0,0.E0,1.599103072181E-9));
#1221=VECTOR('',#1220,5.E-2);
#1222=CARTESIAN_POINT('',(2.9E0,1.3E0,1.65E0));
#1223=LINE('',#1222,#1221);
#1224=CARTESIAN_POINT('',(2.95E0,1.55E0,-1.65E0));
#1225=DIRECTION('',(0.E0,0.E0,-1.E0));
#1226=DIRECTION('',(1.E0,0.E0,0.E0));
#1227=AXIS2_PLACEMENT_3D('',#1224,#1225,#1226);
#1229=CARTESIAN_POINT('',(2.95E0,1.75E0,-1.65E0));
#1230=DIRECTION('',(0.E0,0.E0,1.E0));
#1231=DIRECTION('',(1.E0,0.E0,0.E0));
#1232=AXIS2_PLACEMENT_3D('',#1229,#1230,#1231);
#1234=CARTESIAN_POINT('',(2.95E0,1.65E0,-1.65E0));
#1235=DIRECTION('',(1.E0,0.E0,0.E0));
#1236=DIRECTION('',(0.E0,1.E0,0.E0));
#1237=AXIS2_PLACEMENT_3D('',#1234,#1235,#1236);
#1239=DIRECTION('',(1.E0,0.E0,-1.599103072181E-9));
#1240=VECTOR('',#1239,5.E-2);
#1241=CARTESIAN_POINT('',(2.9E0,2.E0,-1.65E0));
#1242=LINE('',#1241,#1240);
#1243=CARTESIAN_POINT('',(2.95E0,1.65E0,-1.65E0));
#1244=DIRECTION('',(1.E0,0.E0,0.E0));
#1245=DIRECTION('',(0.E0,-1.E0,0.E0));
#1246=AXIS2_PLACEMENT_3D('',#1243,#1244,#1245);
#1248=DIRECTION('',(1.E0,0.E0,1.599098631289E-9));
#1249=VECTOR('',#1248,5.E-2);
#1250=CARTESIAN_POINT('',(2.9E0,1.3E0,-1.65E0));
#1251=LINE('',#1250,#1249);
#1252=DIRECTION('',(-1.E0,0.E0,0.E0));
#1253=VECTOR('',#1252,3.E-1);
#1254=CARTESIAN_POINT('',(2.9E0,0.E0,-1.2E0));
#1255=LINE('',#1254,#1253);
#1256=DIRECTION('',(-1.E0,0.E0,0.E0));
#1257=VECTOR('',#1256,3.E-1);
#1258=CARTESIAN_POINT('',(2.9E0,0.E0,1.2E0));
#1259=LINE('',#1258,#1257);
#1260=CARTESIAN_POINT('',(2.6E0,0.E0,0.E0));
#1261=DIRECTION('',(1.E0,0.E0,0.E0));
#1262=DIRECTION('',(0.E0,0.E0,1.E0));
#1263=AXIS2_PLACEMENT_3D('',#1260,#1261,#1262);
#1265=CARTESIAN_POINT('',(2.6E0,0.E0,0.E0));
#1266=DIRECTION('',(1.E0,0.E0,0.E0));
#1267=DIRECTION('',(0.E0,0.E0,-1.E0));
#1268=AXIS2_PLACEMENT_3D('',#1265,#1266,#1267);
#1270=CARTESIAN_POINT('',(2.6E0,0.E0,0.E0));
#1271=DIRECTION('',(-1.E0,0.E0,0.E0));
#1272=DIRECTION('',(0.E0,0.E0,1.E0));
#1273=AXIS2_PLACEMENT_3D('',#1270,#1271,#1272);
#1275=CARTESIAN_POINT('',(2.6E0,0.E0,0.E0));
#1276=DIRECTION('',(-1.E0,0.E0,0.E0));
#1277=DIRECTION('',(0.E0,0.E0,-1.E0));
#1278=AXIS2_PLACEMENT_3D('',#1275,#1276,#1277);
#1280=CARTESIAN_POINT('',(3.6E0,0.E0,0.E0));
#1281=DIRECTION('',(1.E0,0.E0,0.E0));
#1282=DIRECTION('',(0.E0,-1.E0,0.E0));
#1283=AXIS2_PLACEMENT_3D('',#1280,#1281,#1282);
#1285=CARTESIAN_POINT('',(2.9E0,0.E0,0.E0));
#1286=DIRECTION('',(1.E0,0.E0,0.E0));
#1287=DIRECTION('',(0.E0,0.E0,-1.E0));
#1288=AXIS2_PLACEMENT_3D('',#1285,#1286,#1287);
#1290=DIRECTION('',(-1.E0,0.E0,0.E0));
#1291=VECTOR('',#1290,3.E-1);
#1292=CARTESIAN_POINT('',(2.9E0,0.E0,-1.15E0));
#1293=LINE('',#1292,#1291);
#1294=DIRECTION('',(-1.E0,0.E0,1.203769342077E-12));
#1295=VECTOR('',#1294,7.E-1);
#1296=CARTESIAN_POINT('',(3.6E0,-1.15E0,-8.424977050720E-13));
#1297=LINE('',#1296,#1295);
#1298=CARTESIAN_POINT('',(3.6E0,-9.5E-1,0.E0));
#1299=DIRECTION('',(0.E0,0.E0,-1.E0));
#1300=DIRECTION('',(1.E0,0.E0,0.E0));
#1301=AXIS2_PLACEMENT_3D('',#1298,#1299,#1300);
#1303=CARTESIAN_POINT('',(3.8E0,0.E0,0.E0));
#1304=DIRECTION('',(1.E0,0.E0,0.E0));
#1305=DIRECTION('',(0.E0,-1.E0,0.E0));
#1306=AXIS2_PLACEMENT_3D('',#1303,#1304,#1305);
#1308=CARTESIAN_POINT('',(3.8E0,0.E0,0.E0));
#1309=DIRECTION('',(1.E0,0.E0,0.E0));
#1310=DIRECTION('',(0.E0,1.E0,0.E0));
#1311=AXIS2_PLACEMENT_3D('',#1308,#1309,#1310);
#1313=CARTESIAN_POINT('',(3.6E0,9.5E-1,0.E0));
#1314=DIRECTION('',(0.E0,0.E0,1.E0));
#1315=DIRECTION('',(1.E0,0.E0,0.E0));
#1316=AXIS2_PLACEMENT_3D('',#1313,#1314,#1315);
#1318=CARTESIAN_POINT('',(3.6E0,0.E0,0.E0));
#1319=DIRECTION('',(1.E0,0.E0,0.E0));
#1320=DIRECTION('',(0.E0,1.E0,0.E0));
#1321=AXIS2_PLACEMENT_3D('',#1318,#1319,#1320);
#1323=CARTESIAN_POINT('',(2.9E0,0.E0,0.E0));
#1324=DIRECTION('',(1.E0,0.E0,0.E0));
#1325=DIRECTION('',(0.E0,0.E0,1.E0));
#1326=AXIS2_PLACEMENT_3D('',#1323,#1324,#1325);
#1328=DIRECTION('',(-1.E0,0.E0,0.E0));
#1329=VECTOR('',#1328,3.E-1);
#1330=CARTESIAN_POINT('',(2.9E0,0.E0,1.15E0));
#1331=LINE('',#1330,#1329);
#1332=DIRECTION('',(-1.E0,0.E0,-1.204001786035E-12));
#1333=VECTOR('',#1332,7.E-1);
#1334=CARTESIAN_POINT('',(3.6E0,1.15E0,8.426604158429E-13));
#1335=LINE('',#1334,#1333);
#1336=DIRECTION('',(0.E0,0.E0,-1.E0));
#1337=VECTOR('',#1336,2.E-1);
#1338=CARTESIAN_POINT('',(2.61E0,-1.E0,2.25E0));
#1339=LINE('',#1338,#1337);
#1340=DIRECTION('',(0.E0,1.E0,0.E0));
#1341=VECTOR('',#1340,2.E0);
#1342=CARTESIAN_POINT('',(2.61E0,-1.E0,2.05E0));
#1343=LINE('',#1342,#1341);
#1344=DIRECTION('',(-1.E0,0.E0,0.E0));
#1345=VECTOR('',#1344,2.9E-1);
#1346=CARTESIAN_POINT('',(2.9E0,-1.E0,2.05E0));
#1347=LINE('',#1346,#1345);
#1348=DIRECTION('',(0.E0,0.E0,1.E0));
#1349=VECTOR('',#1348,2.E-1);
#1350=CARTESIAN_POINT('',(2.61E0,1.E0,2.05E0));
#1351=LINE('',#1350,#1349);
#1352=DIRECTION('',(-1.E0,0.E0,0.E0));
#1353=VECTOR('',#1352,2.9E-1);
#1354=CARTESIAN_POINT('',(2.9E0,1.E0,2.05E0));
#1355=LINE('',#1354,#1353);
#1356=DIRECTION('',(0.E0,-1.E0,0.E0));
#1357=VECTOR('',#1356,2.E-1);
#1358=CARTESIAN_POINT('',(2.61E0,2.25E0,1.E0));
#1359=LINE('',#1358,#1357);
#1360=DIRECTION('',(0.E0,0.E0,-1.E0));
#1361=VECTOR('',#1360,2.E0);
#1362=CARTESIAN_POINT('',(2.61E0,2.05E0,1.E0));
#1363=LINE('',#1362,#1361);
#1364=DIRECTION('',(-1.E0,0.E0,0.E0));
#1365=VECTOR('',#1364,2.9E-1);
#1366=CARTESIAN_POINT('',(2.9E0,2.05E0,1.E0));
#1367=LINE('',#1366,#1365);
#1368=DIRECTION('',(0.E0,1.E0,0.E0));
#1369=VECTOR('',#1368,2.E-1);
#1370=CARTESIAN_POINT('',(2.61E0,2.05E0,-1.E0));
#1371=LINE('',#1370,#1369);
#1372=DIRECTION('',(-1.E0,0.E0,0.E0));
#1373=VECTOR('',#1372,2.9E-1);
#1374=CARTESIAN_POINT('',(2.9E0,2.05E0,-1.E0));
#1375=LINE('',#1374,#1373);
#1376=DIRECTION('',(0.E0,0.E0,1.E0));
#1377=VECTOR('',#1376,2.E-1);
#1378=CARTESIAN_POINT('',(2.61E0,1.E0,-2.25E0));
#1379=LINE('',#1378,#1377);
#1380=DIRECTION('',(0.E0,-1.E0,0.E0));
#1381=VECTOR('',#1380,2.E0);
#1382=CARTESIAN_POINT('',(2.61E0,1.E0,-2.05E0));
#1383=LINE('',#1382,#1381);
#1384=DIRECTION('',(-1.E0,0.E0,0.E0));
#1385=VECTOR('',#1384,2.9E-1);
#1386=CARTESIAN_POINT('',(2.9E0,1.E0,-2.05E0));
#1387=LINE('',#1386,#1385);
#1388=DIRECTION('',(0.E0,0.E0,-1.E0));
#1389=VECTOR('',#1388,2.E-1);
#1390=CARTESIAN_POINT('',(2.61E0,-1.E0,-2.05E0));
#1391=LINE('',#1390,#1389);
#1392=DIRECTION('',(-1.E0,0.E0,0.E0));
#1393=VECTOR('',#1392,2.9E-1);
#1394=CARTESIAN_POINT('',(2.9E0,-1.E0,-2.05E0));
#1395=LINE('',#1394,#1393);
#1396=CARTESIAN_POINT('',(2.6E0,-1.95E0,-1.95E0));
#1397=DIRECTION('',(-1.E0,0.E0,0.E0));
#1398=DIRECTION('',(0.E0,0.E0,-1.E0));
#1399=AXIS2_PLACEMENT_3D('',#1396,#1397,#1398);
#1401=CARTESIAN_POINT('',(2.61E0,-1.95E0,-1.95E0));
#1402=DIRECTION('',(-1.E0,0.E0,0.E0));
#1403=DIRECTION('',(0.E0,0.E0,-1.E0));
#1404=AXIS2_PLACEMENT_3D('',#1401,#1402,#1403);
#1406=DIRECTION('',(0.E0,1.E0,0.E0));
#1407=VECTOR('',#1406,2.E-1);
#1408=CARTESIAN_POINT('',(2.61E0,-2.25E0,-1.E0));
#1409=LINE('',#1408,#1407);
#1410=DIRECTION('',(0.E0,0.E0,1.E0));
#1411=VECTOR('',#1410,2.E0);
#1412=CARTESIAN_POINT('',(2.61E0,-2.05E0,-1.E0));
#1413=LINE('',#1412,#1411);
#1414=DIRECTION('',(-1.E0,0.E0,0.E0));
#1415=VECTOR('',#1414,2.9E-1);
#1416=CARTESIAN_POINT('',(2.9E0,-2.05E0,-1.E0));
#1417=LINE('',#1416,#1415);
#1418=DIRECTION('',(1.E0,0.E0,0.E0));
#1419=VECTOR('',#1418,3.E-1);
#1420=CARTESIAN_POINT('',(0.E0,1.25E0,-1.25E0));
#1421=LINE('',#1420,#1419);
#1422=DIRECTION('',(1.E0,0.E0,0.E0));
#1423=VECTOR('',#1422,3.E-1);
#1424=CARTESIAN_POINT('',(0.E0,1.25E0,1.25E0));
#1425=LINE('',#1424,#1423);
#1426=DIRECTION('',(1.E0,0.E0,0.E0));
#1427=VECTOR('',#1426,3.E-1);
#1428=CARTESIAN_POINT('',(8.E-1,-2.25E0,1.15E0));
#1429=LINE('',#1428,#1427);
#1430=CARTESIAN_POINT('',(0.E0,1.25E0,2.25E0));
#1431=CARTESIAN_POINT('',(0.E0,1.25E0,1.25E0));
#1432=VERTEX_POINT('',#1430);
#1433=VERTEX_POINT('',#1431);
#1434=CARTESIAN_POINT('',(0.E0,2.25E0,1.25E0));
#1435=VERTEX_POINT('',#1434);
#1436=CARTESIAN_POINT('',(0.E0,-2.25E0,1.25E0));
#1437=CARTESIAN_POINT('',(0.E0,-1.25E0,1.25E0));
#1438=VERTEX_POINT('',#1436);
#1439=VERTEX_POINT('',#1437);
#1440=CARTESIAN_POINT('',(0.E0,-1.25E0,2.25E0));
#1441=VERTEX_POINT('',#1440);
#1442=CARTESIAN_POINT('',(0.E0,-1.25E0,-2.25E0));
#1443=CARTESIAN_POINT('',(0.E0,-1.25E0,-1.25E0));
#1444=VERTEX_POINT('',#1442);
#1445=VERTEX_POINT('',#1443);
#1446=CARTESIAN_POINT('',(0.E0,-2.25E0,-1.25E0));
#1447=VERTEX_POINT('',#1446);
#1448=CARTESIAN_POINT('',(0.E0,2.25E0,-1.25E0));
#1449=CARTESIAN_POINT('',(0.E0,1.25E0,-1.25E0));
#1450=VERTEX_POINT('',#1448);
#1451=VERTEX_POINT('',#1449);
#1452=CARTESIAN_POINT('',(0.E0,1.25E0,-2.25E0));
#1453=VERTEX_POINT('',#1452);
#1454=CARTESIAN_POINT('',(3.E-1,-2.25E0,1.25E0));
#1455=CARTESIAN_POINT('',(3.E-1,-2.25E0,-1.25E0));
#1456=VERTEX_POINT('',#1454);
#1457=VERTEX_POINT('',#1455);
#1458=CARTESIAN_POINT('',(3.E-1,-1.25E0,-2.25E0));
#1459=CARTESIAN_POINT('',(3.E-1,1.25E0,-2.25E0));
#1460=VERTEX_POINT('',#1458);
#1461=VERTEX_POINT('',#1459);
#1462=CARTESIAN_POINT('',(3.E-1,2.25E0,-1.25E0));
#1463=CARTESIAN_POINT('',(3.E-1,2.25E0,1.25E0));
#1464=VERTEX_POINT('',#1462);
#1465=VERTEX_POINT('',#1463);
#1466=CARTESIAN_POINT('',(3.E-1,1.25E0,2.25E0));
#1467=CARTESIAN_POINT('',(3.E-1,-1.25E0,2.25E0));
#1468=VERTEX_POINT('',#1466);
#1469=VERTEX_POINT('',#1467);
#1470=CARTESIAN_POINT('',(3.E-1,1.25E0,1.25E0));
#1471=VERTEX_POINT('',#1470);
#1472=CARTESIAN_POINT('',(3.E-1,-1.25E0,1.25E0));
#1473=VERTEX_POINT('',#1472);
#1474=CARTESIAN_POINT('',(3.E-1,-1.25E0,-1.25E0));
#1475=VERTEX_POINT('',#1474);
#1476=CARTESIAN_POINT('',(3.E-1,1.25E0,-1.25E0));
#1477=VERTEX_POINT('',#1476);
#1478=CARTESIAN_POINT('',(2.9E0,-2.25E0,-1.E0));
#1479=CARTESIAN_POINT('',(2.9E0,-2.05E0,-1.E0));
#1480=VERTEX_POINT('',#1478);
#1481=VERTEX_POINT('',#1479);
#1482=CARTESIAN_POINT('',(2.9E0,-2.05E0,1.E0));
#1483=VERTEX_POINT('',#1482);
#1484=CARTESIAN_POINT('',(2.9E0,-2.25E0,1.E0));
#1485=VERTEX_POINT('',#1484);
#1486=CARTESIAN_POINT('',(2.9E0,-1.E0,2.25E0));
#1487=CARTESIAN_POINT('',(2.9E0,-1.E0,2.05E0));
#1488=VERTEX_POINT('',#1486);
#1489=VERTEX_POINT('',#1487);
#1490=CARTESIAN_POINT('',(2.9E0,1.E0,2.05E0));
#1491=VERTEX_POINT('',#1490);
#1492=CARTESIAN_POINT('',(2.9E0,1.E0,2.25E0));
#1493=VERTEX_POINT('',#1492);
#1494=CARTESIAN_POINT('',(2.9E0,2.25E0,1.E0));
#1495=CARTESIAN_POINT('',(2.9E0,2.05E0,1.E0));
#1496=VERTEX_POINT('',#1494);
#1497=VERTEX_POINT('',#1495);
#1498=CARTESIAN_POINT('',(2.9E0,2.05E0,-1.E0));
#1499=VERTEX_POINT('',#1498);
#1500=CARTESIAN_POINT('',(2.9E0,2.25E0,-1.E0));
#1501=VERTEX_POINT('',#1500);
#1502=CARTESIAN_POINT('',(2.9E0,1.E0,-2.25E0));
#1503=CARTESIAN_POINT('',(2.9E0,1.E0,-2.05E0));
#1504=VERTEX_POINT('',#1502);
#1505=VERTEX_POINT('',#1503);
#1506=CARTESIAN_POINT('',(2.9E0,-1.E0,-2.05E0));
#1507=VERTEX_POINT('',#1506);
#1508=CARTESIAN_POINT('',(2.9E0,-1.E0,-2.25E0));
#1509=VERTEX_POINT('',#1508);
#1510=CARTESIAN_POINT('',(7.543577871374E-1,-2.299809734905E0,-1.85E0));
#1511=CARTESIAN_POINT('',(3.651377029009E-1,-2.333862079892E0,-1.85E0));
#1512=VERTEX_POINT('',#1510);
#1513=VERTEX_POINT('',#1511);
#1514=CARTESIAN_POINT('',(0.E0,-2.732339959129E0,-1.85E0));
#1515=VERTEX_POINT('',#1514);
#1516=CARTESIAN_POINT('',(0.E0,-3.25E0,-1.85E0));
#1517=VERTEX_POINT('',#1516);
#1518=CARTESIAN_POINT('',(3.E-1,-3.25E0,-1.85E0));
#1519=VERTEX_POINT('',#1518);
#1520=CARTESIAN_POINT('',(3.E-1,-2.732339959129E0,-1.85E0));
#1521=VERTEX_POINT('',#1520);
#1522=CARTESIAN_POINT('',(3.912844257252E-1,-2.632720489319E0,-1.85E0));
#1523=VERTEX_POINT('',#1522);
#1524=CARTESIAN_POINT('',(7.805045099617E-1,-2.598668144332E0,-1.85E0));
#1525=VERTEX_POINT('',#1524);
#1526=CARTESIAN_POINT('',(7.805045099617E-1,2.598668144332E0,-1.85E0));
#1527=CARTESIAN_POINT('',(3.912844257252E-1,2.632720489319E0,-1.85E0));
#1528=VERTEX_POINT('',#1526);
#1529=VERTEX_POINT('',#1527);
#1530=CARTESIAN_POINT('',(3.E-1,2.732339959129E0,-1.85E0));
#1531=VERTEX_POINT('',#1530);
#1532=CARTESIAN_POINT('',(3.E-1,3.25E0,-1.85E0));
#1533=VERTEX_POINT('',#1532);
#1534=CARTESIAN_POINT('',(0.E0,3.25E0,-1.85E0));
#1535=VERTEX_POINT('',#1534);
#1536=CARTESIAN_POINT('',(0.E0,2.732339959129E0,-1.85E0));
#1537=VERTEX_POINT('',#1536);
#1538=CARTESIAN_POINT('',(3.651377029009E-1,2.333862079892E0,-1.85E0));
#1539=VERTEX_POINT('',#1538);
#1540=CARTESIAN_POINT('',(7.543577871374E-1,2.299809734905E0,-1.85E0));
#1541=VERTEX_POINT('',#1540);
#1542=CARTESIAN_POINT('',(7.543577871374E-1,-2.299809734905E0,1.85E0));
#1543=CARTESIAN_POINT('',(3.651377029009E-1,-2.333862079892E0,1.85E0));
#1544=VERTEX_POINT('',#1542);
#1545=VERTEX_POINT('',#1543);
#1546=CARTESIAN_POINT('',(0.E0,-2.732339959129E0,1.85E0));
#1547=VERTEX_POINT('',#1546);
#1548=CARTESIAN_POINT('',(0.E0,-3.25E0,1.85E0));
#1549=VERTEX_POINT('',#1548);
#1550=CARTESIAN_POINT('',(3.E-1,-3.25E0,1.85E0));
#1551=VERTEX_POINT('',#1550);
#1552=CARTESIAN_POINT('',(3.E-1,-2.732339959129E0,1.85E0));
#1553=VERTEX_POINT('',#1552);
#1554=CARTESIAN_POINT('',(3.912844257252E-1,-2.632720489319E0,1.85E0));
#1555=VERTEX_POINT('',#1554);
#1556=CARTESIAN_POINT('',(7.805045099617E-1,-2.598668144332E0,1.85E0));
#1557=VERTEX_POINT('',#1556);
#1558=CARTESIAN_POINT('',(7.805045099617E-1,2.598668144332E0,1.85E0));
#1559=CARTESIAN_POINT('',(3.912844257252E-1,2.632720489319E0,1.85E0));
#1560=VERTEX_POINT('',#1558);
#1561=VERTEX_POINT('',#1559);
#1562=CARTESIAN_POINT('',(3.E-1,2.732339959129E0,1.85E0));
#1563=VERTEX_POINT('',#1562);
#1564=CARTESIAN_POINT('',(3.E-1,3.25E0,1.85E0));
#1565=VERTEX_POINT('',#1564);
#1566=CARTESIAN_POINT('',(0.E0,3.25E0,1.85E0));
#1567=VERTEX_POINT('',#1566);
#1568=CARTESIAN_POINT('',(0.E0,2.732339959129E0,1.85E0));
#1569=VERTEX_POINT('',#1568);
#1570=CARTESIAN_POINT('',(3.651377029009E-1,2.333862079892E0,1.85E0));
#1571=VERTEX_POINT('',#1570);
#1572=CARTESIAN_POINT('',(7.543577871374E-1,2.299809734905E0,1.85E0));
#1573=VERTEX_POINT('',#1572);
#1574=CARTESIAN_POINT('',(8.E-1,-2.25E0,-1.85E0));
#1575=CARTESIAN_POINT('',(1.1E0,-2.25E0,-1.85E0));
#1576=VERTEX_POINT('',#1574);
#1577=VERTEX_POINT('',#1575);
#1578=CARTESIAN_POINT('',(8.E-1,-2.25E0,1.85E0));
#1579=CARTESIAN_POINT('',(1.1E0,-2.25E0,1.85E0));
#1580=VERTEX_POINT('',#1578);
#1581=VERTEX_POINT('',#1579);
#1582=CARTESIAN_POINT('',(8.E-1,2.25E0,-1.85E0));
#1583=CARTESIAN_POINT('',(1.1E0,2.25E0,-1.85E0));
#1584=VERTEX_POINT('',#1582);
#1585=VERTEX_POINT('',#1583);
#1586=CARTESIAN_POINT('',(8.E-1,2.25E0,1.85E0));
#1587=CARTESIAN_POINT('',(1.1E0,2.25E0,1.85E0));
#1588=VERTEX_POINT('',#1586);
#1589=VERTEX_POINT('',#1587);
#1590=CARTESIAN_POINT('',(7.543577871374E-1,-2.299809734905E0,-1.15E0));
#1591=CARTESIAN_POINT('',(3.651377029009E-1,-2.333862079892E0,-1.15E0));
#1592=VERTEX_POINT('',#1590);
#1593=VERTEX_POINT('',#1591);
#1594=CARTESIAN_POINT('',(7.543577871374E-1,-2.299809734905E0,1.15E0));
#1595=CARTESIAN_POINT('',(3.651377029009E-1,-2.333862079892E0,1.15E0));
#1596=VERTEX_POINT('',#1594);
#1597=VERTEX_POINT('',#1595);
#1598=CARTESIAN_POINT('',(0.E0,-2.732339959129E0,-1.15E0));
#1599=VERTEX_POINT('',#1598);
#1600=CARTESIAN_POINT('',(0.E0,-2.732339959129E0,1.15E0));
#1601=VERTEX_POINT('',#1600);
#1602=CARTESIAN_POINT('',(0.E0,-3.25E0,-1.15E0));
#1603=VERTEX_POINT('',#1602);
#1604=CARTESIAN_POINT('',(0.E0,-3.25E0,1.15E0));
#1605=VERTEX_POINT('',#1604);
#1606=CARTESIAN_POINT('',(3.E-1,-3.25E0,-1.15E0));
#1607=VERTEX_POINT('',#1606);
#1608=CARTESIAN_POINT('',(3.E-1,-3.25E0,1.15E0));
#1609=VERTEX_POINT('',#1608);
#1610=CARTESIAN_POINT('',(3.E-1,-2.732339959129E0,-1.15E0));
#1611=VERTEX_POINT('',#1610);
#1612=CARTESIAN_POINT('',(3.E-1,-2.732339959129E0,1.15E0));
#1613=VERTEX_POINT('',#1612);
#1614=CARTESIAN_POINT('',(3.912844257252E-1,-2.632720489319E0,-1.15E0));
#1615=VERTEX_POINT('',#1614);
#1616=CARTESIAN_POINT('',(3.912844257252E-1,-2.632720489319E0,1.15E0));
#1617=VERTEX_POINT('',#1616);
#1618=CARTESIAN_POINT('',(7.805045099617E-1,-2.598668144332E0,-1.15E0));
#1619=VERTEX_POINT('',#1618);
#1620=CARTESIAN_POINT('',(7.805045099617E-1,-2.598668144332E0,1.15E0));
#1621=VERTEX_POINT('',#1620);
#1622=CARTESIAN_POINT('',(1.1E0,-2.25E0,-1.15E0));
#1623=VERTEX_POINT('',#1622);
#1624=CARTESIAN_POINT('',(1.1E0,-2.25E0,1.15E0));
#1625=VERTEX_POINT('',#1624);
#1626=CARTESIAN_POINT('',(8.E-1,-2.25E0,-1.15E0));
#1627=VERTEX_POINT('',#1626);
#1628=CARTESIAN_POINT('',(8.E-1,-2.25E0,1.15E0));
#1629=VERTEX_POINT('',#1628);
#1630=CARTESIAN_POINT('',(1.1E0,2.25E0,-1.15E0));
#1631=CARTESIAN_POINT('',(7.805045099617E-1,2.598668144332E0,-1.15E0));
#1632=VERTEX_POINT('',#1630);
#1633=VERTEX_POINT('',#1631);
#1634=CARTESIAN_POINT('',(1.1E0,2.25E0,1.15E0));
#1635=CARTESIAN_POINT('',(7.805045099617E-1,2.598668144332E0,1.15E0));
#1636=VERTEX_POINT('',#1634);
#1637=VERTEX_POINT('',#1635);
#1638=CARTESIAN_POINT('',(3.912844257252E-1,2.632720489319E0,-1.15E0));
#1639=VERTEX_POINT('',#1638);
#1640=CARTESIAN_POINT('',(3.912844257252E-1,2.632720489319E0,1.15E0));
#1641=VERTEX_POINT('',#1640);
#1642=CARTESIAN_POINT('',(3.E-1,2.732339959129E0,-1.15E0));
#1643=VERTEX_POINT('',#1642);
#1644=CARTESIAN_POINT('',(3.E-1,2.732339959129E0,1.15E0));
#1645=VERTEX_POINT('',#1644);
#1646=CARTESIAN_POINT('',(3.E-1,3.25E0,-1.15E0));
#1647=VERTEX_POINT('',#1646);
#1648=CARTESIAN_POINT('',(3.E-1,3.25E0,1.15E0));
#1649=VERTEX_POINT('',#1648);
#1650=CARTESIAN_POINT('',(0.E0,3.25E0,-1.15E0));
#1651=VERTEX_POINT('',#1650);
#1652=CARTESIAN_POINT('',(0.E0,3.25E0,1.15E0));
#1653=VERTEX_POINT('',#1652);
#1654=CARTESIAN_POINT('',(0.E0,2.732339959129E0,-1.15E0));
#1655=VERTEX_POINT('',#1654);
#1656=CARTESIAN_POINT('',(0.E0,2.732339959129E0,1.15E0));
#1657=VERTEX_POINT('',#1656);
#1658=CARTESIAN_POINT('',(3.651377029009E-1,2.333862079892E0,-1.15E0));
#1659=VERTEX_POINT('',#1658);
#1660=CARTESIAN_POINT('',(3.651377029009E-1,2.333862079892E0,1.15E0));
#1661=VERTEX_POINT('',#1660);
#1662=CARTESIAN_POINT('',(7.543577871374E-1,2.299809734905E0,-1.15E0));
#1663=VERTEX_POINT('',#1662);
#1664=CARTESIAN_POINT('',(7.543577871374E-1,2.299809734905E0,1.15E0));
#1665=VERTEX_POINT('',#1664);
#1666=CARTESIAN_POINT('',(8.E-1,2.25E0,-1.15E0));
#1667=VERTEX_POINT('',#1666);
#1668=CARTESIAN_POINT('',(8.E-1,2.25E0,1.15E0));
#1669=VERTEX_POINT('',#1668);
#1670=CARTESIAN_POINT('',(2.9E0,-2.E0,-1.65E0));
#1671=CARTESIAN_POINT('',(2.9E0,-1.3E0,-1.65E0));
#1672=VERTEX_POINT('',#1670);
#1673=VERTEX_POINT('',#1671);
#1674=CARTESIAN_POINT('',(2.9E0,1.3E0,-1.65E0));
#1675=CARTESIAN_POINT('',(2.9E0,2.E0,-1.65E0));
#1676=VERTEX_POINT('',#1674);
#1677=VERTEX_POINT('',#1675);
#1678=CARTESIAN_POINT('',(2.9E0,1.3E0,1.65E0));
#1679=CARTESIAN_POINT('',(2.9E0,2.E0,1.65E0));
#1680=VERTEX_POINT('',#1678);
#1681=VERTEX_POINT('',#1679);
#1682=CARTESIAN_POINT('',(2.9E0,-2.E0,1.65E0));
#1683=CARTESIAN_POINT('',(2.9E0,-1.3E0,1.65E0));
#1684=VERTEX_POINT('',#1682);
#1685=VERTEX_POINT('',#1683);
#1686=CARTESIAN_POINT('',(3.2E0,-1.749999933864E0,-1.65E0));
#1687=CARTESIAN_POINT('',(3.2E0,-1.550000066136E0,-1.65E0));
#1688=VERTEX_POINT('',#1686);
#1689=VERTEX_POINT('',#1687);
#1690=CARTESIAN_POINT('',(2.95E0,-2.E0,-1.65E0));
#1691=CARTESIAN_POINT('',(2.95E0,-1.3E0,-1.65E0));
#1692=VERTEX_POINT('',#1690);
#1693=VERTEX_POINT('',#1691);
#1694=CARTESIAN_POINT('',(3.2E0,-1.749999933864E0,1.65E0));
#1695=CARTESIAN_POINT('',(3.2E0,-1.550000066136E0,1.65E0));
#1696=VERTEX_POINT('',#1694);
#1697=VERTEX_POINT('',#1695);
#1698=CARTESIAN_POINT('',(2.95E0,-2.E0,1.65E0));
#1699=CARTESIAN_POINT('',(2.95E0,-1.3E0,1.65E0));
#1700=VERTEX_POINT('',#1698);
#1701=VERTEX_POINT('',#1699);
#1702=CARTESIAN_POINT('',(3.2E0,1.550000066136E0,1.65E0));
#1703=CARTESIAN_POINT('',(3.2E0,1.749999933864E0,1.65E0));
#1704=VERTEX_POINT('',#1702);
#1705=VERTEX_POINT('',#1703);
#1706=CARTESIAN_POINT('',(2.95E0,1.3E0,1.65E0));
#1707=CARTESIAN_POINT('',(2.95E0,2.E0,1.65E0));
#1708=VERTEX_POINT('',#1706);
#1709=VERTEX_POINT('',#1707);
#1710=CARTESIAN_POINT('',(3.2E0,1.550000066136E0,-1.65E0));
#1711=CARTESIAN_POINT('',(3.2E0,1.749999933864E0,-1.65E0));
#1712=VERTEX_POINT('',#1710);
#1713=VERTEX_POINT('',#1711);
#1714=CARTESIAN_POINT('',(2.95E0,1.3E0,-1.65E0));
#1715=CARTESIAN_POINT('',(2.95E0,2.E0,-1.65E0));
#1716=VERTEX_POINT('',#1714);
#1717=VERTEX_POINT('',#1715);
#1718=CARTESIAN_POINT('',(3.8E0,-9.499998821116E-1,0.E0));
#1719=CARTESIAN_POINT('',(3.8E0,9.499998821116E-1,0.E0));
#1720=VERTEX_POINT('',#1718);
#1721=VERTEX_POINT('',#1719);
#1722=CARTESIAN_POINT('',(3.6E0,-1.15E0,0.E0));
#1723=CARTESIAN_POINT('',(3.6E0,1.15E0,0.E0));
#1724=VERTEX_POINT('',#1722);
#1725=VERTEX_POINT('',#1723);
#1726=CARTESIAN_POINT('',(0.E0,-2.25E0,1.95E0));
#1727=CARTESIAN_POINT('',(0.E0,-1.95E0,2.25E0));
#1728=VERTEX_POINT('',#1726);
#1729=VERTEX_POINT('',#1727);
#1730=CARTESIAN_POINT('',(2.9E0,-1.95E0,2.25E0));
#1731=CARTESIAN_POINT('',(2.9E0,-2.25E0,1.95E0));
#1732=VERTEX_POINT('',#1730);
#1733=VERTEX_POINT('',#1731);
#1734=CARTESIAN_POINT('',(0.E0,1.95E0,2.25E0));
#1735=CARTESIAN_POINT('',(0.E0,2.25E0,1.95E0));
#1736=VERTEX_POINT('',#1734);
#1737=VERTEX_POINT('',#1735);
#1738=CARTESIAN_POINT('',(2.9E0,2.25E0,1.95E0));
#1739=CARTESIAN_POINT('',(2.9E0,1.95E0,2.25E0));
#1740=VERTEX_POINT('',#1738);
#1741=VERTEX_POINT('',#1739);
#1742=CARTESIAN_POINT('',(0.E0,2.25E0,-1.95E0));
#1743=CARTESIAN_POINT('',(0.E0,1.95E0,-2.25E0));
#1744=VERTEX_POINT('',#1742);
#1745=VERTEX_POINT('',#1743);
#1746=CARTESIAN_POINT('',(2.9E0,1.95E0,-2.25E0));
#1747=CARTESIAN_POINT('',(2.9E0,2.25E0,-1.95E0));
#1748=VERTEX_POINT('',#1746);
#1749=VERTEX_POINT('',#1747);
#1750=CARTESIAN_POINT('',(0.E0,-1.95E0,-2.25E0));
#1751=CARTESIAN_POINT('',(0.E0,-2.25E0,-1.95E0));
#1752=VERTEX_POINT('',#1750);
#1753=VERTEX_POINT('',#1751);
#1754=CARTESIAN_POINT('',(2.9E0,-2.25E0,-1.95E0));
#1755=CARTESIAN_POINT('',(2.9E0,-1.95E0,-2.25E0));
#1756=VERTEX_POINT('',#1754);
#1757=VERTEX_POINT('',#1755);
#1758=CARTESIAN_POINT('',(2.6E0,1.95E0,-1.95E0));
#1759=CARTESIAN_POINT('',(2.6E0,-1.95E0,-1.95E0));
#1760=VERTEX_POINT('',#1758);
#1761=VERTEX_POINT('',#1759);
#1762=CARTESIAN_POINT('',(2.6E0,-1.95E0,1.95E0));
#1763=VERTEX_POINT('',#1762);
#1764=CARTESIAN_POINT('',(2.6E0,1.95E0,1.95E0));
#1765=VERTEX_POINT('',#1764);
#1766=CARTESIAN_POINT('',(2.61E0,1.95E0,-1.95E0));
#1767=CARTESIAN_POINT('',(2.61E0,-1.95E0,-1.95E0));
#1768=VERTEX_POINT('',#1766);
#1769=VERTEX_POINT('',#1767);
#1770=CARTESIAN_POINT('',(2.61E0,-1.95E0,1.95E0));
#1771=VERTEX_POINT('',#1770);
#1772=CARTESIAN_POINT('',(2.61E0,1.95E0,1.95E0));
#1773=VERTEX_POINT('',#1772);
#1774=CARTESIAN_POINT('',(2.61E0,-2.25E0,1.95E0));
#1775=CARTESIAN_POINT('',(2.61E0,-2.25E0,1.E0));
#1776=VERTEX_POINT('',#1774);
#1777=VERTEX_POINT('',#1775);
#1778=CARTESIAN_POINT('',(2.61E0,-2.25E0,-1.E0));
#1779=CARTESIAN_POINT('',(2.61E0,-2.25E0,-1.95E0));
#1780=VERTEX_POINT('',#1778);
#1781=VERTEX_POINT('',#1779);
#1782=CARTESIAN_POINT('',(2.61E0,-1.95E0,-2.25E0));
#1783=CARTESIAN_POINT('',(2.61E0,-1.E0,-2.25E0));
#1784=VERTEX_POINT('',#1782);
#1785=VERTEX_POINT('',#1783);
#1786=CARTESIAN_POINT('',(2.61E0,1.E0,-2.25E0));
#1787=CARTESIAN_POINT('',(2.61E0,1.95E0,-2.25E0));
#1788=VERTEX_POINT('',#1786);
#1789=VERTEX_POINT('',#1787);
#1790=CARTESIAN_POINT('',(2.61E0,2.25E0,-1.95E0));
#1791=CARTESIAN_POINT('',(2.61E0,2.25E0,-1.E0));
#1792=VERTEX_POINT('',#1790);
#1793=VERTEX_POINT('',#1791);
#1794=CARTESIAN_POINT('',(2.61E0,2.25E0,1.E0));
#1795=CARTESIAN_POINT('',(2.61E0,2.25E0,1.95E0));
#1796=VERTEX_POINT('',#1794);
#1797=VERTEX_POINT('',#1795);
#1798=CARTESIAN_POINT('',(2.61E0,1.95E0,2.25E0));
#1799=CARTESIAN_POINT('',(2.61E0,1.E0,2.25E0));
#1800=VERTEX_POINT('',#1798);
#1801=VERTEX_POINT('',#1799);
#1802=CARTESIAN_POINT('',(2.61E0,-1.E0,2.25E0));
#1803=CARTESIAN_POINT('',(2.61E0,-1.95E0,2.25E0));
#1804=VERTEX_POINT('',#1802);
#1805=VERTEX_POINT('',#1803);
#1806=CARTESIAN_POINT('',(2.61E0,-2.05E0,-1.E0));
#1807=VERTEX_POINT('',#1806);
#1808=CARTESIAN_POINT('',(2.61E0,-2.05E0,1.E0));
#1809=VERTEX_POINT('',#1808);
#1810=CARTESIAN_POINT('',(2.61E0,-1.E0,2.05E0));
#1811=VERTEX_POINT('',#1810);
#1812=CARTESIAN_POINT('',(2.61E0,1.E0,2.05E0));
#1813=VERTEX_POINT('',#1812);
#1814=CARTESIAN_POINT('',(2.61E0,2.05E0,1.E0));
#1815=VERTEX_POINT('',#1814);
#1816=CARTESIAN_POINT('',(2.61E0,2.05E0,-1.E0));
#1817=VERTEX_POINT('',#1816);
#1818=CARTESIAN_POINT('',(2.61E0,1.E0,-2.05E0));
#1819=VERTEX_POINT('',#1818);
#1820=CARTESIAN_POINT('',(2.61E0,-1.E0,-2.05E0));
#1821=VERTEX_POINT('',#1820);
#1822=CARTESIAN_POINT('',(2.6E0,-2.25E0,1.95E0));
#1823=CARTESIAN_POINT('',(2.6E0,-1.95E0,2.25E0));
#1824=VERTEX_POINT('',#1822);
#1825=VERTEX_POINT('',#1823);
#1826=CARTESIAN_POINT('',(2.6E0,1.95E0,2.25E0));
#1827=CARTESIAN_POINT('',(2.6E0,2.25E0,1.95E0));
#1828=VERTEX_POINT('',#1826);
#1829=VERTEX_POINT('',#1827);
#1830=CARTESIAN_POINT('',(2.6E0,2.25E0,-1.95E0));
#1831=CARTESIAN_POINT('',(2.6E0,1.95E0,-2.25E0));
#1832=VERTEX_POINT('',#1830);
#1833=VERTEX_POINT('',#1831);
#1834=CARTESIAN_POINT('',(2.6E0,-1.95E0,-2.25E0));
#1835=CARTESIAN_POINT('',(2.6E0,-2.25E0,-1.95E0));
#1836=VERTEX_POINT('',#1834);
#1837=VERTEX_POINT('',#1835);
#1838=CARTESIAN_POINT('',(2.6E0,0.E0,1.15E0));
#1839=CARTESIAN_POINT('',(2.6E0,0.E0,-1.15E0));
#1840=VERTEX_POINT('',#1838);
#1841=VERTEX_POINT('',#1839);
#1842=CARTESIAN_POINT('',(2.6E0,0.E0,1.2E0));
#1843=CARTESIAN_POINT('',(2.6E0,0.E0,-1.2E0));
#1844=VERTEX_POINT('',#1842);
#1845=VERTEX_POINT('',#1843);
#1846=CARTESIAN_POINT('',(2.9E0,0.E0,1.15E0));
#1847=CARTESIAN_POINT('',(2.9E0,-1.15E0,0.E0));
#1848=VERTEX_POINT('',#1846);
#1849=VERTEX_POINT('',#1847);
#1850=CARTESIAN_POINT('',(2.9E0,0.E0,-1.15E0));
#1851=CARTESIAN_POINT('',(2.9E0,1.15E0,0.E0));
#1852=VERTEX_POINT('',#1850);
#1853=VERTEX_POINT('',#1851);
#1854=CARTESIAN_POINT('',(2.9E0,0.E0,-1.2E0));
#1855=CARTESIAN_POINT('',(2.9E0,0.E0,1.2E0));
#1856=VERTEX_POINT('',#1854);
#1857=VERTEX_POINT('',#1855);
#1858=CARTESIAN_POINT('',(0.E0,0.E0,0.E0));
#1859=DIRECTION('',(1.E0,0.E0,0.E0));
#1860=DIRECTION('',(0.E0,1.E0,0.E0));
#1861=AXIS2_PLACEMENT_3D('',#1858,#1859,#1860);
#1862=PLANE('',#1861);
#1864=ORIENTED_EDGE('',*,*,#1863,.F.);
#1866=ORIENTED_EDGE('',*,*,#1865,.T.);
#1868=ORIENTED_EDGE('',*,*,#1867,.T.);
#1870=ORIENTED_EDGE('',*,*,#1869,.F.);
#1872=ORIENTED_EDGE('',*,*,#1871,.T.);
#1873=EDGE_LOOP('',(#1864,#1866,#1868,#1870,#1872));
#1874=FACE_OUTER_BOUND('',#1873,.F.);
#1876=CARTESIAN_POINT('',(0.E0,0.E0,0.E0));
#1877=DIRECTION('',(1.E0,0.E0,0.E0));
#1878=DIRECTION('',(0.E0,1.E0,0.E0));
#1879=AXIS2_PLACEMENT_3D('',#1876,#1877,#1878);
#1880=PLANE('',#1879);
#1882=ORIENTED_EDGE('',*,*,#1881,.F.);
#1884=ORIENTED_EDGE('',*,*,#1883,.T.);
#1886=ORIENTED_EDGE('',*,*,#1885,.T.);
#1888=ORIENTED_EDGE('',*,*,#1887,.F.);
#1890=ORIENTED_EDGE('',*,*,#1889,.T.);
#1891=EDGE_LOOP('',(#1882,#1884,#1886,#1888,#1890));
#1892=FACE_OUTER_BOUND('',#1891,.F.);
#1894=CARTESIAN_POINT('',(0.E0,0.E0,0.E0));
#1895=DIRECTION('',(1.E0,0.E0,0.E0));
#1896=DIRECTION('',(0.E0,1.E0,0.E0));
#1897=AXIS2_PLACEMENT_3D('',#1894,#1895,#1896);
#1898=PLANE('',#1897);
#1900=ORIENTED_EDGE('',*,*,#1899,.F.);
#1902=ORIENTED_EDGE('',*,*,#1901,.T.);
#1904=ORIENTED_EDGE('',*,*,#1903,.T.);
#1906=ORIENTED_EDGE('',*,*,#1905,.F.);
#1908=ORIENTED_EDGE('',*,*,#1907,.T.);
#1909=EDGE_LOOP('',(#1900,#1902,#1904,#1906,#1908));
#1910=FACE_OUTER_BOUND('',#1909,.F.);
#1912=CARTESIAN_POINT('',(0.E0,0.E0,0.E0));
#1913=DIRECTION('',(1.E0,0.E0,0.E0));
#1914=DIRECTION('',(0.E0,1.E0,0.E0));
#1915=AXIS2_PLACEMENT_3D('',#1912,#1913,#1914);
#1916=PLANE('',#1915);
#1918=ORIENTED_EDGE('',*,*,#1917,.F.);
#1920=ORIENTED_EDGE('',*,*,#1919,.T.);
#1922=ORIENTED_EDGE('',*,*,#1921,.T.);
#1924=ORIENTED_EDGE('',*,*,#1923,.F.);
#1926=ORIENTED_EDGE('',*,*,#1925,.T.);
#1927=EDGE_LOOP('',(#1918,#1920,#1922,#1924,#1926));
#1928=FACE_OUTER_BOUND('',#1927,.F.);
#1930=CARTESIAN_POINT('',(2.913725164437E0,-1.95E0,1.95E0));
#1931=DIRECTION('',(-1.E0,0.E0,0.E0));
#1932=DIRECTION('',(0.E0,-1.E0,0.E0));
#1933=AXIS2_PLACEMENT_3D('',#1930,#1931,#1932);
#1934=CYLINDRICAL_SURFACE('',#1933,3.E-1);
#1936=ORIENTED_EDGE('',*,*,#1935,.F.);
#1938=ORIENTED_EDGE('',*,*,#1937,.T.);
#1939=ORIENTED_EDGE('',*,*,#1863,.T.);
#1941=ORIENTED_EDGE('',*,*,#1940,.F.);
#1942=EDGE_LOOP('',(#1936,#1938,#1939,#1941));
#1943=FACE_OUTER_BOUND('',#1942,.F.);
#1945=CARTESIAN_POINT('',(2.913725164437E0,-1.95E0,1.95E0));
#1946=DIRECTION('',(-1.E0,0.E0,0.E0));
#1947=DIRECTION('',(0.E0,-1.E0,0.E0));
#1948=AXIS2_PLACEMENT_3D('',#1945,#1946,#1947);
#1949=CYLINDRICAL_SURFACE('',#1948,3.E-1);
#1951=ORIENTED_EDGE('',*,*,#1950,.T.);
#1953=ORIENTED_EDGE('',*,*,#1952,.F.);
#1955=ORIENTED_EDGE('',*,*,#1954,.T.);
#1957=ORIENTED_EDGE('',*,*,#1956,.T.);
#1958=EDGE_LOOP('',(#1951,#1953,#1955,#1957));
#1959=FACE_OUTER_BOUND('',#1958,.F.);
#1961=CARTESIAN_POINT('',(2.6E0,0.E0,0.E0));
#1962=DIRECTION('',(1.E0,0.E0,0.E0));
#1963=DIRECTION('',(0.E0,-1.E0,0.E0));
#1964=AXIS2_PLACEMENT_3D('',#1961,#1962,#1963);
#1965=PLANE('',#1964);
#1967=ORIENTED_EDGE('',*,*,#1966,.T.);
#1969=ORIENTED_EDGE('',*,*,#1968,.T.);
#1971=ORIENTED_EDGE('',*,*,#1970,.T.);
#1973=ORIENTED_EDGE('',*,*,#1972,.T.);
#1975=ORIENTED_EDGE('',*,*,#1974,.T.);
#1977=ORIENTED_EDGE('',*,*,#1976,.T.);
#1979=ORIENTED_EDGE('',*,*,#1978,.T.);
#1980=ORIENTED_EDGE('',*,*,#1935,.T.);
#1981=EDGE_LOOP('',(#1967,#1969,#1971,#1973,#1975,#1977,#1979,#1980));
#1982=FACE_OUTER_BOUND('',#1981,.F.);
#1984=ORIENTED_EDGE('',*,*,#1983,.F.);
#1986=ORIENTED_EDGE('',*,*,#1985,.F.);
#1988=ORIENTED_EDGE('',*,*,#1987,.F.);
#1990=ORIENTED_EDGE('',*,*,#1989,.F.);
#1991=EDGE_LOOP('',(#1984,#1986,#1988,#1990));
#1992=FACE_BOUND('',#1991,.F.);
#1994=CARTESIAN_POINT('',(2.6E0,1.95E0,-1.95E0));
#1995=DIRECTION('',(0.E0,0.E0,1.E0));
#1996=DIRECTION('',(0.E0,-1.E0,0.E0));
#1997=AXIS2_PLACEMENT_3D('',#1994,#1995,#1996);
#1998=PLANE('',#1997);
#1999=ORIENTED_EDGE('',*,*,#1983,.T.);
#2001=ORIENTED_EDGE('',*,*,#2000,.T.);
#2003=ORIENTED_EDGE('',*,*,#2002,.F.);
#2005=ORIENTED_EDGE('',*,*,#2004,.F.);
#2006=EDGE_LOOP('',(#1999,#2001,#2003,#2005));
#2007=FACE_OUTER_BOUND('',#2006,.F.);
#2009=CARTESIAN_POINT('',(2.6E0,-1.95E0,-1.95E0));
#2010=DIRECTION('',(0.E0,1.E0,0.E0));
#2011=DIRECTION('',(0.E0,0.E0,1.E0));
#2012=AXIS2_PLACEMENT_3D('',#2009,#2010,#2011);
#2013=PLANE('',#2012);
#2014=ORIENTED_EDGE('',*,*,#1989,.T.);
#2016=ORIENTED_EDGE('',*,*,#2015,.T.);
#2018=ORIENTED_EDGE('',*,*,#2017,.F.);
#2019=ORIENTED_EDGE('',*,*,#2000,.F.);
#2020=EDGE_LOOP('',(#2014,#2016,#2018,#2019));
#2021=FACE_OUTER_BOUND('',#2020,.F.);
#2023=CARTESIAN_POINT('',(2.6E0,-1.95E0,1.95E0));
#2024=DIRECTION('',(0.E0,0.E0,-1.E0));
#2025=DIRECTION('',(0.E0,1.E0,0.E0));
#2026=AXIS2_PLACEMENT_3D('',#2023,#2024,#2025);
#2027=PLANE('',#2026);
#2028=ORIENTED_EDGE('',*,*,#1987,.T.);
#2030=ORIENTED_EDGE('',*,*,#2029,.T.);
#2032=ORIENTED_EDGE('',*,*,#2031,.F.);
#2033=ORIENTED_EDGE('',*,*,#2015,.F.);
#2034=EDGE_LOOP('',(#2028,#2030,#2032,#2033));
#2035=FACE_OUTER_BOUND('',#2034,.F.);
#2037=CARTESIAN_POINT('',(2.6E0,1.95E0,1.95E0));
#2038=DIRECTION('',(0.E0,-1.E0,0.E0));
#2039=DIRECTION('',(0.E0,0.E0,-1.E0));
#2040=AXIS2_PLACEMENT_3D('',#2037,#2038,#2039);
#2041=PLANE('',#2040);
#2042=ORIENTED_EDGE('',*,*,#1985,.T.);
#2043=ORIENTED_EDGE('',*,*,#2004,.T.);
#2045=ORIENTED_EDGE('',*,*,#2044,.F.);
#2046=ORIENTED_EDGE('',*,*,#2029,.F.);
#2047=EDGE_LOOP('',(#2042,#2043,#2045,#2046));
#2048=FACE_OUTER_BOUND('',#2047,.F.);
#2050=CARTESIAN_POINT('',(2.61E0,0.E0,0.E0));
#2051=DIRECTION('',(1.E0,0.E0,0.E0));
#2052=DIRECTION('',(0.E0,-1.E0,0.E0));
#2053=AXIS2_PLACEMENT_3D('',#2050,#2051,#2052);
#2054=PLANE('',#2053);
#2056=ORIENTED_EDGE('',*,*,#2055,.F.);
#2058=ORIENTED_EDGE('',*,*,#2057,.F.);
#2060=ORIENTED_EDGE('',*,*,#2059,.F.);
#2062=ORIENTED_EDGE('',*,*,#2061,.T.);
#2064=ORIENTED_EDGE('',*,*,#2063,.F.);
#2066=ORIENTED_EDGE('',*,*,#2065,.T.);
#2068=ORIENTED_EDGE('',*,*,#2067,.F.);
#2070=ORIENTED_EDGE('',*,*,#2069,.F.);
#2072=ORIENTED_EDGE('',*,*,#2071,.F.);
#2074=ORIENTED_EDGE('',*,*,#2073,.T.);
#2076=ORIENTED_EDGE('',*,*,#2075,.F.);
#2078=ORIENTED_EDGE('',*,*,#2077,.T.);
#2080=ORIENTED_EDGE('',*,*,#2079,.F.);
#2082=ORIENTED_EDGE('',*,*,#2081,.F.);
#2084=ORIENTED_EDGE('',*,*,#2083,.F.);
#2086=ORIENTED_EDGE('',*,*,#2085,.T.);
#2088=ORIENTED_EDGE('',*,*,#2087,.F.);
#2090=ORIENTED_EDGE('',*,*,#2089,.T.);
#2092=ORIENTED_EDGE('',*,*,#2091,.F.);
#2094=ORIENTED_EDGE('',*,*,#2093,.F.);
#2096=ORIENTED_EDGE('',*,*,#2095,.F.);
#2098=ORIENTED_EDGE('',*,*,#2097,.T.);
#2099=ORIENTED_EDGE('',*,*,#1950,.F.);
#2101=ORIENTED_EDGE('',*,*,#2100,.T.);
#2102=EDGE_LOOP('',(#2056,#2058,#2060,#2062,#2064,#2066,#2068,#2070,#2072,#2074,
#2076,#2078,#2080,#2082,#2084,#2086,#2088,#2090,#2092,#2094,#2096,#2098,#2099,
#2101));
#2103=FACE_OUTER_BOUND('',#2102,.F.);
#2104=ORIENTED_EDGE('',*,*,#2002,.T.);
#2105=ORIENTED_EDGE('',*,*,#2017,.T.);
#2106=ORIENTED_EDGE('',*,*,#2031,.T.);
#2107=ORIENTED_EDGE('',*,*,#2044,.T.);
#2108=EDGE_LOOP('',(#2104,#2105,#2106,#2107));
#2109=FACE_BOUND('',#2108,.F.);
#2111=CARTESIAN_POINT('',(2.9E0,-2.05E0,1.E0));
#2112=DIRECTION('',(0.E0,0.E0,1.E0));
#2113=DIRECTION('',(0.E0,-1.E0,0.E0));
#2114=AXIS2_PLACEMENT_3D('',#2111,#2112,#2113);
#2115=PLANE('',#2114);
#2116=ORIENTED_EDGE('',*,*,#2055,.T.);
#2118=ORIENTED_EDGE('',*,*,#2117,.F.);
#2120=ORIENTED_EDGE('',*,*,#2119,.T.);
#2122=ORIENTED_EDGE('',*,*,#2121,.T.);
#2123=EDGE_LOOP('',(#2116,#2118,#2120,#2122));
#2124=FACE_OUTER_BOUND('',#2123,.F.);
#2126=CARTESIAN_POINT('',(0.E0,-2.25E0,2.25E0));
#2127=DIRECTION('',(0.E0,-1.E0,0.E0));
#2128=DIRECTION('',(0.E0,0.E0,-1.E0));
#2129=AXIS2_PLACEMENT_3D('',#2126,#2127,#2128);
#2130=PLANE('',#2129);
#2131=ORIENTED_EDGE('',*,*,#1978,.F.);
#2133=ORIENTED_EDGE('',*,*,#2132,.T.);
#2134=ORIENTED_EDGE('',*,*,#1925,.F.);
#2136=ORIENTED_EDGE('',*,*,#2135,.T.);
#2138=ORIENTED_EDGE('',*,*,#2137,.F.);
#2140=ORIENTED_EDGE('',*,*,#2139,.F.);
#2141=ORIENTED_EDGE('',*,*,#1865,.F.);
#2142=ORIENTED_EDGE('',*,*,#1937,.F.);
#2143=EDGE_LOOP('',(#2131,#2133,#2134,#2136,#2138,#2140,#2141,#2142));
#2144=FACE_OUTER_BOUND('',#2143,.F.);
#2146=ORIENTED_EDGE('',*,*,#2145,.F.);
#2148=ORIENTED_EDGE('',*,*,#2147,.T.);
#2150=ORIENTED_EDGE('',*,*,#2149,.T.);
#2152=ORIENTED_EDGE('',*,*,#2151,.F.);
#2153=EDGE_LOOP('',(#2146,#2148,#2150,#2152));
#2154=FACE_BOUND('',#2153,.F.);
#2156=ORIENTED_EDGE('',*,*,#2155,.T.);
#2158=ORIENTED_EDGE('',*,*,#2157,.F.);
#2160=ORIENTED_EDGE('',*,*,#2159,.F.);
#2162=ORIENTED_EDGE('',*,*,#2161,.T.);
#2163=EDGE_LOOP('',(#2156,#2158,#2160,#2162));
#2164=FACE_BOUND('',#2163,.F.);
#2166=CARTESIAN_POINT('',(0.E0,-2.25E0,2.25E0));
#2167=DIRECTION('',(0.E0,-1.E0,0.E0));
#2168=DIRECTION('',(0.E0,0.E0,-1.E0));
#2169=AXIS2_PLACEMENT_3D('',#2166,#2167,#2168);
#2170=PLANE('',#2169);
#2171=ORIENTED_EDGE('',*,*,#2100,.F.);
#2172=ORIENTED_EDGE('',*,*,#1956,.F.);
#2174=ORIENTED_EDGE('',*,*,#2173,.T.);
#2175=ORIENTED_EDGE('',*,*,#2117,.T.);
#2176=EDGE_LOOP('',(#2171,#2172,#2174,#2175));
#2177=FACE_OUTER_BOUND('',#2176,.F.);
#2179=CARTESIAN_POINT('',(0.E0,-2.25E0,2.25E0));
#2180=DIRECTION('',(0.E0,-1.E0,0.E0));
#2181=DIRECTION('',(0.E0,0.E0,-1.E0));
#2182=AXIS2_PLACEMENT_3D('',#2179,#2180,#2181);
#2183=PLANE('',#2182);
#2184=ORIENTED_EDGE('',*,*,#2061,.F.);
#2186=ORIENTED_EDGE('',*,*,#2185,.F.);
#2188=ORIENTED_EDGE('',*,*,#2187,.T.);
#2190=ORIENTED_EDGE('',*,*,#2189,.T.);
#2191=EDGE_LOOP('',(#2184,#2186,#2188,#2190));
#2192=FACE_OUTER_BOUND('',#2191,.F.);
#2194=CARTESIAN_POINT('',(7.5E-1,-2.25E0,-1.85E0));
#2195=DIRECTION('',(0.E0,0.E0,1.E0));
#2196=DIRECTION('',(0.E0,-1.E0,0.E0));
#2197=AXIS2_PLACEMENT_3D('',#2194,#2195,#2196);
#2198=CYLINDRICAL_SURFACE('',#2197,5.E-2);
#2200=ORIENTED_EDGE('',*,*,#2199,.F.);
#2202=ORIENTED_EDGE('',*,*,#2201,.F.);
#2204=ORIENTED_EDGE('',*,*,#2203,.F.);
#2205=ORIENTED_EDGE('',*,*,#2159,.T.);
#2206=EDGE_LOOP('',(#2200,#2202,#2204,#2205));
#2207=FACE_OUTER_BOUND('',#2206,.F.);
#2209=CARTESIAN_POINT('',(7.5E-1,-2.25E0,-1.85E0));
#2210=DIRECTION('',(0.E0,0.E0,1.E0));
#2211=DIRECTION('',(0.E0,-1.E0,0.E0));
#2212=AXIS2_PLACEMENT_3D('',#2209,#2210,#2211);
#2213=CYLINDRICAL_SURFACE('',#2212,5.E-2);
#2215=ORIENTED_EDGE('',*,*,#2214,.T.);
#2216=ORIENTED_EDGE('',*,*,#2145,.T.);
#2218=ORIENTED_EDGE('',*,*,#2217,.T.);
#2220=ORIENTED_EDGE('',*,*,#2219,.F.);
#2221=EDGE_LOOP('',(#2215,#2216,#2218,#2220));
#2222=FACE_OUTER_BOUND('',#2221,.F.);
#2224=CARTESIAN_POINT('',(0.E0,-3.25E0,-1.15E0));
#2225=DIRECTION('',(0.E0,0.E0,-1.E0));
#2226=DIRECTION('',(0.E0,1.E0,0.E0));
#2227=AXIS2_PLACEMENT_3D('',#2224,#2225,#2226);
#2228=PLANE('',#2227);
#2230=ORIENTED_EDGE('',*,*,#2229,.F.);
#2231=ORIENTED_EDGE('',*,*,#2199,.T.);
#2232=ORIENTED_EDGE('',*,*,#2157,.T.);
#2234=ORIENTED_EDGE('',*,*,#2233,.F.);
#2236=ORIENTED_EDGE('',*,*,#2235,.F.);
#2238=ORIENTED_EDGE('',*,*,#2237,.T.);
#2240=ORIENTED_EDGE('',*,*,#2239,.F.);
#2242=ORIENTED_EDGE('',*,*,#2241,.F.);
#2244=ORIENTED_EDGE('',*,*,#2243,.F.);
#2246=ORIENTED_EDGE('',*,*,#2245,.F.);
#2247=EDGE_LOOP('',(#2230,#2231,#2232,#2234,#2236,#2238,#2240,#2242,#2244,
#2246));
#2248=FACE_OUTER_BOUND('',#2247,.F.);
#2250=CARTESIAN_POINT('',(7.543577871374E-1,-2.299809734905E0,-1.85E0));
#2251=DIRECTION('',(-8.715574274766E-2,9.961946980917E-1,0.E0));
#2252=DIRECTION('',(-9.961946980917E-1,-8.715574274766E-2,0.E0));
#2253=AXIS2_PLACEMENT_3D('',#2250,#2251,#2252);
#2254=PLANE('',#2253);
#2255=ORIENTED_EDGE('',*,*,#2229,.T.);
#2257=ORIENTED_EDGE('',*,*,#2256,.F.);
#2259=ORIENTED_EDGE('',*,*,#2258,.F.);
#2260=ORIENTED_EDGE('',*,*,#2201,.T.);
#2261=EDGE_LOOP('',(#2255,#2257,#2259,#2260));
#2262=FACE_OUTER_BOUND('',#2261,.F.);
#2264=CARTESIAN_POINT('',(7.543577871374E-1,-2.299809734905E0,-1.85E0));
#2265=DIRECTION('',(-8.715574274766E-2,9.961946980917E-1,0.E0));
#2266=DIRECTION('',(-9.961946980917E-1,-8.715574274766E-2,0.E0));
#2267=AXIS2_PLACEMENT_3D('',#2264,#2265,#2266);
#2268=PLANE('',#2267);
#2270=ORIENTED_EDGE('',*,*,#2269,.F.);
#2271=ORIENTED_EDGE('',*,*,#2219,.T.);
#2273=ORIENTED_EDGE('',*,*,#2272,.T.);
#2275=ORIENTED_EDGE('',*,*,#2274,.F.);
#2276=EDGE_LOOP('',(#2270,#2271,#2273,#2275));
#2277=FACE_OUTER_BOUND('',#2276,.F.);
#2279=CARTESIAN_POINT('',(4.E-1,-2.732339959129E0,-1.85E0));
#2280=DIRECTION('',(0.E0,0.E0,1.E0));
#2281=DIRECTION('',(0.E0,-1.E0,0.E0));
#2282=AXIS2_PLACEMENT_3D('',#2279,#2280,#2281);
#2283=CYLINDRICAL_SURFACE('',#2282,4.E-1);
#2284=ORIENTED_EDGE('',*,*,#2245,.T.);
#2286=ORIENTED_EDGE('',*,*,#2285,.F.);
#2288=ORIENTED_EDGE('',*,*,#2287,.F.);
#2289=ORIENTED_EDGE('',*,*,#2256,.T.);
#2290=EDGE_LOOP('',(#2284,#2286,#2288,#2289));
#2291=FACE_OUTER_BOUND('',#2290,.F.);
#2293=CARTESIAN_POINT('',(4.E-1,-2.732339959129E0,-1.85E0));
#2294=DIRECTION('',(0.E0,0.E0,1.E0));
#2295=DIRECTION('',(0.E0,-1.E0,0.E0));
#2296=AXIS2_PLACEMENT_3D('',#2293,#2294,#2295);
#2297=CYLINDRICAL_SURFACE('',#2296,4.E-1);
#2299=ORIENTED_EDGE('',*,*,#2298,.F.);
#2300=ORIENTED_EDGE('',*,*,#2274,.T.);
#2302=ORIENTED_EDGE('',*,*,#2301,.T.);
#2304=ORIENTED_EDGE('',*,*,#2303,.F.);
#2305=EDGE_LOOP('',(#2299,#2300,#2302,#2304));
#2306=FACE_OUTER_BOUND('',#2305,.F.);
#2308=CARTESIAN_POINT('',(0.E0,-2.732339959129E0,-1.85E0));
#2309=DIRECTION('',(-1.E0,0.E0,0.E0));
#2310=DIRECTION('',(0.E0,-1.E0,0.E0));
#2311=AXIS2_PLACEMENT_3D('',#2308,#2309,#2310);
#2312=PLANE('',#2311);
#2313=ORIENTED_EDGE('',*,*,#2243,.T.);
#2315=ORIENTED_EDGE('',*,*,#2314,.F.);
#2317=ORIENTED_EDGE('',*,*,#2316,.F.);
#2318=ORIENTED_EDGE('',*,*,#2285,.T.);
#2319=EDGE_LOOP('',(#2313,#2315,#2317,#2318));
#2320=FACE_OUTER_BOUND('',#2319,.F.);
#2322=CARTESIAN_POINT('',(0.E0,-2.732339959129E0,-1.85E0));
#2323=DIRECTION('',(-1.E0,0.E0,0.E0));
#2324=DIRECTION('',(0.E0,-1.E0,0.E0));
#2325=AXIS2_PLACEMENT_3D('',#2322,#2323,#2324);
#2326=PLANE('',#2325);
#2328=ORIENTED_EDGE('',*,*,#2327,.F.);
#2329=ORIENTED_EDGE('',*,*,#2303,.T.);
#2331=ORIENTED_EDGE('',*,*,#2330,.T.);
#2333=ORIENTED_EDGE('',*,*,#2332,.F.);
#2334=EDGE_LOOP('',(#2328,#2329,#2331,#2333));
#2335=FACE_OUTER_BOUND('',#2334,.F.);
#2337=CARTESIAN_POINT('',(0.E0,-3.25E0,-1.85E0));
#2338=DIRECTION('',(0.E0,-1.E0,0.E0));
#2339=DIRECTION('',(1.E0,0.E0,0.E0));
#2340=AXIS2_PLACEMENT_3D('',#2337,#2338,#2339);
#2341=PLANE('',#2340);
#2342=ORIENTED_EDGE('',*,*,#2241,.T.);
#2344=ORIENTED_EDGE('',*,*,#2343,.F.);
#2346=ORIENTED_EDGE('',*,*,#2345,.F.);
#2347=ORIENTED_EDGE('',*,*,#2314,.T.);
#2348=EDGE_LOOP('',(#2342,#2344,#2346,#2347));
#2349=FACE_OUTER_BOUND('',#2348,.F.);
#2351=CARTESIAN_POINT('',(0.E0,-3.25E0,-1.85E0));
#2352=DIRECTION('',(0.E0,-1.E0,0.E0));
#2353=DIRECTION('',(1.E0,0.E0,0.E0));
#2354=AXIS2_PLACEMENT_3D('',#2351,#2352,#2353);
#2355=PLANE('',#2354);
#2357=ORIENTED_EDGE('',*,*,#2356,.F.);
#2358=ORIENTED_EDGE('',*,*,#2332,.T.);
#2360=ORIENTED_EDGE('',*,*,#2359,.T.);
#2362=ORIENTED_EDGE('',*,*,#2361,.F.);
#2363=EDGE_LOOP('',(#2357,#2358,#2360,#2362));
#2364=FACE_OUTER_BOUND('',#2363,.F.);
#2366=CARTESIAN_POINT('',(3.E-1,-3.25E0,-1.85E0));
#2367=DIRECTION('',(1.E0,0.E0,0.E0));
#2368=DIRECTION('',(0.E0,1.E0,0.E0));
#2369=AXIS2_PLACEMENT_3D('',#2366,#2367,#2368);
#2370=PLANE('',#2369);
#2371=ORIENTED_EDGE('',*,*,#2239,.T.);
#2373=ORIENTED_EDGE('',*,*,#2372,.F.);
#2375=ORIENTED_EDGE('',*,*,#2374,.F.);
#2376=ORIENTED_EDGE('',*,*,#2343,.T.);
#2377=EDGE_LOOP('',(#2371,#2373,#2375,#2376));
#2378=FACE_OUTER_BOUND('',#2377,.F.);
#2380=CARTESIAN_POINT('',(3.E-1,-3.25E0,-1.85E0));
#2381=DIRECTION('',(1.E0,0.E0,0.E0));
#2382=DIRECTION('',(0.E0,1.E0,0.E0));
#2383=AXIS2_PLACEMENT_3D('',#2380,#2381,#2382);
#2384=PLANE('',#2383);
#2386=ORIENTED_EDGE('',*,*,#2385,.F.);
#2387=ORIENTED_EDGE('',*,*,#2361,.T.);
#2389=ORIENTED_EDGE('',*,*,#2388,.T.);
#2391=ORIENTED_EDGE('',*,*,#2390,.F.);
#2392=EDGE_LOOP('',(#2386,#2387,#2389,#2391));
#2393=FACE_OUTER_BOUND('',#2392,.F.);
#2395=CARTESIAN_POINT('',(4.E-1,-2.732339959129E0,-1.85E0));
#2396=DIRECTION('',(0.E0,0.E0,1.E0));
#2397=DIRECTION('',(0.E0,-1.E0,0.E0));
#2398=AXIS2_PLACEMENT_3D('',#2395,#2396,#2397);
#2399=CYLINDRICAL_SURFACE('',#2398,1.E-1);
#2400=ORIENTED_EDGE('',*,*,#2237,.F.);
#2402=ORIENTED_EDGE('',*,*,#2401,.F.);
#2404=ORIENTED_EDGE('',*,*,#2403,.F.);
#2405=ORIENTED_EDGE('',*,*,#2372,.T.);
#2406=EDGE_LOOP('',(#2400,#2402,#2404,#2405));
#2407=FACE_OUTER_BOUND('',#2406,.F.);
#2409=CARTESIAN_POINT('',(4.E-1,-2.732339959129E0,-1.85E0));
#2410=DIRECTION('',(0.E0,0.E0,1.E0));
#2411=DIRECTION('',(0.E0,-1.E0,0.E0));
#2412=AXIS2_PLACEMENT_3D('',#2409,#2410,#2411);
#2413=CYLINDRICAL_SURFACE('',#2412,1.E-1);
#2415=ORIENTED_EDGE('',*,*,#2414,.T.);
#2416=ORIENTED_EDGE('',*,*,#2390,.T.);
#2418=ORIENTED_EDGE('',*,*,#2417,.T.);
#2420=ORIENTED_EDGE('',*,*,#2419,.F.);
#2421=EDGE_LOOP('',(#2415,#2416,#2418,#2420));
#2422=FACE_OUTER_BOUND('',#2421,.F.);
#2424=CARTESIAN_POINT('',(3.912844257252E-1,-2.632720489319E0,-1.85E0));
#2425=DIRECTION('',(8.715574274766E-2,-9.961946980917E-1,0.E0));
#2426=DIRECTION('',(9.961946980917E-1,8.715574274766E-2,0.E0));
#2427=AXIS2_PLACEMENT_3D('',#2424,#2425,#2426);
#2428=PLANE('',#2427);
#2429=ORIENTED_EDGE('',*,*,#2235,.T.);
#2431=ORIENTED_EDGE('',*,*,#2430,.F.);
#2433=ORIENTED_EDGE('',*,*,#2432,.F.);
#2434=ORIENTED_EDGE('',*,*,#2401,.T.);
#2435=EDGE_LOOP('',(#2429,#2431,#2433,#2434));
#2436=FACE_OUTER_BOUND('',#2435,.F.);
#2438=CARTESIAN_POINT('',(3.912844257252E-1,-2.632720489319E0,-1.85E0));
#2439=DIRECTION('',(8.715574274766E-2,-9.961946980917E-1,0.E0));
#2440=DIRECTION('',(9.961946980917E-1,8.715574274766E-2,0.E0));
#2441=AXIS2_PLACEMENT_3D('',#2438,#2439,#2440);
#2442=PLANE('',#2441);
#2444=ORIENTED_EDGE('',*,*,#2443,.F.);
#2445=ORIENTED_EDGE('',*,*,#2419,.T.);
#2447=ORIENTED_EDGE('',*,*,#2446,.T.);
#2449=ORIENTED_EDGE('',*,*,#2448,.F.);
#2450=EDGE_LOOP('',(#2444,#2445,#2447,#2449));
#2451=FACE_OUTER_BOUND('',#2450,.F.);
#2453=CARTESIAN_POINT('',(7.5E-1,-2.25E0,-1.85E0));
#2454=DIRECTION('',(0.E0,0.E0,1.E0));
#2455=DIRECTION('',(0.E0,-1.E0,0.E0));
#2456=AXIS2_PLACEMENT_3D('',#2453,#2454,#2455);
#2457=CYLINDRICAL_SURFACE('',#2456,3.5E-1);
#2458=ORIENTED_EDGE('',*,*,#2233,.T.);
#2459=ORIENTED_EDGE('',*,*,#2155,.F.);
#2461=ORIENTED_EDGE('',*,*,#2460,.F.);
#2462=ORIENTED_EDGE('',*,*,#2430,.T.);
#2463=EDGE_LOOP('',(#2458,#2459,#2461,#2462));
#2464=FACE_OUTER_BOUND('',#2463,.F.);
#2466=CARTESIAN_POINT('',(7.5E-1,-2.25E0,-1.85E0));
#2467=DIRECTION('',(0.E0,0.E0,1.E0));
#2468=DIRECTION('',(0.E0,-1.E0,0.E0));
#2469=AXIS2_PLACEMENT_3D('',#2466,#2467,#2468);
#2470=CYLINDRICAL_SURFACE('',#2469,3.5E-1);
#2472=ORIENTED_EDGE('',*,*,#2471,.F.);
#2473=ORIENTED_EDGE('',*,*,#2448,.T.);
#2475=ORIENTED_EDGE('',*,*,#2474,.T.);
#2476=ORIENTED_EDGE('',*,*,#2149,.F.);
#2477=EDGE_LOOP('',(#2472,#2473,#2475,#2476));
#2478=FACE_OUTER_BOUND('',#2477,.F.);
#2480=CARTESIAN_POINT('',(0.E0,0.E0,-1.85E0));
#2481=DIRECTION('',(0.E0,0.E0,1.E0));
#2482=DIRECTION('',(0.E0,-1.E0,0.E0));
#2483=AXIS2_PLACEMENT_3D('',#2480,#2481,#2482);
#2484=PLANE('',#2483);
#2485=ORIENTED_EDGE('',*,*,#2161,.F.);
#2486=ORIENTED_EDGE('',*,*,#2203,.T.);
#2487=ORIENTED_EDGE('',*,*,#2258,.T.);
#2488=ORIENTED_EDGE('',*,*,#2287,.T.);
#2489=ORIENTED_EDGE('',*,*,#2316,.T.);
#2490=ORIENTED_EDGE('',*,*,#2345,.T.);
#2491=ORIENTED_EDGE('',*,*,#2374,.T.);
#2492=ORIENTED_EDGE('',*,*,#2403,.T.);
#2493=ORIENTED_EDGE('',*,*,#2432,.T.);
#2494=ORIENTED_EDGE('',*,*,#2460,.T.);
#2495=EDGE_LOOP('',(#2485,#2486,#2487,#2488,#2489,#2490,#2491,#2492,#2493,
#2494));
#2496=FACE_OUTER_BOUND('',#2495,.F.);
#2498=CARTESIAN_POINT('',(0.E0,0.E0,-1.85E0));
#2499=DIRECTION('',(0.E0,0.E0,1.E0));
#2500=DIRECTION('',(0.E0,-1.E0,0.E0));
#2501=AXIS2_PLACEMENT_3D('',#2498,#2499,#2500);
#2502=PLANE('',#2501);
#2504=ORIENTED_EDGE('',*,*,#2503,.T.);
#2506=ORIENTED_EDGE('',*,*,#2505,.T.);
#2508=ORIENTED_EDGE('',*,*,#2507,.T.);
#2510=ORIENTED_EDGE('',*,*,#2509,.T.);
#2512=ORIENTED_EDGE('',*,*,#2511,.T.);
#2514=ORIENTED_EDGE('',*,*,#2513,.T.);
#2516=ORIENTED_EDGE('',*,*,#2515,.T.);
#2518=ORIENTED_EDGE('',*,*,#2517,.T.);
#2520=ORIENTED_EDGE('',*,*,#2519,.T.);
#2522=ORIENTED_EDGE('',*,*,#2521,.T.);
#2523=EDGE_LOOP('',(#2504,#2506,#2508,#2510,#2512,#2514,#2516,#2518,#2520,
#2522));
#2524=FACE_OUTER_BOUND('',#2523,.F.);
#2526=CARTESIAN_POINT('',(0.E0,2.25E0,-2.25E0));
#2527=DIRECTION('',(0.E0,1.E0,0.E0));
#2528=DIRECTION('',(0.E0,0.E0,1.E0));
#2529=AXIS2_PLACEMENT_3D('',#2526,#2527,#2528);
#2530=PLANE('',#2529);
#2531=ORIENTED_EDGE('',*,*,#1970,.F.);
#2533=ORIENTED_EDGE('',*,*,#2532,.T.);
#2534=ORIENTED_EDGE('',*,*,#1889,.F.);
#2536=ORIENTED_EDGE('',*,*,#2535,.T.);
#2538=ORIENTED_EDGE('',*,*,#2537,.F.);
#2540=ORIENTED_EDGE('',*,*,#2539,.F.);
#2541=ORIENTED_EDGE('',*,*,#1901,.F.);
#2543=ORIENTED_EDGE('',*,*,#2542,.F.);
#2544=EDGE_LOOP('',(#2531,#2533,#2534,#2536,#2538,#2540,#2541,#2543));
#2545=FACE_OUTER_BOUND('',#2544,.F.);
#2547=ORIENTED_EDGE('',*,*,#2546,.T.);
#2549=ORIENTED_EDGE('',*,*,#2548,.T.);
#2551=ORIENTED_EDGE('',*,*,#2550,.F.);
#2552=ORIENTED_EDGE('',*,*,#2503,.F.);
#2553=EDGE_LOOP('',(#2547,#2549,#2551,#2552));
#2554=FACE_BOUND('',#2553,.F.);
#2556=ORIENTED_EDGE('',*,*,#2555,.F.);
#2558=ORIENTED_EDGE('',*,*,#2557,.F.);
#2560=ORIENTED_EDGE('',*,*,#2559,.T.);
#2562=ORIENTED_EDGE('',*,*,#2561,.T.);
#2563=EDGE_LOOP('',(#2556,#2558,#2560,#2562));
#2564=FACE_BOUND('',#2563,.F.);
#2566=CARTESIAN_POINT('',(0.E0,2.25E0,-2.25E0));
#2567=DIRECTION('',(0.E0,1.E0,0.E0));
#2568=DIRECTION('',(0.E0,0.E0,1.E0));
#2569=AXIS2_PLACEMENT_3D('',#2566,#2567,#2568);
#2570=PLANE('',#2569);
#2571=ORIENTED_EDGE('',*,*,#2077,.F.);
#2573=ORIENTED_EDGE('',*,*,#2572,.F.);
#2575=ORIENTED_EDGE('',*,*,#2574,.T.);
#2577=ORIENTED_EDGE('',*,*,#2576,.T.);
#2578=EDGE_LOOP('',(#2571,#2573,#2575,#2577));
#2579=FACE_OUTER_BOUND('',#2578,.F.);
#2581=CARTESIAN_POINT('',(0.E0,2.25E0,-2.25E0));
#2582=DIRECTION('',(0.E0,1.E0,0.E0));
#2583=DIRECTION('',(0.E0,0.E0,1.E0));
#2584=AXIS2_PLACEMENT_3D('',#2581,#2582,#2583);
#2585=PLANE('',#2584);
#2586=ORIENTED_EDGE('',*,*,#2085,.F.);
#2588=ORIENTED_EDGE('',*,*,#2587,.F.);
#2590=ORIENTED_EDGE('',*,*,#2589,.T.);
#2592=ORIENTED_EDGE('',*,*,#2591,.T.);
#2593=EDGE_LOOP('',(#2586,#2588,#2590,#2592));
#2594=FACE_OUTER_BOUND('',#2593,.F.);
#2596=CARTESIAN_POINT('',(7.5E-1,2.25E0,-1.85E0));
#2597=DIRECTION('',(0.E0,0.E0,1.E0));
#2598=DIRECTION('',(0.E0,-1.E0,0.E0));
#2599=AXIS2_PLACEMENT_3D('',#2596,#2597,#2598);
#2600=CYLINDRICAL_SURFACE('',#2599,5.E-2);
#2602=ORIENTED_EDGE('',*,*,#2601,.F.);
#2603=ORIENTED_EDGE('',*,*,#2546,.F.);
#2604=ORIENTED_EDGE('',*,*,#2521,.F.);
#2606=ORIENTED_EDGE('',*,*,#2605,.T.);
#2607=EDGE_LOOP('',(#2602,#2603,#2604,#2606));
#2608=FACE_OUTER_BOUND('',#2607,.F.);
#2610=CARTESIAN_POINT('',(7.5E-1,2.25E0,-1.85E0));
#2611=DIRECTION('',(0.E0,0.E0,1.E0));
#2612=DIRECTION('',(0.E0,-1.E0,0.E0));
#2613=AXIS2_PLACEMENT_3D('',#2610,#2611,#2612);
#2614=CYLINDRICAL_SURFACE('',#2613,5.E-2);
#2616=ORIENTED_EDGE('',*,*,#2615,.T.);
#2618=ORIENTED_EDGE('',*,*,#2617,.T.);
#2620=ORIENTED_EDGE('',*,*,#2619,.T.);
#2621=ORIENTED_EDGE('',*,*,#2559,.F.);
#2622=EDGE_LOOP('',(#2616,#2618,#2620,#2621));
#2623=FACE_OUTER_BOUND('',#2622,.F.);
#2625=CARTESIAN_POINT('',(0.E0,2.25E0,-1.15E0));
#2626=DIRECTION('',(0.E0,0.E0,-1.E0));
#2627=DIRECTION('',(0.E0,1.E0,0.E0));
#2628=AXIS2_PLACEMENT_3D('',#2625,#2626,#2627);
#2629=PLANE('',#2628);
#2631=ORIENTED_EDGE('',*,*,#2630,.F.);
#2632=ORIENTED_EDGE('',*,*,#2548,.F.);
#2633=ORIENTED_EDGE('',*,*,#2601,.T.);
#2635=ORIENTED_EDGE('',*,*,#2634,.F.);
#2637=ORIENTED_EDGE('',*,*,#2636,.F.);
#2639=ORIENTED_EDGE('',*,*,#2638,.F.);
#2641=ORIENTED_EDGE('',*,*,#2640,.F.);
#2643=ORIENTED_EDGE('',*,*,#2642,.F.);
#2645=ORIENTED_EDGE('',*,*,#2644,.T.);
#2647=ORIENTED_EDGE('',*,*,#2646,.F.);
#2648=EDGE_LOOP('',(#2631,#2632,#2633,#2635,#2637,#2639,#2641,#2643,#2645,
#2647));
#2649=FACE_OUTER_BOUND('',#2648,.F.);
#2651=CARTESIAN_POINT('',(7.5E-1,2.25E0,-1.85E0));
#2652=DIRECTION('',(0.E0,0.E0,1.E0));
#2653=DIRECTION('',(0.E0,-1.E0,0.E0));
#2654=AXIS2_PLACEMENT_3D('',#2651,#2652,#2653);
#2655=CYLINDRICAL_SURFACE('',#2654,3.5E-1);
#2656=ORIENTED_EDGE('',*,*,#2630,.T.);
#2658=ORIENTED_EDGE('',*,*,#2657,.F.);
#2659=ORIENTED_EDGE('',*,*,#2505,.F.);
#2660=ORIENTED_EDGE('',*,*,#2550,.T.);
#2661=EDGE_LOOP('',(#2656,#2658,#2659,#2660));
#2662=FACE_OUTER_BOUND('',#2661,.F.);
#2664=CARTESIAN_POINT('',(7.5E-1,2.25E0,-1.85E0));
#2665=DIRECTION('',(0.E0,0.E0,1.E0));
#2666=DIRECTION('',(0.E0,-1.E0,0.E0));
#2667=AXIS2_PLACEMENT_3D('',#2664,#2665,#2666);
#2668=CYLINDRICAL_SURFACE('',#2667,3.5E-1);
#2670=ORIENTED_EDGE('',*,*,#2669,.F.);
#2671=ORIENTED_EDGE('',*,*,#2555,.T.);
#2673=ORIENTED_EDGE('',*,*,#2672,.T.);
#2675=ORIENTED_EDGE('',*,*,#2674,.F.);
#2676=EDGE_LOOP('',(#2670,#2671,#2673,#2675));
#2677=FACE_OUTER_BOUND('',#2676,.F.);
#2679=CARTESIAN_POINT('',(7.805045099617E-1,2.598668144332E0,-1.85E0));
#2680=DIRECTION('',(8.715574274766E-2,9.961946980917E-1,0.E0));
#2681=DIRECTION('',(-9.961946980917E-1,8.715574274766E-2,0.E0));
#2682=AXIS2_PLACEMENT_3D('',#2679,#2680,#2681);
#2683=PLANE('',#2682);
#2684=ORIENTED_EDGE('',*,*,#2646,.T.);
#2686=ORIENTED_EDGE('',*,*,#2685,.F.);
#2687=ORIENTED_EDGE('',*,*,#2507,.F.);
#2688=ORIENTED_EDGE('',*,*,#2657,.T.);
#2689=EDGE_LOOP('',(#2684,#2686,#2687,#2688));
#2690=FACE_OUTER_BOUND('',#2689,.F.);
#2692=CARTESIAN_POINT('',(7.805045099617E-1,2.598668144332E0,-1.85E0));
#2693=DIRECTION('',(8.715574274766E-2,9.961946980917E-1,0.E0));
#2694=DIRECTION('',(-9.961946980917E-1,8.715574274766E-2,0.E0));
#2695=AXIS2_PLACEMENT_3D('',#2692,#2693,#2694);
#2696=PLANE('',#2695);
#2698=ORIENTED_EDGE('',*,*,#2697,.F.);
#2699=ORIENTED_EDGE('',*,*,#2674,.T.);
#2701=ORIENTED_EDGE('',*,*,#2700,.T.);
#2703=ORIENTED_EDGE('',*,*,#2702,.F.);
#2704=EDGE_LOOP('',(#2698,#2699,#2701,#2703));
#2705=FACE_OUTER_BOUND('',#2704,.F.);
#2707=CARTESIAN_POINT('',(4.E-1,2.732339959129E0,-1.85E0));
#2708=DIRECTION('',(0.E0,0.E0,1.E0));
#2709=DIRECTION('',(0.E0,-1.E0,0.E0));
#2710=AXIS2_PLACEMENT_3D('',#2707,#2708,#2709);
#2711=CYLINDRICAL_SURFACE('',#2710,1.E-1);
#2712=ORIENTED_EDGE('',*,*,#2644,.F.);
#2714=ORIENTED_EDGE('',*,*,#2713,.F.);
#2715=ORIENTED_EDGE('',*,*,#2509,.F.);
#2716=ORIENTED_EDGE('',*,*,#2685,.T.);
#2717=EDGE_LOOP('',(#2712,#2714,#2715,#2716));
#2718=FACE_OUTER_BOUND('',#2717,.F.);
#2720=CARTESIAN_POINT('',(4.E-1,2.732339959129E0,-1.85E0));
#2721=DIRECTION('',(0.E0,0.E0,1.E0));
#2722=DIRECTION('',(0.E0,-1.E0,0.E0));
#2723=AXIS2_PLACEMENT_3D('',#2720,#2721,#2722);
#2724=CYLINDRICAL_SURFACE('',#2723,1.E-1);
#2726=ORIENTED_EDGE('',*,*,#2725,.T.);
#2727=ORIENTED_EDGE('',*,*,#2702,.T.);
#2729=ORIENTED_EDGE('',*,*,#2728,.T.);
#2731=ORIENTED_EDGE('',*,*,#2730,.F.);
#2732=EDGE_LOOP('',(#2726,#2727,#2729,#2731));
#2733=FACE_OUTER_BOUND('',#2732,.F.);
#2735=CARTESIAN_POINT('',(3.E-1,2.732339959129E0,-1.85E0));
#2736=DIRECTION('',(1.E0,0.E0,0.E0));
#2737=DIRECTION('',(0.E0,1.E0,0.E0));
#2738=AXIS2_PLACEMENT_3D('',#2735,#2736,#2737);
#2739=PLANE('',#2738);
#2740=ORIENTED_EDGE('',*,*,#2642,.T.);
#2742=ORIENTED_EDGE('',*,*,#2741,.F.);
#2743=ORIENTED_EDGE('',*,*,#2511,.F.);
#2744=ORIENTED_EDGE('',*,*,#2713,.T.);
#2745=EDGE_LOOP('',(#2740,#2742,#2743,#2744));
#2746=FACE_OUTER_BOUND('',#2745,.F.);
#2748=CARTESIAN_POINT('',(3.E-1,2.732339959129E0,-1.85E0));
#2749=DIRECTION('',(1.E0,0.E0,0.E0));
#2750=DIRECTION('',(0.E0,1.E0,0.E0));
#2751=AXIS2_PLACEMENT_3D('',#2748,#2749,#2750);
#2752=PLANE('',#2751);
#2754=ORIENTED_EDGE('',*,*,#2753,.F.);
#2755=ORIENTED_EDGE('',*,*,#2730,.T.);
#2757=ORIENTED_EDGE('',*,*,#2756,.T.);
#2759=ORIENTED_EDGE('',*,*,#2758,.F.);
#2760=EDGE_LOOP('',(#2754,#2755,#2757,#2759));
#2761=FACE_OUTER_BOUND('',#2760,.F.);
#2763=CARTESIAN_POINT('',(3.E-1,3.25E0,-1.85E0));
#2764=DIRECTION('',(0.E0,1.E0,0.E0));
#2765=DIRECTION('',(-1.E0,0.E0,0.E0));
#2766=AXIS2_PLACEMENT_3D('',#2763,#2764,#2765);
#2767=PLANE('',#2766);
#2768=ORIENTED_EDGE('',*,*,#2640,.T.);
#2770=ORIENTED_EDGE('',*,*,#2769,.F.);
#2771=ORIENTED_EDGE('',*,*,#2513,.F.);
#2772=ORIENTED_EDGE('',*,*,#2741,.T.);
#2773=EDGE_LOOP('',(#2768,#2770,#2771,#2772));
#2774=FACE_OUTER_BOUND('',#2773,.F.);
#2776=CARTESIAN_POINT('',(3.E-1,3.25E0,-1.85E0));
#2777=DIRECTION('',(0.E0,1.E0,0.E0));
#2778=DIRECTION('',(-1.E0,0.E0,0.E0));
#2779=AXIS2_PLACEMENT_3D('',#2776,#2777,#2778);
#2780=PLANE('',#2779);
#2782=ORIENTED_EDGE('',*,*,#2781,.F.);
#2783=ORIENTED_EDGE('',*,*,#2758,.T.);
#2785=ORIENTED_EDGE('',*,*,#2784,.T.);
#2787=ORIENTED_EDGE('',*,*,#2786,.F.);
#2788=EDGE_LOOP('',(#2782,#2783,#2785,#2787));
#2789=FACE_OUTER_BOUND('',#2788,.F.);
#2791=CARTESIAN_POINT('',(0.E0,3.25E0,-1.85E0));
#2792=DIRECTION('',(-1.E0,0.E0,0.E0));
#2793=DIRECTION('',(0.E0,-1.E0,0.E0));
#2794=AXIS2_PLACEMENT_3D('',#2791,#2792,#2793);
#2795=PLANE('',#2794);
#2796=ORIENTED_EDGE('',*,*,#2638,.T.);
#2798=ORIENTED_EDGE('',*,*,#2797,.F.);
#2799=ORIENTED_EDGE('',*,*,#2515,.F.);
#2800=ORIENTED_EDGE('',*,*,#2769,.T.);
#2801=EDGE_LOOP('',(#2796,#2798,#2799,#2800));
#2802=FACE_OUTER_BOUND('',#2801,.F.);
#2804=CARTESIAN_POINT('',(0.E0,3.25E0,-1.85E0));
#2805=DIRECTION('',(-1.E0,0.E0,0.E0));
#2806=DIRECTION('',(0.E0,-1.E0,0.E0));
#2807=AXIS2_PLACEMENT_3D('',#2804,#2805,#2806);
#2808=PLANE('',#2807);
#2810=ORIENTED_EDGE('',*,*,#2809,.F.);
#2811=ORIENTED_EDGE('',*,*,#2786,.T.);
#2813=ORIENTED_EDGE('',*,*,#2812,.T.);
#2815=ORIENTED_EDGE('',*,*,#2814,.F.);
#2816=EDGE_LOOP('',(#2810,#2811,#2813,#2815));
#2817=FACE_OUTER_BOUND('',#2816,.F.);
#2819=CARTESIAN_POINT('',(4.E-1,2.732339959129E0,-1.85E0));
#2820=DIRECTION('',(0.E0,0.E0,1.E0));
#2821=DIRECTION('',(0.E0,-1.E0,0.E0));
#2822=AXIS2_PLACEMENT_3D('',#2819,#2820,#2821);
#2823=CYLINDRICAL_SURFACE('',#2822,4.E-1);
#2824=ORIENTED_EDGE('',*,*,#2636,.T.);
#2826=ORIENTED_EDGE('',*,*,#2825,.F.);
#2827=ORIENTED_EDGE('',*,*,#2517,.F.);
#2828=ORIENTED_EDGE('',*,*,#2797,.T.);
#2829=EDGE_LOOP('',(#2824,#2826,#2827,#2828));
#2830=FACE_OUTER_BOUND('',#2829,.F.);
#2832=CARTESIAN_POINT('',(4.E-1,2.732339959129E0,-1.85E0));
#2833=DIRECTION('',(0.E0,0.E0,1.E0));
#2834=DIRECTION('',(0.E0,-1.E0,0.E0));
#2835=AXIS2_PLACEMENT_3D('',#2832,#2833,#2834);
#2836=CYLINDRICAL_SURFACE('',#2835,4.E-1);
#2838=ORIENTED_EDGE('',*,*,#2837,.F.);
#2839=ORIENTED_EDGE('',*,*,#2814,.T.);
#2841=ORIENTED_EDGE('',*,*,#2840,.T.);
#2843=ORIENTED_EDGE('',*,*,#2842,.F.);
#2844=EDGE_LOOP('',(#2838,#2839,#2841,#2843));
#2845=FACE_OUTER_BOUND('',#2844,.F.);
#2847=CARTESIAN_POINT('',(3.651377029009E-1,2.333862079892E0,-1.85E0));
#2848=DIRECTION('',(-8.715574274766E-2,-9.961946980917E-1,0.E0));
#2849=DIRECTION('',(9.961946980917E-1,-8.715574274766E-2,0.E0));
#2850=AXIS2_PLACEMENT_3D('',#2847,#2848,#2849);
#2851=PLANE('',#2850);
#2852=ORIENTED_EDGE('',*,*,#2634,.T.);
#2853=ORIENTED_EDGE('',*,*,#2605,.F.);
#2854=ORIENTED_EDGE('',*,*,#2519,.F.);
#2855=ORIENTED_EDGE('',*,*,#2825,.T.);
#2856=EDGE_LOOP('',(#2852,#2853,#2854,#2855));
#2857=FACE_OUTER_BOUND('',#2856,.F.);
#2859=CARTESIAN_POINT('',(3.651377029009E-1,2.333862079892E0,-1.85E0));
#2860=DIRECTION('',(-8.715574274766E-2,-9.961946980917E-1,0.E0));
#2861=DIRECTION('',(9.961946980917E-1,-8.715574274766E-2,0.E0));
#2862=AXIS2_PLACEMENT_3D('',#2859,#2860,#2861);
#2863=PLANE('',#2862);
#2865=ORIENTED_EDGE('',*,*,#2864,.F.);
#2866=ORIENTED_EDGE('',*,*,#2842,.T.);
#2868=ORIENTED_EDGE('',*,*,#2867,.T.);
#2869=ORIENTED_EDGE('',*,*,#2617,.F.);
#2870=EDGE_LOOP('',(#2865,#2866,#2868,#2869));
#2871=FACE_OUTER_BOUND('',#2870,.F.);
#2873=CARTESIAN_POINT('',(0.E0,3.25E0,1.15E0));
#2874=DIRECTION('',(0.E0,0.E0,1.E0));
#2875=DIRECTION('',(0.E0,-1.E0,0.E0));
#2876=AXIS2_PLACEMENT_3D('',#2873,#2874,#2875);
#2877=PLANE('',#2876);
#2878=ORIENTED_EDGE('',*,*,#2669,.T.);
#2879=ORIENTED_EDGE('',*,*,#2697,.T.);
#2880=ORIENTED_EDGE('',*,*,#2725,.F.);
#2881=ORIENTED_EDGE('',*,*,#2753,.T.);
#2882=ORIENTED_EDGE('',*,*,#2781,.T.);
#2883=ORIENTED_EDGE('',*,*,#2809,.T.);
#2884=ORIENTED_EDGE('',*,*,#2837,.T.);
#2885=ORIENTED_EDGE('',*,*,#2864,.T.);
#2886=ORIENTED_EDGE('',*,*,#2615,.F.);
#2887=ORIENTED_EDGE('',*,*,#2557,.T.);
#2888=EDGE_LOOP('',(#2878,#2879,#2880,#2881,#2882,#2883,#2884,#2885,#2886,
#2887));
#2889=FACE_OUTER_BOUND('',#2888,.F.);
#2891=CARTESIAN_POINT('',(0.E0,0.E0,1.85E0));
#2892=DIRECTION('',(0.E0,0.E0,1.E0));
#2893=DIRECTION('',(0.E0,-1.E0,0.E0));
#2894=AXIS2_PLACEMENT_3D('',#2891,#2892,#2893);
#2895=PLANE('',#2894);
#2896=ORIENTED_EDGE('',*,*,#2151,.T.);
#2897=ORIENTED_EDGE('',*,*,#2474,.F.);
#2898=ORIENTED_EDGE('',*,*,#2446,.F.);
#2899=ORIENTED_EDGE('',*,*,#2417,.F.);
#2900=ORIENTED_EDGE('',*,*,#2388,.F.);
#2901=ORIENTED_EDGE('',*,*,#2359,.F.);
#2902=ORIENTED_EDGE('',*,*,#2330,.F.);
#2903=ORIENTED_EDGE('',*,*,#2301,.F.);
#2904=ORIENTED_EDGE('',*,*,#2272,.F.);
#2905=ORIENTED_EDGE('',*,*,#2217,.F.);
#2906=EDGE_LOOP('',(#2896,#2897,#2898,#2899,#2900,#2901,#2902,#2903,#2904,
#2905));
#2907=FACE_OUTER_BOUND('',#2906,.F.);
#2909=CARTESIAN_POINT('',(0.E0,0.E0,1.85E0));
#2910=DIRECTION('',(0.E0,0.E0,1.E0));
#2911=DIRECTION('',(0.E0,-1.E0,0.E0));
#2912=AXIS2_PLACEMENT_3D('',#2909,#2910,#2911);
#2913=PLANE('',#2912);
#2914=ORIENTED_EDGE('',*,*,#2561,.F.);
#2915=ORIENTED_EDGE('',*,*,#2619,.F.);
#2916=ORIENTED_EDGE('',*,*,#2867,.F.);
#2917=ORIENTED_EDGE('',*,*,#2840,.F.);
#2918=ORIENTED_EDGE('',*,*,#2812,.F.);
#2919=ORIENTED_EDGE('',*,*,#2784,.F.);
#2920=ORIENTED_EDGE('',*,*,#2756,.F.);
#2921=ORIENTED_EDGE('',*,*,#2728,.F.);
#2922=ORIENTED_EDGE('',*,*,#2700,.F.);
#2923=ORIENTED_EDGE('',*,*,#2672,.F.);
#2924=EDGE_LOOP('',(#2914,#2915,#2916,#2917,#2918,#2919,#2920,#2921,#2922,
#2923));
#2925=FACE_OUTER_BOUND('',#2924,.F.);
#2927=CARTESIAN_POINT('',(2.913725164437E0,1.95E0,1.95E0));
#2928=DIRECTION('',(-1.E0,0.E0,0.E0));
#2929=DIRECTION('',(0.E0,0.E0,1.E0));
#2930=AXIS2_PLACEMENT_3D('',#2927,#2928,#2929);
#2931=CYLINDRICAL_SURFACE('',#2930,3.E-1);
#2932=ORIENTED_EDGE('',*,*,#1968,.F.);
#2934=ORIENTED_EDGE('',*,*,#2933,.T.);
#2935=ORIENTED_EDGE('',*,*,#1881,.T.);
#2936=ORIENTED_EDGE('',*,*,#2532,.F.);
#2937=EDGE_LOOP('',(#2932,#2934,#2935,#2936));
#2938=FACE_OUTER_BOUND('',#2937,.F.);
#2940=CARTESIAN_POINT('',(2.913725164437E0,1.95E0,1.95E0));
#2941=DIRECTION('',(-1.E0,0.E0,0.E0));
#2942=DIRECTION('',(0.E0,0.E0,1.E0));
#2943=AXIS2_PLACEMENT_3D('',#2940,#2941,#2942);
#2944=CYLINDRICAL_SURFACE('',#2943,3.E-1);
#2945=ORIENTED_EDGE('',*,*,#2087,.T.);
#2946=ORIENTED_EDGE('',*,*,#2591,.F.);
#2948=ORIENTED_EDGE('',*,*,#2947,.T.);
#2950=ORIENTED_EDGE('',*,*,#2949,.T.);
#2951=EDGE_LOOP('',(#2945,#2946,#2948,#2950));
#2952=FACE_OUTER_BOUND('',#2951,.F.);
#2954=CARTESIAN_POINT('',(0.E0,2.25E0,2.25E0));
#2955=DIRECTION('',(0.E0,0.E0,1.E0));
#2956=DIRECTION('',(0.E0,-1.E0,0.E0));
#2957=AXIS2_PLACEMENT_3D('',#2954,#2955,#2956);
#2958=PLANE('',#2957);
#2959=ORIENTED_EDGE('',*,*,#1966,.F.);
#2960=ORIENTED_EDGE('',*,*,#1940,.T.);
#2961=ORIENTED_EDGE('',*,*,#1871,.F.);
#2963=ORIENTED_EDGE('',*,*,#2962,.T.);
#2965=ORIENTED_EDGE('',*,*,#2964,.F.);
#2967=ORIENTED_EDGE('',*,*,#2966,.F.);
#2968=ORIENTED_EDGE('',*,*,#1883,.F.);
#2969=ORIENTED_EDGE('',*,*,#2933,.F.);
#2970=EDGE_LOOP('',(#2959,#2960,#2961,#2963,#2965,#2967,#2968,#2969));
#2971=FACE_OUTER_BOUND('',#2970,.F.);
#2973=CARTESIAN_POINT('',(0.E0,2.25E0,2.25E0));
#2974=DIRECTION('',(0.E0,0.E0,1.E0));
#2975=DIRECTION('',(0.E0,-1.E0,0.E0));
#2976=AXIS2_PLACEMENT_3D('',#2973,#2974,#2975);
#2977=PLANE('',#2976);
#2978=ORIENTED_EDGE('',*,*,#2089,.F.);
#2979=ORIENTED_EDGE('',*,*,#2949,.F.);
#2981=ORIENTED_EDGE('',*,*,#2980,.T.);
#2983=ORIENTED_EDGE('',*,*,#2982,.T.);
#2984=EDGE_LOOP('',(#2978,#2979,#2981,#2983));
#2985=FACE_OUTER_BOUND('',#2984,.F.);
#2987=CARTESIAN_POINT('',(0.E0,2.25E0,2.25E0));
#2988=DIRECTION('',(0.E0,0.E0,1.E0));
#2989=DIRECTION('',(0.E0,-1.E0,0.E0));
#2990=AXIS2_PLACEMENT_3D('',#2987,#2988,#2989);
#2991=PLANE('',#2990);
#2992=ORIENTED_EDGE('',*,*,#2097,.F.);
#2994=ORIENTED_EDGE('',*,*,#2993,.F.);
#2996=ORIENTED_EDGE('',*,*,#2995,.T.);
#2997=ORIENTED_EDGE('',*,*,#1952,.T.);
#2998=EDGE_LOOP('',(#2992,#2994,#2996,#2997));
#2999=FACE_OUTER_BOUND('',#2998,.F.);
#3001=CARTESIAN_POINT('',(0.E0,-1.25E0,1.25E0));
#3002=DIRECTION('',(0.E0,-1.E0,0.E0));
#3003=DIRECTION('',(0.E0,0.E0,1.E0));
#3004=AXIS2_PLACEMENT_3D('',#3001,#3002,#3003);
#3005=PLANE('',#3004);
#3006=ORIENTED_EDGE('',*,*,#1869,.T.);
#3008=ORIENTED_EDGE('',*,*,#3007,.T.);
#3010=ORIENTED_EDGE('',*,*,#3009,.T.);
#3011=ORIENTED_EDGE('',*,*,#2962,.F.);
#3012=EDGE_LOOP('',(#3006,#3008,#3010,#3011));
#3013=FACE_OUTER_BOUND('',#3012,.F.);
#3015=CARTESIAN_POINT('',(0.E0,-2.25E0,1.25E0));
#3016=DIRECTION('',(0.E0,0.E0,1.E0));
#3017=DIRECTION('',(0.E0,1.E0,0.E0));
#3018=AXIS2_PLACEMENT_3D('',#3015,#3016,#3017);
#3019=PLANE('',#3018);
#3020=ORIENTED_EDGE('',*,*,#1867,.F.);
#3021=ORIENTED_EDGE('',*,*,#2139,.T.);
#3023=ORIENTED_EDGE('',*,*,#3022,.T.);
#3024=ORIENTED_EDGE('',*,*,#3007,.F.);
#3025=EDGE_LOOP('',(#3020,#3021,#3023,#3024));
#3026=FACE_OUTER_BOUND('',#3025,.F.);
#3028=CARTESIAN_POINT('',(3.E-1,0.E0,0.E0));
#3029=DIRECTION('',(-1.E0,0.E0,0.E0));
#3030=DIRECTION('',(0.E0,0.E0,1.E0));
#3031=AXIS2_PLACEMENT_3D('',#3028,#3029,#3030);
#3032=PLANE('',#3031);
#3033=ORIENTED_EDGE('',*,*,#2137,.T.);
#3035=ORIENTED_EDGE('',*,*,#3034,.F.);
#3037=ORIENTED_EDGE('',*,*,#3036,.F.);
#3039=ORIENTED_EDGE('',*,*,#3038,.T.);
#3041=ORIENTED_EDGE('',*,*,#3040,.F.);
#3043=ORIENTED_EDGE('',*,*,#3042,.F.);
#3044=ORIENTED_EDGE('',*,*,#2537,.T.);
#3046=ORIENTED_EDGE('',*,*,#3045,.F.);
#3048=ORIENTED_EDGE('',*,*,#3047,.F.);
#3049=ORIENTED_EDGE('',*,*,#2964,.T.);
#3050=ORIENTED_EDGE('',*,*,#3009,.F.);
#3051=ORIENTED_EDGE('',*,*,#3022,.F.);
#3052=EDGE_LOOP('',(#3033,#3035,#3037,#3039,#3041,#3043,#3044,#3046,#3048,#3049,
#3050,#3051));
#3053=FACE_OUTER_BOUND('',#3052,.F.);
#3055=CARTESIAN_POINT('',(0.E0,-1.25E0,-1.25E0));
#3056=DIRECTION('',(0.E0,0.E0,-1.E0));
#3057=DIRECTION('',(0.E0,-1.E0,0.E0));
#3058=AXIS2_PLACEMENT_3D('',#3055,#3056,#3057);
#3059=PLANE('',#3058);
#3060=ORIENTED_EDGE('',*,*,#1923,.T.);
#3062=ORIENTED_EDGE('',*,*,#3061,.T.);
#3063=ORIENTED_EDGE('',*,*,#3034,.T.);
#3064=ORIENTED_EDGE('',*,*,#2135,.F.);
#3065=EDGE_LOOP('',(#3060,#3062,#3063,#3064));
#3066=FACE_OUTER_BOUND('',#3065,.F.);
#3068=CARTESIAN_POINT('',(0.E0,-1.25E0,-2.25E0));
#3069=DIRECTION('',(0.E0,-1.E0,0.E0));
#3070=DIRECTION('',(0.E0,0.E0,1.E0));
#3071=AXIS2_PLACEMENT_3D('',#3068,#3069,#3070);
#3072=PLANE('',#3071);
#3073=ORIENTED_EDGE('',*,*,#1921,.F.);
#3075=ORIENTED_EDGE('',*,*,#3074,.T.);
#3076=ORIENTED_EDGE('',*,*,#3036,.T.);
#3077=ORIENTED_EDGE('',*,*,#3061,.F.);
#3078=EDGE_LOOP('',(#3073,#3075,#3076,#3077));
#3079=FACE_OUTER_BOUND('',#3078,.F.);
#3081=CARTESIAN_POINT('',(0.E0,-2.25E0,-2.25E0));
#3082=DIRECTION('',(0.E0,0.E0,-1.E0));
#3083=DIRECTION('',(0.E0,1.E0,0.E0));
#3084=AXIS2_PLACEMENT_3D('',#3081,#3082,#3083);
#3085=PLANE('',#3084);
#3086=ORIENTED_EDGE('',*,*,#1974,.F.);
#3088=ORIENTED_EDGE('',*,*,#3087,.T.);
#3089=ORIENTED_EDGE('',*,*,#1907,.F.);
#3091=ORIENTED_EDGE('',*,*,#3090,.T.);
#3092=ORIENTED_EDGE('',*,*,#3038,.F.);
#3093=ORIENTED_EDGE('',*,*,#3074,.F.);
#3094=ORIENTED_EDGE('',*,*,#1919,.F.);
#3096=ORIENTED_EDGE('',*,*,#3095,.F.);
#3097=EDGE_LOOP('',(#3086,#3088,#3089,#3091,#3092,#3093,#3094,#3096));
#3098=FACE_OUTER_BOUND('',#3097,.F.);
#3100=CARTESIAN_POINT('',(0.E0,-2.25E0,-2.25E0));
#3101=DIRECTION('',(0.E0,0.E0,-1.E0));
#3102=DIRECTION('',(0.E0,1.E0,0.E0));
#3103=AXIS2_PLACEMENT_3D('',#3100,#3101,#3102);
#3104=PLANE('',#3103);
#3105=ORIENTED_EDGE('',*,*,#2065,.F.);
#3107=ORIENTED_EDGE('',*,*,#3106,.F.);
#3109=ORIENTED_EDGE('',*,*,#3108,.T.);
#3111=ORIENTED_EDGE('',*,*,#3110,.T.);
#3112=EDGE_LOOP('',(#3105,#3107,#3109,#3111));
#3113=FACE_OUTER_BOUND('',#3112,.F.);
#3115=CARTESIAN_POINT('',(0.E0,-2.25E0,-2.25E0));
#3116=DIRECTION('',(0.E0,0.E0,-1.E0));
#3117=DIRECTION('',(0.E0,1.E0,0.E0));
#3118=AXIS2_PLACEMENT_3D('',#3115,#3116,#3117);
#3119=PLANE('',#3118);
#3120=ORIENTED_EDGE('',*,*,#2073,.F.);
#3122=ORIENTED_EDGE('',*,*,#3121,.F.);
#3124=ORIENTED_EDGE('',*,*,#3123,.T.);
#3126=ORIENTED_EDGE('',*,*,#3125,.T.);
#3127=EDGE_LOOP('',(#3120,#3122,#3124,#3126));
#3128=FACE_OUTER_BOUND('',#3127,.F.);
#3130=CARTESIAN_POINT('',(2.913725164437E0,1.95E0,-1.95E0));
#3131=DIRECTION('',(-1.E0,0.E0,0.E0));
#3132=DIRECTION('',(0.E0,1.E0,0.E0));
#3133=AXIS2_PLACEMENT_3D('',#3130,#3131,#3132);
#3134=CYLINDRICAL_SURFACE('',#3133,3.E-1);
#3135=ORIENTED_EDGE('',*,*,#1972,.F.);
#3136=ORIENTED_EDGE('',*,*,#2542,.T.);
#3137=ORIENTED_EDGE('',*,*,#1899,.T.);
#3138=ORIENTED_EDGE('',*,*,#3087,.F.);
#3139=EDGE_LOOP('',(#3135,#3136,#3137,#3138));
#3140=FACE_OUTER_BOUND('',#3139,.F.);
#3142=CARTESIAN_POINT('',(2.913725164437E0,1.95E0,-1.95E0));
#3143=DIRECTION('',(-1.E0,0.E0,0.E0));
#3144=DIRECTION('',(0.E0,1.E0,0.E0));
#3145=AXIS2_PLACEMENT_3D('',#3142,#3143,#3144);
#3146=CYLINDRICAL_SURFACE('',#3145,3.E-1);
#3147=ORIENTED_EDGE('',*,*,#2075,.T.);
#3148=ORIENTED_EDGE('',*,*,#3125,.F.);
#3150=ORIENTED_EDGE('',*,*,#3149,.T.);
#3151=ORIENTED_EDGE('',*,*,#2572,.T.);
#3152=EDGE_LOOP('',(#3147,#3148,#3150,#3151));
#3153=FACE_OUTER_BOUND('',#3152,.F.);
#3155=CARTESIAN_POINT('',(2.9E0,0.E0,0.E0));
#3156=DIRECTION('',(1.E0,0.E0,0.E0));
#3157=DIRECTION('',(0.E0,1.E0,0.E0));
#3158=AXIS2_PLACEMENT_3D('',#3155,#3156,#3157);
#3159=PLANE('',#3158);
#3160=ORIENTED_EDGE('',*,*,#1954,.F.);
#3161=ORIENTED_EDGE('',*,*,#2995,.F.);
#3163=ORIENTED_EDGE('',*,*,#3162,.T.);
#3165=ORIENTED_EDGE('',*,*,#3164,.T.);
#3167=ORIENTED_EDGE('',*,*,#3166,.F.);
#3168=ORIENTED_EDGE('',*,*,#2980,.F.);
#3169=ORIENTED_EDGE('',*,*,#2947,.F.);
#3170=ORIENTED_EDGE('',*,*,#2589,.F.);
#3172=ORIENTED_EDGE('',*,*,#3171,.T.);
#3174=ORIENTED_EDGE('',*,*,#3173,.T.);
#3176=ORIENTED_EDGE('',*,*,#3175,.F.);
#3177=ORIENTED_EDGE('',*,*,#2574,.F.);
#3178=ORIENTED_EDGE('',*,*,#3149,.F.);
#3179=ORIENTED_EDGE('',*,*,#3123,.F.);
#3181=ORIENTED_EDGE('',*,*,#3180,.T.);
#3183=ORIENTED_EDGE('',*,*,#3182,.T.);
#3185=ORIENTED_EDGE('',*,*,#3184,.F.);
#3186=ORIENTED_EDGE('',*,*,#3108,.F.);
#3188=ORIENTED_EDGE('',*,*,#3187,.F.);
#3189=ORIENTED_EDGE('',*,*,#2187,.F.);
#3191=ORIENTED_EDGE('',*,*,#3190,.T.);
#3193=ORIENTED_EDGE('',*,*,#3192,.T.);
#3194=ORIENTED_EDGE('',*,*,#2119,.F.);
#3195=ORIENTED_EDGE('',*,*,#2173,.F.);
#3196=EDGE_LOOP('',(#3160,#3161,#3163,#3165,#3167,#3168,#3169,#3170,#3172,#3174,
#3176,#3177,#3178,#3179,#3181,#3183,#3185,#3186,#3188,#3189,#3191,#3193,#3194,
#3195));
#3197=FACE_OUTER_BOUND('',#3196,.F.);
#3199=ORIENTED_EDGE('',*,*,#3198,.T.);
#3201=ORIENTED_EDGE('',*,*,#3200,.T.);
#3202=EDGE_LOOP('',(#3199,#3201));
#3203=FACE_BOUND('',#3202,.F.);
#3205=ORIENTED_EDGE('',*,*,#3204,.T.);
#3207=ORIENTED_EDGE('',*,*,#3206,.T.);
#3208=EDGE_LOOP('',(#3205,#3207));
#3209=FACE_BOUND('',#3208,.F.);
#3211=ORIENTED_EDGE('',*,*,#3210,.T.);
#3213=ORIENTED_EDGE('',*,*,#3212,.T.);
#3214=EDGE_LOOP('',(#3211,#3213));
#3215=FACE_BOUND('',#3214,.F.);
#3217=ORIENTED_EDGE('',*,*,#3216,.T.);
#3219=ORIENTED_EDGE('',*,*,#3218,.T.);
#3220=EDGE_LOOP('',(#3217,#3219));
#3221=FACE_BOUND('',#3220,.F.);
#3223=ORIENTED_EDGE('',*,*,#3222,.T.);
#3225=ORIENTED_EDGE('',*,*,#3224,.T.);
#3226=EDGE_LOOP('',(#3223,#3225));
#3227=FACE_BOUND('',#3226,.F.);
#3229=CARTESIAN_POINT('',(2.9E0,-1.65E0,-1.65E0));
#3230=DIRECTION('',(1.E0,0.E0,0.E0));
#3231=DIRECTION('',(0.E0,-1.E0,0.E0));
#3232=AXIS2_PLACEMENT_3D('',#3229,#3230,#3231);
#3233=CYLINDRICAL_SURFACE('',#3232,3.5E-1);
#3235=ORIENTED_EDGE('',*,*,#3234,.T.);
#3237=ORIENTED_EDGE('',*,*,#3236,.F.);
#3238=ORIENTED_EDGE('',*,*,#3222,.F.);
#3240=ORIENTED_EDGE('',*,*,#3239,.T.);
#3241=EDGE_LOOP('',(#3235,#3237,#3238,#3240));
#3242=FACE_OUTER_BOUND('',#3241,.F.);
#3244=CARTESIAN_POINT('',(2.939477255699E0,-1.997842552802E0,
-1.613250586145E0));
#3245=CARTESIAN_POINT('',(3.095757711212E0,-2.004389945558E0,
-1.612558856958E0));
#3246=CARTESIAN_POINT('',(3.206362584607E0,-1.894396996846E0,
-1.624179563973E0));
#3247=CARTESIAN_POINT('',(3.199778423348E0,-1.738981508942E0,
-1.640599142425E0));
#3248=CARTESIAN_POINT('',(2.939477255699E0,-2.021211585365E0,
-1.834444425453E0));
#3249=CARTESIAN_POINT('',(3.095757711212E0,-2.028198850221E0,
-1.837916197625E0));
#3250=CARTESIAN_POINT('',(3.206362584607E0,-1.910816268529E0,
-1.779592148237E0));
#3251=CARTESIAN_POINT('',(3.199778423348E0,-1.744959534813E0,
-1.697182678371E0));
#3252=CARTESIAN_POINT('',(2.939477255699E0,-1.872424870508E0,
-1.999778450121E0));
#3253=CARTESIAN_POINT('',(3.095757711212E0,-1.876611543398E0,
-2.006362282007E0));
#3254=CARTESIAN_POINT('',(3.206362584607E0,-1.806277516762E0,
-1.895757173993E0));
#3255=CARTESIAN_POINT('',(3.199778423348E0,-1.706898445703E0,
-1.739476730309E0));
#3256=CARTESIAN_POINT('',(2.939477255699E0,-1.649999992783E0,
-1.999778445532E0));
#3257=CARTESIAN_POINT('',(3.095757711212E0,-1.649999992647E0,
-2.006362277332E0));
#3258=CARTESIAN_POINT('',(3.206362584607E0,-1.649999994929E0,
-1.895757170768E0));
#3259=CARTESIAN_POINT('',(3.199778423348E0,-1.649999998154E0,
-1.739476729135E0));
#3260=CARTESIAN_POINT('',(2.939477255699E0,-1.427575115059E0,
-1.999778440943E0));
#3261=CARTESIAN_POINT('',(3.095757711212E0,-1.423388441897E0,
-2.006362272656E0));
#3262=CARTESIAN_POINT('',(3.206362584607E0,-1.493722473097E0,
-1.895757167544E0));
#3263=CARTESIAN_POINT('',(3.199778423348E0,-1.593101550604E0,
-1.739476727961E0));
#3264=CARTESIAN_POINT('',(2.939477255699E0,-1.278788407024E0,
-1.834444410135E0));
#3265=CARTESIAN_POINT('',(3.095757711212E0,-1.271801142024E0,
-1.837916182019E0));
#3266=CARTESIAN_POINT('',(3.206362584607E0,-1.389183726123E0,
-1.779592137474E0));
#3267=CARTESIAN_POINT('',(3.199778423348E0,-1.555040463240E0,
-1.697182674453E0));
#3268=CARTESIAN_POINT('',(2.939477255699E0,-1.302157448714E0,
-1.613250571791E0));
#3269=CARTESIAN_POINT('',(3.095757711212E0,-1.295610055987E0,
-1.612558842335E0));
#3270=CARTESIAN_POINT('',(3.206362584607E0,-1.405603004219E0,
-1.624179553888E0));
#3271=CARTESIAN_POINT('',(3.199778423348E0,-1.561018491446E0,
-1.640599138753E0));
#3272=(BOUNDED_SURFACE()B_SPLINE_SURFACE(3,3,((#3244,#3245,#3246,#3247),(#3248,
#3249,#3250,#3251),(#3252,#3253,#3254,#3255),(#3256,#3257,#3258,#3259),(#3260,
#3261,#3262,#3263),(#3264,#3265,#3266,#3267),(#3268,#3269,#3270,#3271)),
.UNSPECIFIED.,.F.,.F.,.F.)B_SPLINE_SURFACE_WITH_KNOTS((4,3,4),(4,4),(0.E0,1.E0,
2.E0),(0.E0,1.E0),.UNSPECIFIED.)GEOMETRIC_REPRESENTATION_ITEM()RATIONAL_B_SPLINE_SURFACE(((1.429427645562E0,1.121354101288E0,1.121354101288E0,1.429427645562E0),(
1.113934067911E0,8.738564274268E-1,8.738564274268E-1,1.113934067911E0),(
1.113934067911E0,8.738564274268E-1,8.738564274268E-1,1.113934067911E0),(
1.429427645562E0,1.121354101288E0,1.121354101288E0,1.429427645562E0),(
1.113934067911E0,8.738564274268E-1,8.738564274268E-1,1.113934067911E0),(
1.113934067911E0,8.738564274268E-1,8.738564274268E-1,1.113934067911E0),(
1.429427645562E0,1.121354101288E0,1.121354101288E0,1.429427645562E0)))REPRESENTATION_ITEM('')SURFACE());
#3274=ORIENTED_EDGE('',*,*,#3273,.T.);
#3276=ORIENTED_EDGE('',*,*,#3275,.T.);
#3277=ORIENTED_EDGE('',*,*,#3234,.F.);
#3279=ORIENTED_EDGE('',*,*,#3278,.F.);
#3280=EDGE_LOOP('',(#3274,#3276,#3277,#3279));
#3281=FACE_OUTER_BOUND('',#3280,.F.);
#3283=CARTESIAN_POINT('',(3.2E0,0.E0,0.E0));
#3284=DIRECTION('',(1.E0,0.E0,0.E0));
#3285=DIRECTION('',(0.E0,-1.E0,0.E0));
#3286=AXIS2_PLACEMENT_3D('',#3283,#3284,#3285);
#3287=PLANE('',#3286);
#3288=ORIENTED_EDGE('',*,*,#3273,.F.);
#3290=ORIENTED_EDGE('',*,*,#3289,.F.);
#3291=EDGE_LOOP('',(#3288,#3290));
#3292=FACE_OUTER_BOUND('',#3291,.F.);
#3294=CARTESIAN_POINT('',(3.2E0,0.E0,0.E0));
#3295=DIRECTION('',(1.E0,0.E0,0.E0));
#3296=DIRECTION('',(0.E0,-1.E0,0.E0));
#3297=AXIS2_PLACEMENT_3D('',#3294,#3295,#3296);
#3298=PLANE('',#3297);
#3300=ORIENTED_EDGE('',*,*,#3299,.F.);
#3302=ORIENTED_EDGE('',*,*,#3301,.F.);
#3303=EDGE_LOOP('',(#3300,#3302));
#3304=FACE_OUTER_BOUND('',#3303,.F.);
#3306=CARTESIAN_POINT('',(3.2E0,0.E0,0.E0));
#3307=DIRECTION('',(1.E0,0.E0,0.E0));
#3308=DIRECTION('',(0.E0,-1.E0,0.E0));
#3309=AXIS2_PLACEMENT_3D('',#3306,#3307,#3308);
#3310=PLANE('',#3309);
#3312=ORIENTED_EDGE('',*,*,#3311,.F.);
#3314=ORIENTED_EDGE('',*,*,#3313,.F.);
#3315=EDGE_LOOP('',(#3312,#3314));
#3316=FACE_OUTER_BOUND('',#3315,.F.);
#3318=CARTESIAN_POINT('',(3.2E0,0.E0,0.E0));
#3319=DIRECTION('',(1.E0,0.E0,0.E0));
#3320=DIRECTION('',(0.E0,-1.E0,0.E0));
#3321=AXIS2_PLACEMENT_3D('',#3318,#3319,#3320);
#3322=PLANE('',#3321);
#3324=ORIENTED_EDGE('',*,*,#3323,.F.);
#3326=ORIENTED_EDGE('',*,*,#3325,.F.);
#3327=EDGE_LOOP('',(#3324,#3326));
#3328=FACE_OUTER_BOUND('',#3327,.F.);
#3330=CARTESIAN_POINT('',(2.939477255699E0,-1.302157447198E0,
-1.686749413855E0));
#3331=CARTESIAN_POINT('',(3.095757711212E0,-1.295610054442E0,
-1.687441143042E0));
#3332=CARTESIAN_POINT('',(3.206362584607E0,-1.405603003154E0,
-1.675820436027E0));
#3333=CARTESIAN_POINT('',(3.199778423348E0,-1.561018491058E0,
-1.659400857575E0));
#3334=CARTESIAN_POINT('',(2.939477255699E0,-1.278788414635E0,
-1.465555574547E0));
#3335=CARTESIAN_POINT('',(3.095757711212E0,-1.271801149779E0,
-1.462083802375E0));
#3336=CARTESIAN_POINT('',(3.206362584607E0,-1.389183731471E0,
-1.520407851763E0));
#3337=CARTESIAN_POINT('',(3.199778423348E0,-1.555040465187E0,
-1.602817321629E0));
#3338=CARTESIAN_POINT('',(2.939477255699E0,-1.427575129492E0,
-1.300221549879E0));
#3339=CARTESIAN_POINT('',(3.095757711212E0,-1.423388456602E0,
-1.293637717993E0));
#3340=CARTESIAN_POINT('',(3.206362584607E0,-1.493722483238E0,
-1.404242826007E0));
#3341=CARTESIAN_POINT('',(3.199778423348E0,-1.593101554297E0,
-1.560523269691E0));
#3342=CARTESIAN_POINT('',(2.939477255699E0,-1.650000007217E0,
-1.300221554468E0));
#3343=CARTESIAN_POINT('',(3.095757711212E0,-1.650000007353E0,
-1.293637722668E0));
#3344=CARTESIAN_POINT('',(3.206362584607E0,-1.650000005071E0,
-1.404242829232E0));
#3345=CARTESIAN_POINT('',(3.199778423348E0,-1.650000001846E0,
-1.560523270865E0));
#3346=CARTESIAN_POINT('',(2.939477255699E0,-1.872424884941E0,
-1.300221559057E0));
#3347=CARTESIAN_POINT('',(3.095757711212E0,-1.876611558103E0,
-1.293637727344E0));
#3348=CARTESIAN_POINT('',(3.206362584607E0,-1.806277526903E0,
-1.404242832456E0));
#3349=CARTESIAN_POINT('',(3.199778423348E0,-1.706898449396E0,
-1.560523272039E0));
#3350=CARTESIAN_POINT('',(2.939477255699E0,-2.021211592976E0,
-1.465555589865E0));
#3351=CARTESIAN_POINT('',(3.095757711212E0,-2.028198857976E0,
-1.462083817981E0));
#3352=CARTESIAN_POINT('',(3.206362584607E0,-1.910816273877E0,
-1.520407862526E0));
#3353=CARTESIAN_POINT('',(3.199778423348E0,-1.744959536760E0,
-1.602817325547E0));
#3354=CARTESIAN_POINT('',(2.939477255699E0,-1.997842551286E0,
-1.686749428209E0));
#3355=CARTESIAN_POINT('',(3.095757711212E0,-2.004389944013E0,
-1.687441157665E0));
#3356=CARTESIAN_POINT('',(3.206362584607E0,-1.894396995781E0,
-1.675820446112E0));
#3357=CARTESIAN_POINT('',(3.199778423348E0,-1.738981508554E0,
-1.659400861247E0));
#3358=(BOUNDED_SURFACE()B_SPLINE_SURFACE(3,3,((#3330,#3331,#3332,#3333),(#3334,
#3335,#3336,#3337),(#3338,#3339,#3340,#3341),(#3342,#3343,#3344,#3345),(#3346,
#3347,#3348,#3349),(#3350,#3351,#3352,#3353),(#3354,#3355,#3356,#3357)),
.UNSPECIFIED.,.F.,.F.,.F.)B_SPLINE_SURFACE_WITH_KNOTS((4,3,4),(4,4),(0.E0,1.E0,
2.E0),(0.E0,1.E0),.UNSPECIFIED.)GEOMETRIC_REPRESENTATION_ITEM()RATIONAL_B_SPLINE_SURFACE(((1.429427645562E0,1.121354101288E0,1.121354101288E0,1.429427645562E0),(
1.113934067911E0,8.738564274268E-1,8.738564274268E-1,1.113934067911E0),(
1.113934067911E0,8.738564274268E-1,8.738564274268E-1,1.113934067911E0),(
1.429427645562E0,1.121354101288E0,1.121354101288E0,1.429427645562E0),(
1.113934067911E0,8.738564274268E-1,8.738564274268E-1,1.113934067911E0),(
1.113934067911E0,8.738564274268E-1,8.738564274268E-1,1.113934067911E0),(
1.429427645562E0,1.121354101288E0,1.121354101288E0,1.429427645562E0)))REPRESENTATION_ITEM('')SURFACE());
#3359=ORIENTED_EDGE('',*,*,#3289,.T.);
#3360=ORIENTED_EDGE('',*,*,#3278,.T.);
#3362=ORIENTED_EDGE('',*,*,#3361,.F.);
#3363=ORIENTED_EDGE('',*,*,#3275,.F.);
#3364=EDGE_LOOP('',(#3359,#3360,#3362,#3363));
#3365=FACE_OUTER_BOUND('',#3364,.F.);
#3367=CARTESIAN_POINT('',(2.9E0,-1.65E0,-1.65E0));
#3368=DIRECTION('',(1.E0,0.E0,0.E0));
#3369=DIRECTION('',(0.E0,-1.E0,0.E0));
#3370=AXIS2_PLACEMENT_3D('',#3367,#3368,#3369);
#3371=CYLINDRICAL_SURFACE('',#3370,3.5E-1);
#3372=ORIENTED_EDGE('',*,*,#3361,.T.);
#3373=ORIENTED_EDGE('',*,*,#3239,.F.);
#3374=ORIENTED_EDGE('',*,*,#3224,.F.);
#3375=ORIENTED_EDGE('',*,*,#3236,.T.);
#3376=EDGE_LOOP('',(#3372,#3373,#3374,#3375));
#3377=FACE_OUTER_BOUND('',#3376,.F.);
#3379=CARTESIAN_POINT('',(2.939477255699E0,-1.997842552802E0,1.686749413855E0));
#3380=CARTESIAN_POINT('',(3.095757711212E0,-2.004389945558E0,1.687441143042E0));
#3381=CARTESIAN_POINT('',(3.206362584607E0,-1.894396996846E0,1.675820436027E0));
#3382=CARTESIAN_POINT('',(3.199778423348E0,-1.738981508942E0,1.659400857575E0));
#3383=CARTESIAN_POINT('',(2.939477255699E0,-2.021211585365E0,1.465555574547E0));
#3384=CARTESIAN_POINT('',(3.095757711212E0,-2.028198850221E0,1.462083802375E0));
#3385=CARTESIAN_POINT('',(3.206362584607E0,-1.910816268529E0,1.520407851763E0));
#3386=CARTESIAN_POINT('',(3.199778423348E0,-1.744959534813E0,1.602817321629E0));
#3387=CARTESIAN_POINT('',(2.939477255699E0,-1.872424870508E0,1.300221549879E0));
#3388=CARTESIAN_POINT('',(3.095757711212E0,-1.876611543398E0,1.293637717993E0));
#3389=CARTESIAN_POINT('',(3.206362584607E0,-1.806277516762E0,1.404242826007E0));
#3390=CARTESIAN_POINT('',(3.199778423348E0,-1.706898445703E0,1.560523269691E0));
#3391=CARTESIAN_POINT('',(2.939477255699E0,-1.649999992783E0,1.300221554468E0));
#3392=CARTESIAN_POINT('',(3.095757711212E0,-1.649999992647E0,1.293637722668E0));
#3393=CARTESIAN_POINT('',(3.206362584607E0,-1.649999994929E0,1.404242829232E0));
#3394=CARTESIAN_POINT('',(3.199778423348E0,-1.649999998154E0,1.560523270865E0));
#3395=CARTESIAN_POINT('',(2.939477255699E0,-1.427575115059E0,1.300221559057E0));
#3396=CARTESIAN_POINT('',(3.095757711212E0,-1.423388441897E0,1.293637727344E0));
#3397=CARTESIAN_POINT('',(3.206362584607E0,-1.493722473097E0,1.404242832456E0));
#3398=CARTESIAN_POINT('',(3.199778423348E0,-1.593101550604E0,1.560523272039E0));
#3399=CARTESIAN_POINT('',(2.939477255699E0,-1.278788407024E0,1.465555589865E0));
#3400=CARTESIAN_POINT('',(3.095757711212E0,-1.271801142024E0,1.462083817981E0));
#3401=CARTESIAN_POINT('',(3.206362584607E0,-1.389183726123E0,1.520407862526E0));
#3402=CARTESIAN_POINT('',(3.199778423348E0,-1.555040463240E0,1.602817325547E0));
#3403=CARTESIAN_POINT('',(2.939477255699E0,-1.302157448714E0,1.686749428209E0));
#3404=CARTESIAN_POINT('',(3.095757711212E0,-1.295610055987E0,1.687441157665E0));
#3405=CARTESIAN_POINT('',(3.206362584607E0,-1.405603004219E0,1.675820446112E0));
#3406=CARTESIAN_POINT('',(3.199778423348E0,-1.561018491446E0,1.659400861247E0));
#3407=(BOUNDED_SURFACE()B_SPLINE_SURFACE(3,3,((#3379,#3380,#3381,#3382),(#3383,
#3384,#3385,#3386),(#3387,#3388,#3389,#3390),(#3391,#3392,#3393,#3394),(#3395,
#3396,#3397,#3398),(#3399,#3400,#3401,#3402),(#3403,#3404,#3405,#3406)),
.UNSPECIFIED.,.F.,.F.,.F.)B_SPLINE_SURFACE_WITH_KNOTS((4,3,4),(4,4),(0.E0,1.E0,
2.E0),(0.E0,1.E0),.UNSPECIFIED.)GEOMETRIC_REPRESENTATION_ITEM()RATIONAL_B_SPLINE_SURFACE(((1.429427645562E0,1.121354101288E0,1.121354101288E0,1.429427645562E0),(
1.113934067911E0,8.738564274268E-1,8.738564274268E-1,1.113934067911E0),(
1.113934067911E0,8.738564274268E-1,8.738564274268E-1,1.113934067911E0),(
1.429427645562E0,1.121354101288E0,1.121354101288E0,1.429427645562E0),(
1.113934067911E0,8.738564274268E-1,8.738564274268E-1,1.113934067911E0),(
1.113934067911E0,8.738564274268E-1,8.738564274268E-1,1.113934067911E0),(
1.429427645562E0,1.121354101288E0,1.121354101288E0,1.429427645562E0)))REPRESENTATION_ITEM('')SURFACE());
#3408=ORIENTED_EDGE('',*,*,#3299,.T.);
#3410=ORIENTED_EDGE('',*,*,#3409,.T.);
#3412=ORIENTED_EDGE('',*,*,#3411,.F.);
#3414=ORIENTED_EDGE('',*,*,#3413,.F.);
#3415=EDGE_LOOP('',(#3408,#3410,#3412,#3414));
#3416=FACE_OUTER_BOUND('',#3415,.F.);
#3418=CARTESIAN_POINT('',(2.939477255699E0,-1.302157447198E0,1.613250586145E0));
#3419=CARTESIAN_POINT('',(3.095757711212E0,-1.295610054442E0,1.612558856958E0));
#3420=CARTESIAN_POINT('',(3.206362584607E0,-1.405603003154E0,1.624179563973E0));
#3421=CARTESIAN_POINT('',(3.199778423348E0,-1.561018491058E0,1.640599142425E0));
#3422=CARTESIAN_POINT('',(2.939477255699E0,-1.278788414635E0,1.834444425453E0));
#3423=CARTESIAN_POINT('',(3.095757711212E0,-1.271801149779E0,1.837916197625E0));
#3424=CARTESIAN_POINT('',(3.206362584607E0,-1.389183731471E0,1.779592148237E0));
#3425=CARTESIAN_POINT('',(3.199778423348E0,-1.555040465187E0,1.697182678371E0));
#3426=CARTESIAN_POINT('',(2.939477255699E0,-1.427575129492E0,1.999778450121E0));
#3427=CARTESIAN_POINT('',(3.095757711212E0,-1.423388456602E0,2.006362282007E0));
#3428=CARTESIAN_POINT('',(3.206362584607E0,-1.493722483238E0,1.895757173993E0));
#3429=CARTESIAN_POINT('',(3.199778423348E0,-1.593101554297E0,1.739476730309E0));
#3430=CARTESIAN_POINT('',(2.939477255699E0,-1.650000007217E0,1.999778445532E0));
#3431=CARTESIAN_POINT('',(3.095757711212E0,-1.650000007353E0,2.006362277332E0));
#3432=CARTESIAN_POINT('',(3.206362584607E0,-1.650000005071E0,1.895757170768E0));
#3433=CARTESIAN_POINT('',(3.199778423348E0,-1.650000001846E0,1.739476729135E0));
#3434=CARTESIAN_POINT('',(2.939477255699E0,-1.872424884941E0,1.999778440943E0));
#3435=CARTESIAN_POINT('',(3.095757711212E0,-1.876611558103E0,2.006362272656E0));
#3436=CARTESIAN_POINT('',(3.206362584607E0,-1.806277526903E0,1.895757167544E0));
#3437=CARTESIAN_POINT('',(3.199778423348E0,-1.706898449396E0,1.739476727961E0));
#3438=CARTESIAN_POINT('',(2.939477255699E0,-2.021211592976E0,1.834444410135E0));
#3439=CARTESIAN_POINT('',(3.095757711212E0,-2.028198857976E0,1.837916182019E0));
#3440=CARTESIAN_POINT('',(3.206362584607E0,-1.910816273877E0,1.779592137474E0));
#3441=CARTESIAN_POINT('',(3.199778423348E0,-1.744959536760E0,1.697182674453E0));
#3442=CARTESIAN_POINT('',(2.939477255699E0,-1.997842551286E0,1.613250571791E0));
#3443=CARTESIAN_POINT('',(3.095757711212E0,-2.004389944013E0,1.612558842335E0));
#3444=CARTESIAN_POINT('',(3.206362584607E0,-1.894396995781E0,1.624179553888E0));
#3445=CARTESIAN_POINT('',(3.199778423348E0,-1.738981508554E0,1.640599138753E0));
#3446=(BOUNDED_SURFACE()B_SPLINE_SURFACE(3,3,((#3418,#3419,#3420,#3421),(#3422,
#3423,#3424,#3425),(#3426,#3427,#3428,#3429),(#3430,#3431,#3432,#3433),(#3434,
#3435,#3436,#3437),(#3438,#3439,#3440,#3441),(#3442,#3443,#3444,#3445)),
.UNSPECIFIED.,.F.,.F.,.F.)B_SPLINE_SURFACE_WITH_KNOTS((4,3,4),(4,4),(0.E0,1.E0,
2.E0),(0.E0,1.E0),.UNSPECIFIED.)GEOMETRIC_REPRESENTATION_ITEM()RATIONAL_B_SPLINE_SURFACE(((1.429427645562E0,1.121354101288E0,1.121354101288E0,1.429427645562E0),(
1.113934067911E0,8.738564274268E-1,8.738564274268E-1,1.113934067911E0),(
1.113934067911E0,8.738564274268E-1,8.738564274268E-1,1.113934067911E0),(
1.429427645562E0,1.121354101288E0,1.121354101288E0,1.429427645562E0),(
1.113934067911E0,8.738564274268E-1,8.738564274268E-1,1.113934067911E0),(
1.113934067911E0,8.738564274268E-1,8.738564274268E-1,1.113934067911E0),(
1.429427645562E0,1.121354101288E0,1.121354101288E0,1.429427645562E0)))REPRESENTATION_ITEM('')SURFACE());
#3447=ORIENTED_EDGE('',*,*,#3301,.T.);
#3448=ORIENTED_EDGE('',*,*,#3413,.T.);
#3450=ORIENTED_EDGE('',*,*,#3449,.F.);
#3451=ORIENTED_EDGE('',*,*,#3409,.F.);
#3452=EDGE_LOOP('',(#3447,#3448,#3450,#3451));
#3453=FACE_OUTER_BOUND('',#3452,.F.);
#3455=CARTESIAN_POINT('',(2.9E0,-1.65E0,1.65E0));
#3456=DIRECTION('',(1.E0,0.E0,0.E0));
#3457=DIRECTION('',(0.E0,-1.E0,0.E0));
#3458=AXIS2_PLACEMENT_3D('',#3455,#3456,#3457);
#3459=CYLINDRICAL_SURFACE('',#3458,3.5E-1);
#3460=ORIENTED_EDGE('',*,*,#3449,.T.);
#3462=ORIENTED_EDGE('',*,*,#3461,.F.);
#3463=ORIENTED_EDGE('',*,*,#3212,.F.);
#3465=ORIENTED_EDGE('',*,*,#3464,.T.);
#3466=EDGE_LOOP('',(#3460,#3462,#3463,#3465));
#3467=FACE_OUTER_BOUND('',#3466,.F.);
#3469=CARTESIAN_POINT('',(2.9E0,-1.65E0,1.65E0));
#3470=DIRECTION('',(1.E0,0.E0,0.E0));
#3471=DIRECTION('',(0.E0,-1.E0,0.E0));
#3472=AXIS2_PLACEMENT_3D('',#3469,#3470,#3471);
#3473=CYLINDRICAL_SURFACE('',#3472,3.5E-1);
#3474=ORIENTED_EDGE('',*,*,#3411,.T.);
#3475=ORIENTED_EDGE('',*,*,#3464,.F.);
#3476=ORIENTED_EDGE('',*,*,#3210,.F.);
#3477=ORIENTED_EDGE('',*,*,#3461,.T.);
#3478=EDGE_LOOP('',(#3474,#3475,#3476,#3477));
#3479=FACE_OUTER_BOUND('',#3478,.F.);
#3481=CARTESIAN_POINT('',(2.939477255699E0,1.302157447198E0,1.686749413855E0));
#3482=CARTESIAN_POINT('',(3.095757711212E0,1.295610054442E0,1.687441143042E0));
#3483=CARTESIAN_POINT('',(3.206362584607E0,1.405603003154E0,1.675820436027E0));
#3484=CARTESIAN_POINT('',(3.199778423348E0,1.561018491058E0,1.659400857575E0));
#3485=CARTESIAN_POINT('',(2.939477255699E0,1.278788414635E0,1.465555574547E0));
#3486=CARTESIAN_POINT('',(3.095757711212E0,1.271801149779E0,1.462083802375E0));
#3487=CARTESIAN_POINT('',(3.206362584607E0,1.389183731471E0,1.520407851763E0));
#3488=CARTESIAN_POINT('',(3.199778423348E0,1.555040465187E0,1.602817321629E0));
#3489=CARTESIAN_POINT('',(2.939477255699E0,1.427575129492E0,1.300221549879E0));
#3490=CARTESIAN_POINT('',(3.095757711212E0,1.423388456602E0,1.293637717993E0));
#3491=CARTESIAN_POINT('',(3.206362584607E0,1.493722483238E0,1.404242826007E0));
#3492=CARTESIAN_POINT('',(3.199778423348E0,1.593101554297E0,1.560523269691E0));
#3493=CARTESIAN_POINT('',(2.939477255699E0,1.650000007217E0,1.300221554468E0));
#3494=CARTESIAN_POINT('',(3.095757711212E0,1.650000007353E0,1.293637722668E0));
#3495=CARTESIAN_POINT('',(3.206362584607E0,1.650000005071E0,1.404242829232E0));
#3496=CARTESIAN_POINT('',(3.199778423348E0,1.650000001846E0,1.560523270865E0));
#3497=CARTESIAN_POINT('',(2.939477255699E0,1.872424884941E0,1.300221559057E0));
#3498=CARTESIAN_POINT('',(3.095757711212E0,1.876611558103E0,1.293637727344E0));
#3499=CARTESIAN_POINT('',(3.206362584607E0,1.806277526903E0,1.404242832456E0));
#3500=CARTESIAN_POINT('',(3.199778423348E0,1.706898449396E0,1.560523272039E0));
#3501=CARTESIAN_POINT('',(2.939477255699E0,2.021211592976E0,1.465555589865E0));
#3502=CARTESIAN_POINT('',(3.095757711212E0,2.028198857976E0,1.462083817981E0));
#3503=CARTESIAN_POINT('',(3.206362584607E0,1.910816273877E0,1.520407862526E0));
#3504=CARTESIAN_POINT('',(3.199778423348E0,1.744959536760E0,1.602817325547E0));
#3505=CARTESIAN_POINT('',(2.939477255699E0,1.997842551286E0,1.686749428209E0));
#3506=CARTESIAN_POINT('',(3.095757711212E0,2.004389944013E0,1.687441157665E0));
#3507=CARTESIAN_POINT('',(3.206362584607E0,1.894396995781E0,1.675820446112E0));
#3508=CARTESIAN_POINT('',(3.199778423348E0,1.738981508554E0,1.659400861247E0));
#3509=(BOUNDED_SURFACE()B_SPLINE_SURFACE(3,3,((#3481,#3482,#3483,#3484),(#3485,
#3486,#3487,#3488),(#3489,#3490,#3491,#3492),(#3493,#3494,#3495,#3496),(#3497,
#3498,#3499,#3500),(#3501,#3502,#3503,#3504),(#3505,#3506,#3507,#3508)),
.UNSPECIFIED.,.F.,.F.,.F.)B_SPLINE_SURFACE_WITH_KNOTS((4,3,4),(4,4),(0.E0,1.E0,
2.E0),(0.E0,1.E0),.UNSPECIFIED.)GEOMETRIC_REPRESENTATION_ITEM()RATIONAL_B_SPLINE_SURFACE(((1.429427645562E0,1.121354101288E0,1.121354101288E0,1.429427645562E0),(
1.113934067911E0,8.738564274268E-1,8.738564274268E-1,1.113934067911E0),(
1.113934067911E0,8.738564274268E-1,8.738564274268E-1,1.113934067911E0),(
1.429427645562E0,1.121354101288E0,1.121354101288E0,1.429427645562E0),(
1.113934067911E0,8.738564274268E-1,8.738564274268E-1,1.113934067911E0),(
1.113934067911E0,8.738564274268E-1,8.738564274268E-1,1.113934067911E0),(
1.429427645562E0,1.121354101288E0,1.121354101288E0,1.429427645562E0)))REPRESENTATION_ITEM('')SURFACE());
#3510=ORIENTED_EDGE('',*,*,#3311,.T.);
#3512=ORIENTED_EDGE('',*,*,#3511,.T.);
#3514=ORIENTED_EDGE('',*,*,#3513,.F.);
#3516=ORIENTED_EDGE('',*,*,#3515,.F.);
#3517=EDGE_LOOP('',(#3510,#3512,#3514,#3516));
#3518=FACE_OUTER_BOUND('',#3517,.F.);
#3520=CARTESIAN_POINT('',(2.939477255699E0,1.997842552802E0,1.613250586145E0));
#3521=CARTESIAN_POINT('',(3.095757711212E0,2.004389945558E0,1.612558856958E0));
#3522=CARTESIAN_POINT('',(3.206362584607E0,1.894396996846E0,1.624179563973E0));
#3523=CARTESIAN_POINT('',(3.199778423348E0,1.738981508942E0,1.640599142425E0));
#3524=CARTESIAN_POINT('',(2.939477255699E0,2.021211585365E0,1.834444425453E0));
#3525=CARTESIAN_POINT('',(3.095757711212E0,2.028198850221E0,1.837916197625E0));
#3526=CARTESIAN_POINT('',(3.206362584607E0,1.910816268529E0,1.779592148237E0));
#3527=CARTESIAN_POINT('',(3.199778423348E0,1.744959534813E0,1.697182678371E0));
#3528=CARTESIAN_POINT('',(2.939477255699E0,1.872424870508E0,1.999778450121E0));
#3529=CARTESIAN_POINT('',(3.095757711212E0,1.876611543398E0,2.006362282007E0));
#3530=CARTESIAN_POINT('',(3.206362584607E0,1.806277516762E0,1.895757173993E0));
#3531=CARTESIAN_POINT('',(3.199778423348E0,1.706898445703E0,1.739476730309E0));
#3532=CARTESIAN_POINT('',(2.939477255699E0,1.649999992783E0,1.999778445532E0));
#3533=CARTESIAN_POINT('',(3.095757711212E0,1.649999992647E0,2.006362277332E0));
#3534=CARTESIAN_POINT('',(3.206362584607E0,1.649999994929E0,1.895757170768E0));
#3535=CARTESIAN_POINT('',(3.199778423348E0,1.649999998154E0,1.739476729135E0));
#3536=CARTESIAN_POINT('',(2.939477255699E0,1.427575115059E0,1.999778440943E0));
#3537=CARTESIAN_POINT('',(3.095757711212E0,1.423388441897E0,2.006362272656E0));
#3538=CARTESIAN_POINT('',(3.206362584607E0,1.493722473097E0,1.895757167544E0));
#3539=CARTESIAN_POINT('',(3.199778423348E0,1.593101550604E0,1.739476727961E0));
#3540=CARTESIAN_POINT('',(2.939477255699E0,1.278788407024E0,1.834444410135E0));
#3541=CARTESIAN_POINT('',(3.095757711212E0,1.271801142024E0,1.837916182019E0));
#3542=CARTESIAN_POINT('',(3.206362584607E0,1.389183726123E0,1.779592137474E0));
#3543=CARTESIAN_POINT('',(3.199778423348E0,1.555040463240E0,1.697182674453E0));
#3544=CARTESIAN_POINT('',(2.939477255699E0,1.302157448714E0,1.613250571791E0));
#3545=CARTESIAN_POINT('',(3.095757711212E0,1.295610055987E0,1.612558842335E0));
#3546=CARTESIAN_POINT('',(3.206362584607E0,1.405603004219E0,1.624179553888E0));
#3547=CARTESIAN_POINT('',(3.199778423348E0,1.561018491446E0,1.640599138753E0));
#3548=(BOUNDED_SURFACE()B_SPLINE_SURFACE(3,3,((#3520,#3521,#3522,#3523),(#3524,
#3525,#3526,#3527),(#3528,#3529,#3530,#3531),(#3532,#3533,#3534,#3535),(#3536,
#3537,#3538,#3539),(#3540,#3541,#3542,#3543),(#3544,#3545,#3546,#3547)),
.UNSPECIFIED.,.F.,.F.,.F.)B_SPLINE_SURFACE_WITH_KNOTS((4,3,4),(4,4),(0.E0,1.E0,
2.E0),(0.E0,1.E0),.UNSPECIFIED.)GEOMETRIC_REPRESENTATION_ITEM()RATIONAL_B_SPLINE_SURFACE(((1.429427645562E0,1.121354101288E0,1.121354101288E0,1.429427645562E0),(
1.113934067911E0,8.738564274268E-1,8.738564274268E-1,1.113934067911E0),(
1.113934067911E0,8.738564274268E-1,8.738564274268E-1,1.113934067911E0),(
1.429427645562E0,1.121354101288E0,1.121354101288E0,1.429427645562E0),(
1.113934067911E0,8.738564274268E-1,8.738564274268E-1,1.113934067911E0),(
1.113934067911E0,8.738564274268E-1,8.738564274268E-1,1.113934067911E0),(
1.429427645562E0,1.121354101288E0,1.121354101288E0,1.429427645562E0)))REPRESENTATION_ITEM('')SURFACE());
#3549=ORIENTED_EDGE('',*,*,#3313,.T.);
#3550=ORIENTED_EDGE('',*,*,#3515,.T.);
#3552=ORIENTED_EDGE('',*,*,#3551,.F.);
#3553=ORIENTED_EDGE('',*,*,#3511,.F.);
#3554=EDGE_LOOP('',(#3549,#3550,#3552,#3553));
#3555=FACE_OUTER_BOUND('',#3554,.F.);
#3557=CARTESIAN_POINT('',(2.9E0,1.65E0,1.65E0));
#3558=DIRECTION('',(1.E0,0.E0,0.E0));
#3559=DIRECTION('',(0.E0,-1.E0,0.E0));
#3560=AXIS2_PLACEMENT_3D('',#3557,#3558,#3559);
#3561=CYLINDRICAL_SURFACE('',#3560,3.5E-1);
#3562=ORIENTED_EDGE('',*,*,#3551,.T.);
#3564=ORIENTED_EDGE('',*,*,#3563,.F.);
#3565=ORIENTED_EDGE('',*,*,#3206,.F.);
#3567=ORIENTED_EDGE('',*,*,#3566,.T.);
#3568=EDGE_LOOP('',(#3562,#3564,#3565,#3567));
#3569=FACE_OUTER_BOUND('',#3568,.F.);
#3571=CARTESIAN_POINT('',(2.9E0,1.65E0,1.65E0));
#3572=DIRECTION('',(1.E0,0.E0,0.E0));
#3573=DIRECTION('',(0.E0,-1.E0,0.E0));
#3574=AXIS2_PLACEMENT_3D('',#3571,#3572,#3573);
#3575=CYLINDRICAL_SURFACE('',#3574,3.5E-1);
#3576=ORIENTED_EDGE('',*,*,#3513,.T.);
#3577=ORIENTED_EDGE('',*,*,#3566,.F.);
#3578=ORIENTED_EDGE('',*,*,#3204,.F.);
#3579=ORIENTED_EDGE('',*,*,#3563,.T.);
#3580=EDGE_LOOP('',(#3576,#3577,#3578,#3579));
#3581=FACE_OUTER_BOUND('',#3580,.F.);
#3583=CARTESIAN_POINT('',(2.939477255699E0,1.302157447198E0,-1.613250586145E0));
#3584=CARTESIAN_POINT('',(3.095757711212E0,1.295610054442E0,-1.612558856958E0));
#3585=CARTESIAN_POINT('',(3.206362584607E0,1.405603003154E0,-1.624179563973E0));
#3586=CARTESIAN_POINT('',(3.199778423348E0,1.561018491058E0,-1.640599142425E0));
#3587=CARTESIAN_POINT('',(2.939477255699E0,1.278788414635E0,-1.834444425453E0));
#3588=CARTESIAN_POINT('',(3.095757711212E0,1.271801149779E0,-1.837916197625E0));
#3589=CARTESIAN_POINT('',(3.206362584607E0,1.389183731471E0,-1.779592148237E0));
#3590=CARTESIAN_POINT('',(3.199778423348E0,1.555040465187E0,-1.697182678371E0));
#3591=CARTESIAN_POINT('',(2.939477255699E0,1.427575129492E0,-1.999778450121E0));
#3592=CARTESIAN_POINT('',(3.095757711212E0,1.423388456602E0,-2.006362282007E0));
#3593=CARTESIAN_POINT('',(3.206362584607E0,1.493722483238E0,-1.895757173993E0));
#3594=CARTESIAN_POINT('',(3.199778423348E0,1.593101554297E0,-1.739476730309E0));
#3595=CARTESIAN_POINT('',(2.939477255699E0,1.650000007217E0,-1.999778445532E0));
#3596=CARTESIAN_POINT('',(3.095757711212E0,1.650000007353E0,-2.006362277332E0));
#3597=CARTESIAN_POINT('',(3.206362584607E0,1.650000005071E0,-1.895757170768E0));
#3598=CARTESIAN_POINT('',(3.199778423348E0,1.650000001846E0,-1.739476729135E0));
#3599=CARTESIAN_POINT('',(2.939477255699E0,1.872424884941E0,-1.999778440943E0));
#3600=CARTESIAN_POINT('',(3.095757711212E0,1.876611558103E0,-2.006362272656E0));
#3601=CARTESIAN_POINT('',(3.206362584607E0,1.806277526903E0,-1.895757167544E0));
#3602=CARTESIAN_POINT('',(3.199778423348E0,1.706898449396E0,-1.739476727961E0));
#3603=CARTESIAN_POINT('',(2.939477255699E0,2.021211592976E0,-1.834444410135E0));
#3604=CARTESIAN_POINT('',(3.095757711212E0,2.028198857976E0,-1.837916182019E0));
#3605=CARTESIAN_POINT('',(3.206362584607E0,1.910816273877E0,-1.779592137474E0));
#3606=CARTESIAN_POINT('',(3.199778423348E0,1.744959536760E0,-1.697182674453E0));
#3607=CARTESIAN_POINT('',(2.939477255699E0,1.997842551286E0,-1.613250571791E0));
#3608=CARTESIAN_POINT('',(3.095757711212E0,2.004389944013E0,-1.612558842335E0));
#3609=CARTESIAN_POINT('',(3.206362584607E0,1.894396995781E0,-1.624179553888E0));
#3610=CARTESIAN_POINT('',(3.199778423348E0,1.738981508554E0,-1.640599138753E0));
#3611=(BOUNDED_SURFACE()B_SPLINE_SURFACE(3,3,((#3583,#3584,#3585,#3586),(#3587,
#3588,#3589,#3590),(#3591,#3592,#3593,#3594),(#3595,#3596,#3597,#3598),(#3599,
#3600,#3601,#3602),(#3603,#3604,#3605,#3606),(#3607,#3608,#3609,#3610)),
.UNSPECIFIED.,.F.,.F.,.F.)B_SPLINE_SURFACE_WITH_KNOTS((4,3,4),(4,4),(0.E0,1.E0,
2.E0),(0.E0,1.E0),.UNSPECIFIED.)GEOMETRIC_REPRESENTATION_ITEM()RATIONAL_B_SPLINE_SURFACE(((1.429427645562E0,1.121354101288E0,1.121354101288E0,1.429427645562E0),(
1.113934067911E0,8.738564274268E-1,8.738564274268E-1,1.113934067911E0),(
1.113934067911E0,8.738564274268E-1,8.738564274268E-1,1.113934067911E0),(
1.429427645562E0,1.121354101288E0,1.121354101288E0,1.429427645562E0),(
1.113934067911E0,8.738564274268E-1,8.738564274268E-1,1.113934067911E0),(
1.113934067911E0,8.738564274268E-1,8.738564274268E-1,1.113934067911E0),(
1.429427645562E0,1.121354101288E0,1.121354101288E0,1.429427645562E0)))REPRESENTATION_ITEM('')SURFACE());
#3612=ORIENTED_EDGE('',*,*,#3323,.T.);
#3614=ORIENTED_EDGE('',*,*,#3613,.T.);
#3616=ORIENTED_EDGE('',*,*,#3615,.F.);
#3618=ORIENTED_EDGE('',*,*,#3617,.F.);
#3619=EDGE_LOOP('',(#3612,#3614,#3616,#3618));
#3620=FACE_OUTER_BOUND('',#3619,.F.);
#3622=CARTESIAN_POINT('',(2.939477255699E0,1.997842552802E0,-1.686749413855E0));
#3623=CARTESIAN_POINT('',(3.095757711212E0,2.004389945558E0,-1.687441143042E0));
#3624=CARTESIAN_POINT('',(3.206362584607E0,1.894396996846E0,-1.675820436027E0));
#3625=CARTESIAN_POINT('',(3.199778423348E0,1.738981508942E0,-1.659400857575E0));
#3626=CARTESIAN_POINT('',(2.939477255699E0,2.021211585365E0,-1.465555574547E0));
#3627=CARTESIAN_POINT('',(3.095757711212E0,2.028198850221E0,-1.462083802375E0));
#3628=CARTESIAN_POINT('',(3.206362584607E0,1.910816268529E0,-1.520407851763E0));
#3629=CARTESIAN_POINT('',(3.199778423348E0,1.744959534813E0,-1.602817321629E0));
#3630=CARTESIAN_POINT('',(2.939477255699E0,1.872424870508E0,-1.300221549879E0));
#3631=CARTESIAN_POINT('',(3.095757711212E0,1.876611543398E0,-1.293637717993E0));
#3632=CARTESIAN_POINT('',(3.206362584607E0,1.806277516762E0,-1.404242826007E0));
#3633=CARTESIAN_POINT('',(3.199778423348E0,1.706898445703E0,-1.560523269691E0));
#3634=CARTESIAN_POINT('',(2.939477255699E0,1.649999992783E0,-1.300221554468E0));
#3635=CARTESIAN_POINT('',(3.095757711212E0,1.649999992647E0,-1.293637722668E0));
#3636=CARTESIAN_POINT('',(3.206362584607E0,1.649999994929E0,-1.404242829232E0));
#3637=CARTESIAN_POINT('',(3.199778423348E0,1.649999998154E0,-1.560523270865E0));
#3638=CARTESIAN_POINT('',(2.939477255699E0,1.427575115059E0,-1.300221559057E0));
#3639=CARTESIAN_POINT('',(3.095757711212E0,1.423388441897E0,-1.293637727344E0));
#3640=CARTESIAN_POINT('',(3.206362584607E0,1.493722473097E0,-1.404242832456E0));
#3641=CARTESIAN_POINT('',(3.199778423348E0,1.593101550604E0,-1.560523272039E0));
#3642=CARTESIAN_POINT('',(2.939477255699E0,1.278788407024E0,-1.465555589865E0));
#3643=CARTESIAN_POINT('',(3.095757711212E0,1.271801142024E0,-1.462083817981E0));
#3644=CARTESIAN_POINT('',(3.206362584607E0,1.389183726123E0,-1.520407862526E0));
#3645=CARTESIAN_POINT('',(3.199778423348E0,1.555040463240E0,-1.602817325547E0));
#3646=CARTESIAN_POINT('',(2.939477255699E0,1.302157448714E0,-1.686749428209E0));
#3647=CARTESIAN_POINT('',(3.095757711212E0,1.295610055987E0,-1.687441157665E0));
#3648=CARTESIAN_POINT('',(3.206362584607E0,1.405603004219E0,-1.675820446112E0));
#3649=CARTESIAN_POINT('',(3.199778423348E0,1.561018491446E0,-1.659400861247E0));
#3650=(BOUNDED_SURFACE()B_SPLINE_SURFACE(3,3,((#3622,#3623,#3624,#3625),(#3626,
#3627,#3628,#3629),(#3630,#3631,#3632,#3633),(#3634,#3635,#3636,#3637),(#3638,
#3639,#3640,#3641),(#3642,#3643,#3644,#3645),(#3646,#3647,#3648,#3649)),
.UNSPECIFIED.,.F.,.F.,.F.)B_SPLINE_SURFACE_WITH_KNOTS((4,3,4),(4,4),(0.E0,1.E0,
2.E0),(0.E0,1.E0),.UNSPECIFIED.)GEOMETRIC_REPRESENTATION_ITEM()RATIONAL_B_SPLINE_SURFACE(((1.429427645562E0,1.121354101288E0,1.121354101288E0,1.429427645562E0),(
1.113934067911E0,8.738564274268E-1,8.738564274268E-1,1.113934067911E0),(
1.113934067911E0,8.738564274268E-1,8.738564274268E-1,1.113934067911E0),(
1.429427645562E0,1.121354101288E0,1.121354101288E0,1.429427645562E0),(
1.113934067911E0,8.738564274268E-1,8.738564274268E-1,1.113934067911E0),(
1.113934067911E0,8.738564274268E-1,8.738564274268E-1,1.113934067911E0),(
1.429427645562E0,1.121354101288E0,1.121354101288E0,1.429427645562E0)))REPRESENTATION_ITEM('')SURFACE());
#3651=ORIENTED_EDGE('',*,*,#3325,.T.);
#3652=ORIENTED_EDGE('',*,*,#3617,.T.);
#3654=ORIENTED_EDGE('',*,*,#3653,.F.);
#3655=ORIENTED_EDGE('',*,*,#3613,.F.);
#3656=EDGE_LOOP('',(#3651,#3652,#3654,#3655));
#3657=FACE_OUTER_BOUND('',#3656,.F.);
#3659=CARTESIAN_POINT('',(2.9E0,1.65E0,-1.65E0));
#3660=DIRECTION('',(1.E0,0.E0,0.E0));
#3661=DIRECTION('',(0.E0,-1.E0,0.E0));
#3662=AXIS2_PLACEMENT_3D('',#3659,#3660,#3661);
#3663=CYLINDRICAL_SURFACE('',#3662,3.5E-1);
#3664=ORIENTED_EDGE('',*,*,#3653,.T.);
#3666=ORIENTED_EDGE('',*,*,#3665,.F.);
#3667=ORIENTED_EDGE('',*,*,#3200,.F.);
#3669=ORIENTED_EDGE('',*,*,#3668,.T.);
#3670=EDGE_LOOP('',(#3664,#3666,#3667,#3669));
#3671=FACE_OUTER_BOUND('',#3670,.F.);
#3673=CARTESIAN_POINT('',(2.9E0,1.65E0,-1.65E0));
#3674=DIRECTION('',(1.E0,0.E0,0.E0));
#3675=DIRECTION('',(0.E0,-1.E0,0.E0));
#3676=AXIS2_PLACEMENT_3D('',#3673,#3674,#3675);
#3677=CYLINDRICAL_SURFACE('',#3676,3.5E-1);
#3678=ORIENTED_EDGE('',*,*,#3615,.T.);
#3679=ORIENTED_EDGE('',*,*,#3668,.F.);
#3680=ORIENTED_EDGE('',*,*,#3198,.F.);
#3681=ORIENTED_EDGE('',*,*,#3665,.T.);
#3682=EDGE_LOOP('',(#3678,#3679,#3680,#3681));
#3683=FACE_OUTER_BOUND('',#3682,.F.);
#3685=CARTESIAN_POINT('',(2.9E0,0.E0,0.E0));
#3686=DIRECTION('',(1.E0,0.E0,0.E0));
#3687=DIRECTION('',(0.E0,0.E0,-1.E0));
#3688=AXIS2_PLACEMENT_3D('',#3685,#3686,#3687);
#3689=CYLINDRICAL_SURFACE('',#3688,1.2E0);
#3690=ORIENTED_EDGE('',*,*,#3216,.F.);
#3692=ORIENTED_EDGE('',*,*,#3691,.T.);
#3694=ORIENTED_EDGE('',*,*,#3693,.F.);
#3696=ORIENTED_EDGE('',*,*,#3695,.F.);
#3697=EDGE_LOOP('',(#3690,#3692,#3694,#3696));
#3698=FACE_OUTER_BOUND('',#3697,.F.);
#3700=CARTESIAN_POINT('',(2.9E0,0.E0,0.E0));
#3701=DIRECTION('',(1.E0,0.E0,0.E0));
#3702=DIRECTION('',(0.E0,0.E0,-1.E0));
#3703=AXIS2_PLACEMENT_3D('',#3700,#3701,#3702);
#3704=CYLINDRICAL_SURFACE('',#3703,1.2E0);
#3705=ORIENTED_EDGE('',*,*,#3218,.F.);
#3706=ORIENTED_EDGE('',*,*,#3695,.T.);
#3708=ORIENTED_EDGE('',*,*,#3707,.F.);
#3709=ORIENTED_EDGE('',*,*,#3691,.F.);
#3710=EDGE_LOOP('',(#3705,#3706,#3708,#3709));
#3711=FACE_OUTER_BOUND('',#3710,.F.);
#3713=CARTESIAN_POINT('',(2.6E0,0.E0,0.E0));
#3714=DIRECTION('',(1.E0,0.E0,0.E0));
#3715=DIRECTION('',(0.E0,0.E0,-1.E0));
#3716=AXIS2_PLACEMENT_3D('',#3713,#3714,#3715);
#3717=PLANE('',#3716);
#3718=ORIENTED_EDGE('',*,*,#3693,.T.);
#3719=ORIENTED_EDGE('',*,*,#3707,.T.);
#3720=EDGE_LOOP('',(#3718,#3719));
#3721=FACE_OUTER_BOUND('',#3720,.F.);
#3723=ORIENTED_EDGE('',*,*,#3722,.T.);
#3725=ORIENTED_EDGE('',*,*,#3724,.T.);
#3726=EDGE_LOOP('',(#3723,#3725));
#3727=FACE_BOUND('',#3726,.F.);
#3729=CARTESIAN_POINT('',(3.8E0,0.E0,0.E0));
#3730=DIRECTION('',(1.E0,0.E0,0.E0));
#3731=DIRECTION('',(0.E0,-1.E0,0.E0));
#3732=AXIS2_PLACEMENT_3D('',#3729,#3730,#3731);
#3733=CYLINDRICAL_SURFACE('',#3732,1.15E0);
#3735=ORIENTED_EDGE('',*,*,#3734,.T.);
#3737=ORIENTED_EDGE('',*,*,#3736,.T.);
#3739=ORIENTED_EDGE('',*,*,#3738,.F.);
#3741=ORIENTED_EDGE('',*,*,#3740,.T.);
#3742=ORIENTED_EDGE('',*,*,#3722,.F.);
#3744=ORIENTED_EDGE('',*,*,#3743,.F.);
#3746=ORIENTED_EDGE('',*,*,#3745,.T.);
#3748=ORIENTED_EDGE('',*,*,#3747,.F.);
#3749=EDGE_LOOP('',(#3735,#3737,#3739,#3741,#3742,#3744,#3746,#3748));
#3750=FACE_OUTER_BOUND('',#3749,.F.);
#3752=CARTESIAN_POINT('',(3.6E0,0.E0,0.E0));
#3753=DIRECTION('',(1.E0,0.E0,0.E0));
#3754=DIRECTION('',(0.E0,1.172780910043E-2,9.999312268820E-1));
#3755=AXIS2_PLACEMENT_3D('',#3752,#3753,#3754);
#3756=TOROIDAL_SURFACE('',#3755,9.5E-1,2.E-1);
#3758=ORIENTED_EDGE('',*,*,#3757,.T.);
#3760=ORIENTED_EDGE('',*,*,#3759,.T.);
#3761=ORIENTED_EDGE('',*,*,#3734,.F.);
#3763=ORIENTED_EDGE('',*,*,#3762,.F.);
#3764=EDGE_LOOP('',(#3758,#3760,#3761,#3763));
#3765=FACE_OUTER_BOUND('',#3764,.F.);
#3767=CARTESIAN_POINT('',(3.8E0,0.E0,0.E0));
#3768=DIRECTION('',(1.E0,0.E0,0.E0));
#3769=DIRECTION('',(0.E0,-1.E0,0.E0));
#3770=AXIS2_PLACEMENT_3D('',#3767,#3768,#3769);
#3771=PLANE('',#3770);
#3772=ORIENTED_EDGE('',*,*,#3757,.F.);
#3774=ORIENTED_EDGE('',*,*,#3773,.F.);
#3775=EDGE_LOOP('',(#3772,#3774));
#3776=FACE_OUTER_BOUND('',#3775,.F.);
#3778=CARTESIAN_POINT('',(3.6E0,0.E0,0.E0));
#3779=DIRECTION('',(1.E0,0.E0,0.E0));
#3780=DIRECTION('',(0.E0,-1.172780910043E-2,-9.999312268820E-1));
#3781=AXIS2_PLACEMENT_3D('',#3778,#3779,#3780);
#3782=TOROIDAL_SURFACE('',#3781,9.5E-1,2.E-1);
#3783=ORIENTED_EDGE('',*,*,#3773,.T.);
#3784=ORIENTED_EDGE('',*,*,#3762,.T.);
#3786=ORIENTED_EDGE('',*,*,#3785,.F.);
#3787=ORIENTED_EDGE('',*,*,#3759,.F.);
#3788=EDGE_LOOP('',(#3783,#3784,#3786,#3787));
#3789=FACE_OUTER_BOUND('',#3788,.F.);
#3791=CARTESIAN_POINT('',(3.8E0,0.E0,0.E0));
#3792=DIRECTION('',(1.E0,0.E0,0.E0));
#3793=DIRECTION('',(0.E0,-1.E0,0.E0));
#3794=AXIS2_PLACEMENT_3D('',#3791,#3792,#3793);
#3795=CYLINDRICAL_SURFACE('',#3794,1.15E0);
#3796=ORIENTED_EDGE('',*,*,#3785,.T.);
#3797=ORIENTED_EDGE('',*,*,#3747,.T.);
#3798=ORIENTED_EDGE('',*,*,#3745,.F.);
#3799=ORIENTED_EDGE('',*,*,#3743,.T.);
#3800=ORIENTED_EDGE('',*,*,#3724,.F.);
#3801=ORIENTED_EDGE('',*,*,#3740,.F.);
#3802=ORIENTED_EDGE('',*,*,#3738,.T.);
#3803=ORIENTED_EDGE('',*,*,#3736,.F.);
#3804=EDGE_LOOP('',(#3796,#3797,#3798,#3799,#3800,#3801,#3802,#3803));
#3805=FACE_OUTER_BOUND('',#3804,.F.);
#3807=CARTESIAN_POINT('',(2.9E0,-1.E0,2.25E0));
#3808=DIRECTION('',(0.E0,-1.E0,0.E0));
#3809=DIRECTION('',(0.E0,0.E0,-1.E0));
#3810=AXIS2_PLACEMENT_3D('',#3807,#3808,#3809);
#3811=PLANE('',#3810);
#3812=ORIENTED_EDGE('',*,*,#2095,.T.);
#3814=ORIENTED_EDGE('',*,*,#3813,.F.);
#3815=ORIENTED_EDGE('',*,*,#3162,.F.);
#3816=ORIENTED_EDGE('',*,*,#2993,.T.);
#3817=EDGE_LOOP('',(#3812,#3814,#3815,#3816));
#3818=FACE_OUTER_BOUND('',#3817,.F.);
#3820=CARTESIAN_POINT('',(2.9E0,-1.E0,2.05E0));
#3821=DIRECTION('',(0.E0,0.E0,-1.E0));
#3822=DIRECTION('',(0.E0,1.E0,0.E0));
#3823=AXIS2_PLACEMENT_3D('',#3820,#3821,#3822);
#3824=PLANE('',#3823);
#3825=ORIENTED_EDGE('',*,*,#2093,.T.);
#3827=ORIENTED_EDGE('',*,*,#3826,.F.);
#3828=ORIENTED_EDGE('',*,*,#3164,.F.);
#3829=ORIENTED_EDGE('',*,*,#3813,.T.);
#3830=EDGE_LOOP('',(#3825,#3827,#3828,#3829));
#3831=FACE_OUTER_BOUND('',#3830,.F.);
#3833=CARTESIAN_POINT('',(2.9E0,1.E0,2.05E0));
#3834=DIRECTION('',(0.E0,1.E0,0.E0));
#3835=DIRECTION('',(0.E0,0.E0,1.E0));
#3836=AXIS2_PLACEMENT_3D('',#3833,#3834,#3835);
#3837=PLANE('',#3836);
#3838=ORIENTED_EDGE('',*,*,#2091,.T.);
#3839=ORIENTED_EDGE('',*,*,#2982,.F.);
#3840=ORIENTED_EDGE('',*,*,#3166,.T.);
#3841=ORIENTED_EDGE('',*,*,#3826,.T.);
#3842=EDGE_LOOP('',(#3838,#3839,#3840,#3841));
#3843=FACE_OUTER_BOUND('',#3842,.F.);
#3845=CARTESIAN_POINT('',(2.9E0,2.25E0,1.E0));
#3846=DIRECTION('',(0.E0,0.E0,1.E0));
#3847=DIRECTION('',(0.E0,-1.E0,0.E0));
#3848=AXIS2_PLACEMENT_3D('',#3845,#3846,#3847);
#3849=PLANE('',#3848);
#3850=ORIENTED_EDGE('',*,*,#2083,.T.);
#3852=ORIENTED_EDGE('',*,*,#3851,.F.);
#3853=ORIENTED_EDGE('',*,*,#3171,.F.);
#3854=ORIENTED_EDGE('',*,*,#2587,.T.);
#3855=EDGE_LOOP('',(#3850,#3852,#3853,#3854));
#3856=FACE_OUTER_BOUND('',#3855,.F.);
#3858=CARTESIAN_POINT('',(2.9E0,2.05E0,1.E0));
#3859=DIRECTION('',(0.E0,-1.E0,0.E0));
#3860=DIRECTION('',(0.E0,0.E0,-1.E0));
#3861=AXIS2_PLACEMENT_3D('',#3858,#3859,#3860);
#3862=PLANE('',#3861);
#3863=ORIENTED_EDGE('',*,*,#2081,.T.);
#3865=ORIENTED_EDGE('',*,*,#3864,.F.);
#3866=ORIENTED_EDGE('',*,*,#3173,.F.);
#3867=ORIENTED_EDGE('',*,*,#3851,.T.);
#3868=EDGE_LOOP('',(#3863,#3865,#3866,#3867));
#3869=FACE_OUTER_BOUND('',#3868,.F.);
#3871=CARTESIAN_POINT('',(2.9E0,2.05E0,-1.E0));
#3872=DIRECTION('',(0.E0,0.E0,-1.E0));
#3873=DIRECTION('',(0.E0,1.E0,0.E0));
#3874=AXIS2_PLACEMENT_3D('',#3871,#3872,#3873);
#3875=PLANE('',#3874);
#3876=ORIENTED_EDGE('',*,*,#2079,.T.);
#3877=ORIENTED_EDGE('',*,*,#2576,.F.);
#3878=ORIENTED_EDGE('',*,*,#3175,.T.);
#3879=ORIENTED_EDGE('',*,*,#3864,.T.);
#3880=EDGE_LOOP('',(#3876,#3877,#3878,#3879));
#3881=FACE_OUTER_BOUND('',#3880,.F.);
#3883=CARTESIAN_POINT('',(2.9E0,1.E0,-2.25E0));
#3884=DIRECTION('',(0.E0,1.E0,0.E0));
#3885=DIRECTION('',(0.E0,0.E0,1.E0));
#3886=AXIS2_PLACEMENT_3D('',#3883,#3884,#3885);
#3887=PLANE('',#3886);
#3888=ORIENTED_EDGE('',*,*,#2071,.T.);
#3890=ORIENTED_EDGE('',*,*,#3889,.F.);
#3891=ORIENTED_EDGE('',*,*,#3180,.F.);
#3892=ORIENTED_EDGE('',*,*,#3121,.T.);
#3893=EDGE_LOOP('',(#3888,#3890,#3891,#3892));
#3894=FACE_OUTER_BOUND('',#3893,.F.);
#3896=CARTESIAN_POINT('',(2.9E0,1.E0,-2.05E0));
#3897=DIRECTION('',(0.E0,0.E0,1.E0));
#3898=DIRECTION('',(0.E0,-1.E0,0.E0));
#3899=AXIS2_PLACEMENT_3D('',#3896,#3897,#3898);
#3900=PLANE('',#3899);
#3901=ORIENTED_EDGE('',*,*,#2069,.T.);
#3903=ORIENTED_EDGE('',*,*,#3902,.F.);
#3904=ORIENTED_EDGE('',*,*,#3182,.F.);
#3905=ORIENTED_EDGE('',*,*,#3889,.T.);
#3906=EDGE_LOOP('',(#3901,#3903,#3904,#3905));
#3907=FACE_OUTER_BOUND('',#3906,.F.);
#3909=CARTESIAN_POINT('',(2.9E0,-1.E0,-2.05E0));
#3910=DIRECTION('',(0.E0,-1.E0,0.E0));
#3911=DIRECTION('',(0.E0,0.E0,-1.E0));
#3912=AXIS2_PLACEMENT_3D('',#3909,#3910,#3911);
#3913=PLANE('',#3912);
#3914=ORIENTED_EDGE('',*,*,#2067,.T.);
#3915=ORIENTED_EDGE('',*,*,#3110,.F.);
#3916=ORIENTED_EDGE('',*,*,#3184,.T.);
#3917=ORIENTED_EDGE('',*,*,#3902,.T.);
#3918=EDGE_LOOP('',(#3914,#3915,#3916,#3917));
#3919=FACE_OUTER_BOUND('',#3918,.F.);
#3921=CARTESIAN_POINT('',(2.913725164437E0,-1.95E0,-1.95E0));
#3922=DIRECTION('',(-1.E0,0.E0,0.E0));
#3923=DIRECTION('',(0.E0,0.E0,-1.E0));
#3924=AXIS2_PLACEMENT_3D('',#3921,#3922,#3923);
#3925=CYLINDRICAL_SURFACE('',#3924,3.E-1);
#3926=ORIENTED_EDGE('',*,*,#1976,.F.);
#3927=ORIENTED_EDGE('',*,*,#3095,.T.);
#3928=ORIENTED_EDGE('',*,*,#1917,.T.);
#3929=ORIENTED_EDGE('',*,*,#2132,.F.);
#3930=EDGE_LOOP('',(#3926,#3927,#3928,#3929));
#3931=FACE_OUTER_BOUND('',#3930,.F.);
#3933=CARTESIAN_POINT('',(2.913725164437E0,-1.95E0,-1.95E0));
#3934=DIRECTION('',(-1.E0,0.E0,0.E0));
#3935=DIRECTION('',(0.E0,0.E0,-1.E0));
#3936=AXIS2_PLACEMENT_3D('',#3933,#3934,#3935);
#3937=CYLINDRICAL_SURFACE('',#3936,3.E-1);
#3938=ORIENTED_EDGE('',*,*,#2063,.T.);
#3939=ORIENTED_EDGE('',*,*,#2189,.F.);
#3940=ORIENTED_EDGE('',*,*,#3187,.T.);
#3941=ORIENTED_EDGE('',*,*,#3106,.T.);
#3942=EDGE_LOOP('',(#3938,#3939,#3940,#3941));
#3943=FACE_OUTER_BOUND('',#3942,.F.);
#3945=CARTESIAN_POINT('',(2.9E0,-2.25E0,-1.E0));
#3946=DIRECTION('',(0.E0,0.E0,-1.E0));
#3947=DIRECTION('',(0.E0,1.E0,0.E0));
#3948=AXIS2_PLACEMENT_3D('',#3945,#3946,#3947);
#3949=PLANE('',#3948);
#3950=ORIENTED_EDGE('',*,*,#2059,.T.);
#3952=ORIENTED_EDGE('',*,*,#3951,.F.);
#3953=ORIENTED_EDGE('',*,*,#3190,.F.);
#3954=ORIENTED_EDGE('',*,*,#2185,.T.);
#3955=EDGE_LOOP('',(#3950,#3952,#3953,#3954));
#3956=FACE_OUTER_BOUND('',#3955,.F.);
#3958=CARTESIAN_POINT('',(2.9E0,-2.05E0,-1.E0));
#3959=DIRECTION('',(0.E0,1.E0,0.E0));
#3960=DIRECTION('',(0.E0,0.E0,1.E0));
#3961=AXIS2_PLACEMENT_3D('',#3958,#3959,#3960);
#3962=PLANE('',#3961);
#3963=ORIENTED_EDGE('',*,*,#2057,.T.);
#3964=ORIENTED_EDGE('',*,*,#2121,.F.);
#3965=ORIENTED_EDGE('',*,*,#3192,.F.);
#3966=ORIENTED_EDGE('',*,*,#3951,.T.);
#3967=EDGE_LOOP('',(#3963,#3964,#3965,#3966));
#3968=FACE_OUTER_BOUND('',#3967,.F.);
#3970=CARTESIAN_POINT('',(0.E0,1.25E0,-1.25E0));
#3971=DIRECTION('',(0.E0,1.E0,0.E0));
#3972=DIRECTION('',(0.E0,0.E0,-1.E0));
#3973=AXIS2_PLACEMENT_3D('',#3970,#3971,#3972);
#3974=PLANE('',#3973);
#3975=ORIENTED_EDGE('',*,*,#1905,.T.);
#3977=ORIENTED_EDGE('',*,*,#3976,.T.);
#3978=ORIENTED_EDGE('',*,*,#3040,.T.);
#3979=ORIENTED_EDGE('',*,*,#3090,.F.);
#3980=EDGE_LOOP('',(#3975,#3977,#3978,#3979));
#3981=FACE_OUTER_BOUND('',#3980,.F.);
#3983=CARTESIAN_POINT('',(0.E0,2.25E0,-1.25E0));
#3984=DIRECTION('',(0.E0,0.E0,-1.E0));
#3985=DIRECTION('',(0.E0,-1.E0,0.E0));
#3986=AXIS2_PLACEMENT_3D('',#3983,#3984,#3985);
#3987=PLANE('',#3986);
#3988=ORIENTED_EDGE('',*,*,#1903,.F.);
#3989=ORIENTED_EDGE('',*,*,#2539,.T.);
#3990=ORIENTED_EDGE('',*,*,#3042,.T.);
#3991=ORIENTED_EDGE('',*,*,#3976,.F.);
#3992=EDGE_LOOP('',(#3988,#3989,#3990,#3991));
#3993=FACE_OUTER_BOUND('',#3992,.F.);
#3995=CARTESIAN_POINT('',(0.E0,1.25E0,1.25E0));
#3996=DIRECTION('',(0.E0,0.E0,1.E0));
#3997=DIRECTION('',(0.E0,1.E0,0.E0));
#3998=AXIS2_PLACEMENT_3D('',#3995,#3996,#3997);
#3999=PLANE('',#3998);
#4000=ORIENTED_EDGE('',*,*,#1887,.T.);
#4002=ORIENTED_EDGE('',*,*,#4001,.T.);
#4003=ORIENTED_EDGE('',*,*,#3045,.T.);
#4004=ORIENTED_EDGE('',*,*,#2535,.F.);
#4005=EDGE_LOOP('',(#4000,#4002,#4003,#4004));
#4006=FACE_OUTER_BOUND('',#4005,.F.);
#4008=CARTESIAN_POINT('',(0.E0,1.25E0,2.25E0));
#4009=DIRECTION('',(0.E0,1.E0,0.E0));
#4010=DIRECTION('',(0.E0,0.E0,-1.E0));
#4011=AXIS2_PLACEMENT_3D('',#4008,#4009,#4010);
#4012=PLANE('',#4011);
#4013=ORIENTED_EDGE('',*,*,#1885,.F.);
#4014=ORIENTED_EDGE('',*,*,#2966,.T.);
#4015=ORIENTED_EDGE('',*,*,#3047,.T.);
#4016=ORIENTED_EDGE('',*,*,#4001,.F.);
#4017=EDGE_LOOP('',(#4013,#4014,#4015,#4016));
#4018=FACE_OUTER_BOUND('',#4017,.F.);
#4020=CARTESIAN_POINT('',(0.E0,-2.25E0,1.15E0));
#4021=DIRECTION('',(0.E0,0.E0,1.E0));
#4022=DIRECTION('',(0.E0,-1.E0,0.E0));
#4023=AXIS2_PLACEMENT_3D('',#4020,#4021,#4022);
#4024=PLANE('',#4023);
#4025=ORIENTED_EDGE('',*,*,#2269,.T.);
#4026=ORIENTED_EDGE('',*,*,#2298,.T.);
#4027=ORIENTED_EDGE('',*,*,#2327,.T.);
#4028=ORIENTED_EDGE('',*,*,#2356,.T.);
#4029=ORIENTED_EDGE('',*,*,#2385,.T.);
#4030=ORIENTED_EDGE('',*,*,#2414,.F.);
#4031=ORIENTED_EDGE('',*,*,#2443,.T.);
#4032=ORIENTED_EDGE('',*,*,#2471,.T.);
#4033=ORIENTED_EDGE('',*,*,#2147,.F.);
#4034=ORIENTED_EDGE('',*,*,#2214,.F.);
#4035=EDGE_LOOP('',(#4025,#4026,#4027,#4028,#4029,#4030,#4031,#4032,#4033,
#4034));
#4036=FACE_OUTER_BOUND('',#4035,.F.);
#4038=CLOSED_SHELL('',(#1875,#1893,#1911,#1929,#1944,#1960,#1993,#2008,#2022,
#2036,#2049,#2110,#2125,#2165,#2178,#2193,#2208,#2223,#2249,#2263,#2278,#2292,
#2307,#2321,#2336,#2350,#2365,#2379,#2394,#2408,#2423,#2437,#2452,#2465,#2479,
#2497,#2525,#2565,#2580,#2595,#2609,#2624,#2650,#2663,#2678,#2691,#2706,#2719,
#2734,#2747,#2762,#2775,#2790,#2803,#2818,#2831,#2846,#2858,#2872,#2890,#2908,
#2926,#2939,#2953,#2972,#2986,#3000,#3014,#3027,#3054,#3067,#3080,#3099,#3114,
#3129,#3141,#3154,#3228,#3243,#3282,#3293,#3305,#3317,#3329,#3366,#3378,#3417,
#3454,#3468,#3480,#3519,#3556,#3570,#3582,#3621,#3658,#3672,#3684,#3699,#3712,
#3728,#3751,#3766,#3777,#3790,#3806,#3819,#3832,#3844,#3857,#3870,#3882,#3895,
#3908,#3920,#3932,#3944,#3957,#3969,#3982,#3994,#4007,#4019,#4037));
#4039=MANIFOLD_SOLID_BREP('',#4038);
#4040=CARTESIAN_POINT('',(0.E0,0.E0,0.E0));
#4041=DIRECTION('',(1.E0,0.E0,0.E0));
#4042=DIRECTION('',(0.E0,1.E0,0.E0));
#4043=AXIS2_PLACEMENT_3D('',#4040,#4041,#4042);
#4044=PLANE('DROITE',#4043);
#4045=CARTESIAN_POINT('',(0.E0,0.E0,0.E0));
#4046=DIRECTION('',(0.E0,1.E0,0.E0));
#4047=DIRECTION('',(0.E0,0.E0,1.E0));
#4048=AXIS2_PLACEMENT_3D('',#4045,#4046,#4047);
#4049=PLANE('DESSUS',#4048);
#4050=CARTESIAN_POINT('',(0.E0,0.E0,0.E0));
#4051=DIRECTION('',(0.E0,0.E0,1.E0));
#4052=DIRECTION('',(1.E0,0.E0,0.E0));
#4053=AXIS2_PLACEMENT_3D('',#4050,#4051,#4052);
#4054=PLANE('FACE',#4053);
#4055=CARTESIAN_POINT('',(0.E0,0.E0,0.E0));
#4056=DIRECTION('',(0.E0,1.E0,0.E0));
#4057=DIRECTION('',(1.E0,0.E0,0.E0));
#4058=AXIS2_PLACEMENT_3D('0',#4055,#4056,#4057);
#4059=DRAUGHTING_PRE_DEFINED_CURVE_FONT('continuous');
#4060=CURVE_STYLE('',#4059,POSITIVE_LENGTH_MEASURE(2.E-2),#19);
#4061=PRESENTATION_STYLE_ASSIGNMENT((#4060));
#4062=STYLED_ITEM('',(#4061),#4058);
#4063=DIRECTION('',(0.E0,-1.E0,0.E0));
#4064=VECTOR('',#4063,6.5E0);
#4065=CARTESIAN_POINT('',(0.E0,3.25E0,0.E0));
#4066=LINE('',#4065,#4064);
#4068=CURVE_STYLE('',#4059,POSITIVE_LENGTH_MEASURE(2.E-2),#37);
#4069=PRESENTATION_STYLE_ASSIGNMENT((#4068));
#4070=STYLED_ITEM('',(#4069),#4067);
#4071=DIRECTION('',(1.E0,0.E0,0.E0));
#4072=VECTOR('',#4071,3.8E0);
#4073=CARTESIAN_POINT('',(0.E0,0.E0,0.E0));
#4074=LINE('',#4073,#4072);
#4076=CURVE_STYLE('',#4059,POSITIVE_LENGTH_MEASURE(2.E-2),#37);
#4077=PRESENTATION_STYLE_ASSIGNMENT((#4076));
#4078=STYLED_ITEM('',(#4077),#4075);
#4079=DIRECTION('',(0.E0,0.E0,1.E0));
#4080=VECTOR('',#4079,4.5E0);
#4081=CARTESIAN_POINT('',(0.E0,0.E0,-2.25E0));
#4082=LINE('',#4081,#4080);
#4084=CURVE_STYLE('',#4059,POSITIVE_LENGTH_MEASURE(2.E-2),#37);
#4085=PRESENTATION_STYLE_ASSIGNMENT((#4084));
#4086=STYLED_ITEM('',(#4085),#4083);
#4087=CARTESIAN_POINT('',(3.8E0,0.E0,0.E0));
#4088=DIRECTION('',(1.E0,0.E0,0.E0));
#4089=DIRECTION('',(0.E0,1.E0,0.E0));
#4090=AXIS2_PLACEMENT_3D('',#4087,#4088,#4089);
#4091=PLANE('DTM1',#4090);
#4092=DIRECTION('',(1.E0,0.E0,0.E0));
#4093=VECTOR('',#4092,5.E-2);
#4094=CARTESIAN_POINT('',(2.9E0,-1.65E0,-1.65E0));
#4095=LINE('',#4094,#4093);
#4097=CURVE_STYLE('',#4059,POSITIVE_LENGTH_MEASURE(2.E-2),#37);
#4098=PRESENTATION_STYLE_ASSIGNMENT((#4097));
#4099=STYLED_ITEM('',(#4098),#4096);
#4100=DIRECTION('',(1.E0,0.E0,0.E0));
#4101=VECTOR('',#4100,5.E-2);
#4102=CARTESIAN_POINT('',(2.9E0,1.65E0,-1.65E0));
#4103=LINE('',#4102,#4101);
#4105=CURVE_STYLE('',#4059,POSITIVE_LENGTH_MEASURE(2.E-2),#37);
#4106=PRESENTATION_STYLE_ASSIGNMENT((#4105));
#4107=STYLED_ITEM('',(#4106),#4104);
#4108=DIRECTION('',(1.E0,0.E0,0.E0));
#4109=VECTOR('',#4108,5.E-2);
#4110=CARTESIAN_POINT('',(2.9E0,1.65E0,1.65E0));
#4111=LINE('',#4110,#4109);
#4113=CURVE_STYLE('',#4059,POSITIVE_LENGTH_MEASURE(2.E-2),#37);
#4114=PRESENTATION_STYLE_ASSIGNMENT((#4113));
#4115=STYLED_ITEM('',(#4114),#4112);
#4116=DIRECTION('',(1.E0,0.E0,0.E0));
#4117=VECTOR('',#4116,5.E-2);
#4118=CARTESIAN_POINT('',(2.9E0,-1.65E0,1.65E0));
#4119=LINE('',#4118,#4117);
#4121=CURVE_STYLE('',#4059,POSITIVE_LENGTH_MEASURE(2.E-2),#37);
#4122=PRESENTATION_STYLE_ASSIGNMENT((#4121));
#4123=STYLED_ITEM('',(#4122),#4120);
#4124=PRESENTATION_LAYER_ASSIGNMENT('PLANS','',(#4044,#4049,#4054));
#4125=PRESENTATION_LAYER_ASSIGNMENT('REPERES','',(#4058));
#4126=PRESENTATION_LAYER_ASSIGNMENT('AXES','',(#4067,#4075,#4083));
#4127=PRESENTATION_LAYER_ASSIGNMENT('.BLACK_HOLE','',(#4091));
#4128=INVISIBILITY((#4127));
#4131=PLANE_ANGLE_MEASURE_WITH_UNIT(PLANE_ANGLE_MEASURE(1.745329251994E-2),
#4130);
#4132=(CONVERSION_BASED_UNIT('DEGREE',#4131)NAMED_UNIT(*)PLANE_ANGLE_UNIT());
#4134=UNCERTAINTY_MEASURE_WITH_UNIT(LENGTH_MEASURE(8.771194042039E-4),#4129,
'distance_accuracy_value',
'Maximum model space distance between geometric entities at asserted connectivities');
#4138=CARTESIAN_POINT('',(0.E0,0.E0,0.E0));
#4139=DIRECTION('',(0.E0,0.E0,1.E0));
#4140=DIRECTION('',(1.E0,0.E0,0.E0));
#4143=SHAPE_REPRESENTATION_RELATIONSHIP('','',#4142,#4136);
#4144=CONSTRUCTIVE_GEOMETRY_REPRESENTATION_RELATIONSHIP('','',#4142,#4137);
#4145=MECHANICAL_DESIGN_GEOMETRIC_PRESENTATION_REPRESENTATION('',(#4062,#4070,
#4078,#4086,#4099,#4107,#4115,#4123),#4135);
#4146=APPLICATION_CONTEXT('automotive_design');
#4147=APPLICATION_PROTOCOL_DEFINITION('international standard',
'automotive_design',2001,#4146);
#4148=PRODUCT_DEFINITION_CONTEXT('part definition',#4146,'design');
#4149=PRODUCT_CONTEXT('',#4146,'mechanical');
#4150=PRODUCT('CU97M05647FP','CU97M05647FP','NOT SPECIFIED',(#4149));
#4151=PRODUCT_DEFINITION_FORMATION('1','LAST_VERSION',#4150);
#4159=DERIVED_UNIT_ELEMENT(#4158,2.E0);
#4160=DERIVED_UNIT((#4159));
#4161=MEASURE_REPRESENTATION_ITEM('surface area measure',AREA_MEASURE(
1.221086937793E2),#4160);
#4166=DERIVED_UNIT_ELEMENT(#4165,3.E0);
#4167=DERIVED_UNIT((#4166));
#4168=MEASURE_REPRESENTATION_ITEM('volume measure',VOLUME_MEASURE(
5.836770911836E1),#4167);
#4172=CARTESIAN_POINT('centre point',(1.650379755568E0,1.051019467787E-8,
2.275314214172E-14));
#4177=DERIVED_UNIT_ELEMENT(#4176,2.E0);
#4178=DERIVED_UNIT((#4177));
#4179=MEASURE_REPRESENTATION_ITEM('surface area measure',AREA_MEASURE(
1.221086937793E2),#4178);
#4184=DERIVED_UNIT_ELEMENT(#4183,3.E0);
#4185=DERIVED_UNIT((#4184));
#4186=MEASURE_REPRESENTATION_ITEM('volume measure',VOLUME_MEASURE(
5.836770911836E1),#4185);
#4190=CARTESIAN_POINT('centre point',(1.650379755568E0,1.051019467787E-8,
2.275314214172E-14));
#4195=PRODUCT_RELATED_PRODUCT_CATEGORY('part','',(#4150));
#4196=(GEOMETRIC_REPRESENTATION_CONTEXT(2)PARAMETRIC_REPRESENTATION_CONTEXT()REPRESENTATION_CONTEXT('2D coordinate system context','2'));
#4197=DRAUGHTING_MODEL('Default',(#4209,#4210,#4226),#4196);
#4198=PRESENTATION_VIEW('Default',(#4217,#4230),#4196);
#4199=CARTESIAN_POINT('',(0.E0,0.E0,0.E0));
#4200=CARTESIAN_POINT('',(-3.945295634504E0,-4.805419097624E0,
1.857911672709E1));
#4201=DIRECTION('',(0.E0,0.E0,1.E0));
#4202=DIRECTION('',(1.E0,0.E0,0.E0));
#4203=AXIS2_PLACEMENT_3D('',#4200,#4201,#4202);
#4205=VIEW_VOLUME(.PARALLEL.,#4199,1.857911672709E1,1.857911672709E1,.T.,0.E0,
.F.,.T.,#4204);
#4206=CARTESIAN_POINT('',(3.601190918669E0,1.162106545391E1,1.535653770840E1));
#4207=DIRECTION('',(3.894183423087E-1,7.214918620107E-1,5.725406952575E-1));
#4208=DIRECTION('',(9.210609940029E-1,-3.050418666329E-1,-2.420663234065E-1));
#4209=AXIS2_PLACEMENT_3D('',#4206,#4207,#4208);
#4210=CAMERA_MODEL_D3_WITH_HLHSR('DEFAULT',#4209,#4205,.F.);
#4212=CARTESIAN_POINT('',(-3.463634621649E2,-4.21875E2,1.631088716719E3));
#4213=DIRECTION('',(0.E0,0.E0,1.E0));
#4214=DIRECTION('',(1.E0,0.E0,0.E0));
#4215=AXIS2_PLACEMENT_3D('',#4212,#4213,#4214);
#4217=(CAMERA_IMAGE()CAMERA_IMAGE_3D_WITH_SCALE()GEOMETRIC_REPRESENTATION_ITEM()MAPPED_ITEM(#4211,#4216)REPRESENTATION_ITEM(''));
#4218=CARTESIAN_POINT('',(-3.945295634504E0,-4.805419097624E0,
1.857911672709E1));
#4219=DIRECTION('',(0.E0,0.E0,1.E0));
#4220=DIRECTION('',(1.E0,0.E0,0.E0));
#4221=AXIS2_PLACEMENT_3D('',#4218,#4219,#4220);
#4222=REPRESENTATION_MAP(#4221,#4142);
#4223=CARTESIAN_POINT('',(0.E0,0.E0));
#4224=DIRECTION('',(1.E0,0.E0));
#4225=AXIS2_PLACEMENT_2D('',#4223,#4224);
#4226=MAPPED_ITEM('',#4222,#4225);
#4227=CARTESIAN_POINT('',(-3.945295634504E0,-4.805419097624E0,
1.857911672709E1));
#4228=DIRECTION('',(0.E0,0.E0,1.E0));
#4229=DIRECTION('',(1.E0,0.E0,0.E0));
#4230=AXIS2_PLACEMENT_3D('',#4227,#4228,#4229);
#4231=REPRESENTATION_MAP(#4230,#4198);
#4232=CARTESIAN_POINT('',(0.E0,0.E0));
#4233=DIRECTION('',(1.E0,0.E0));
#4234=AXIS2_PLACEMENT_2D('',#4232,#4233);
#4235=MAPPED_ITEM('',#4231,#4234);
#4237=CARTESIAN_POINT('',(0.E0,0.E0));
#4238=DIRECTION('',(1.E0,0.E0));
#4239=AXIS2_PLACEMENT_2D('',#4237,#4238);
#4240=PLANAR_BOX('',1.E3,8.4375E2,#4239);
#4241=PRESENTATION_SIZE(#4236,#4240);
#4242=PRESENTATION_SET();
#4243=AREA_IN_SET(#4236,#4242);
#4245=GENERAL_PROPERTY('','ANALYSE','user defined attribute');
#4246=GENERAL_PROPERTY_ASSOCIATION('user defined attribute','',#4245,#4244);
#4247=DESCRIPTIVE_REPRESENTATION_ITEM('ANALYSE','N');
#4251=GENERAL_PROPERTY('','APNOM','user defined attribute');
#4252=GENERAL_PROPERTY_ASSOCIATION('user defined attribute','',#4251,#4250);
#4253=DESCRIPTIVE_REPRESENTATION_ITEM('APNOM',' ');
#4257=GENERAL_PROPERTY('','CHEF_PROJET','user defined attribute');
#4258=GENERAL_PROPERTY_ASSOCIATION('user defined attribute','',#4257,#4256);
#4259=DESCRIPTIVE_REPRESENTATION_ITEM('CHEF_PROJET','.');
#4263=GENERAL_PROPERTY('','CLIENT','user defined attribute');
#4264=GENERAL_PROPERTY_ASSOCIATION('user defined attribute','',#4263,#4262);
#4265=DESCRIPTIVE_REPRESENTATION_ITEM('CLIENT','.');
#4269=GENERAL_PROPERTY('','COMMERCIAL','user defined attribute');
#4270=GENERAL_PROPERTY_ASSOCIATION('user defined attribute','',#4269,#4268);
#4271=DESCRIPTIVE_REPRESENTATION_ITEM('COMMERCIAL','.');
#4275=GENERAL_PROPERTY('','DATE','user defined attribute');
#4276=GENERAL_PROPERTY_ASSOCIATION('user defined attribute','',#4275,#4274);
#4277=DESCRIPTIVE_REPRESENTATION_ITEM('DATE','.');
#4281=GENERAL_PROPERTY('','DATEAP','user defined attribute');
#4282=GENERAL_PROPERTY_ASSOCIATION('user defined attribute','',#4281,#4280);
#4283=DESCRIPTIVE_REPRESENTATION_ITEM('DATEAP',' ');
#4287=GENERAL_PROPERTY('','DATEDP','user defined attribute');
#4288=GENERAL_PROPERTY_ASSOCIATION('user defined attribute','',#4287,#4286);
#4289=DESCRIPTIVE_REPRESENTATION_ITEM('DATEDP','.');
#4293=GENERAL_PROPERTY('','DATEVP','user defined attribute');
#4294=GENERAL_PROPERTY_ASSOCIATION('user defined attribute','',#4293,#4292);
#4295=DESCRIPTIVE_REPRESENTATION_ITEM('DATEVP',' ');
#4299=GENERAL_PROPERTY('','TYPE_DEBIT','user defined attribute');
#4300=GENERAL_PROPERTY_ASSOCIATION('user defined attribute','',#4299,#4298);
#4301=DESCRIPTIVE_REPRESENTATION_ITEM('TYPE_DEBIT','AUTO');
#4305=GENERAL_PROPERTY('','DEBIT','user defined attribute');
#4306=GENERAL_PROPERTY_ASSOCIATION('user defined attribute','',#4305,#4304);
#4307=DESCRIPTIVE_REPRESENTATION_ITEM('DEBIT','.');
#4311=GENERAL_PROPERTY('','DES_POSTE','user defined attribute');
#4312=GENERAL_PROPERTY_ASSOCIATION('user defined attribute','',#4311,#4310);
#4313=DESCRIPTIVE_REPRESENTATION_ITEM('DES_POSTE','.');
#4317=GENERAL_PROPERTY('','DESIGNATION','user defined attribute');
#4318=GENERAL_PROPERTY_ASSOCIATION('user defined attribute','',#4317,#4316);
#4319=DESCRIPTIVE_REPRESENTATION_ITEM('DESIGNATION','.');
#4323=GENERAL_PROPERTY('','DESIGNATION_OUTIL','user defined attribute');
#4324=GENERAL_PROPERTY_ASSOCIATION('user defined attribute','',#4323,#4322);
#4325=DESCRIPTIVE_REPRESENTATION_ITEM('DESIGNATION_OUTIL','.');
#4329=GENERAL_PROPERTY('','DIAMETRE','user defined attribute');
#4330=GENERAL_PROPERTY_ASSOCIATION('user defined attribute','',#4329,#4328);
#4331=DESCRIPTIVE_REPRESENTATION_ITEM('DIAMETRE','.');
#4335=GENERAL_PROPERTY('','DIM1','user defined attribute');
#4336=GENERAL_PROPERTY_ASSOCIATION('user defined attribute','',#4335,#4334);
#4337=DESCRIPTIVE_REPRESENTATION_ITEM('DIM1','6.50');
#4341=GENERAL_PROPERTY('','DIM2','user defined attribute');
#4342=GENERAL_PROPERTY_ASSOCIATION('user defined attribute','',#4341,#4340);
#4343=DESCRIPTIVE_REPRESENTATION_ITEM('DIM2','4.50');
#4347=GENERAL_PROPERTY('','DIM3','user defined attribute');
#4348=GENERAL_PROPERTY_ASSOCIATION('user defined attribute','',#4347,#4346);
#4349=DESCRIPTIVE_REPRESENTATION_ITEM('DIM3','3.80');
#4353=GENERAL_PROPERTY('','DPNOM','user defined attribute');
#4354=GENERAL_PROPERTY_ASSOCIATION('user defined attribute','',#4353,#4352);
#4355=DESCRIPTIVE_REPRESENTATION_ITEM('DPNOM','.');
#4359=GENERAL_PROPERTY('','ESURF','user defined attribute');
#4360=GENERAL_PROPERTY_ASSOCIATION('user defined attribute','',#4359,#4358);
#4361=DESCRIPTIVE_REPRESENTATION_ITEM('ESURF','.');
#4365=GENERAL_PROPERTY('','FOURNISSEUR','user defined attribute');
#4366=GENERAL_PROPERTY_ASSOCIATION('user defined attribute','',#4365,#4364);
#4367=DESCRIPTIVE_REPRESENTATION_ITEM('FOURNISSEUR','.');
#4371=GENERAL_PROPERTY('','JEUDECOUPE','user defined attribute');
#4372=GENERAL_PROPERTY_ASSOCIATION('user defined attribute','',#4371,#4370);
#4373=DESCRIPTIVE_REPRESENTATION_ITEM('JEUDECOUPE','.');
#4377=GENERAL_PROPERTY('','LONGUEUR','user defined attribute');
#4378=GENERAL_PROPERTY_ASSOCIATION('user defined attribute','',#4377,#4376);
#4379=DESCRIPTIVE_REPRESENTATION_ITEM('LONGUEUR','.');
#4383=GENERAL_PROPERTY('','MATIERE','user defined attribute');
#4384=GENERAL_PROPERTY_ASSOCIATION('user defined attribute','',#4383,#4382);
#4385=DESCRIPTIVE_REPRESENTATION_ITEM('MATIERE','.');
#4389=GENERAL_PROPERTY('','MATPIECE','user defined attribute');
#4390=GENERAL_PROPERTY_ASSOCIATION('user defined attribute','',#4389,#4388);
#4391=DESCRIPTIVE_REPRESENTATION_ITEM('MATPIECE','.');
#4395=GENERAL_PROPERTY('','MECA','user defined attribute');
#4396=GENERAL_PROPERTY_ASSOCIATION('user defined attribute','',#4395,#4394);
#4397=DESCRIPTIVE_REPRESENTATION_ITEM('MECA','.');
#4401=GENERAL_PROPERTY('','NOMPIECE','user defined attribute');
#4402=GENERAL_PROPERTY_ASSOCIATION('user defined attribute','',#4401,#4400);
#4403=DESCRIPTIVE_REPRESENTATION_ITEM('NOMPIECE','.');
#4407=GENERAL_PROPERTY('','NUMERO','user defined attribute');
#4408=GENERAL_PROPERTY_ASSOCIATION('user defined attribute','',#4407,#4406);
#4409=DESCRIPTIVE_REPRESENTATION_ITEM('NUMERO','.');
#4413=GENERAL_PROPERTY('','NUMERO_OUTIL','user defined attribute');
#4414=GENERAL_PROPERTY_ASSOCIATION('user defined attribute','',#4413,#4412);
#4415=DESCRIPTIVE_REPRESENTATION_ITEM('NUMERO_OUTIL','.');
#4419=GENERAL_PROPERTY('','NUMPIECE','user defined attribute');
#4420=GENERAL_PROPERTY_ASSOCIATION('user defined attribute','',#4419,#4418);
#4421=DESCRIPTIVE_REPRESENTATION_ITEM('NUMPIECE','.');
#4425=GENERAL_PROPERTY('','PLCUST','user defined attribute');
#4426=GENERAL_PROPERTY_ASSOCIATION('user defined attribute','',#4425,#4424);
#4427=DESCRIPTIVE_REPRESENTATION_ITEM('PLCUST','.');
#4431=GENERAL_PROPERTY('','POSITION_NOMENCL','user defined attribute');
#4432=GENERAL_PROPERTY_ASSOCIATION('user defined attribute','',#4431,#4430);
#4433=VALUE_REPRESENTATION_ITEM('POSITION_NOMENCL',NUMERIC_MEASURE(0.E0));
#4436=DESCRIPTIVE_REPRESENTATION_ITEM('attribute description','Real Number');
#4441=GENERAL_PROPERTY('','PRESSE','user defined attribute');
#4442=GENERAL_PROPERTY_ASSOCIATION('user defined attribute','',#4441,#4440);
#4443=DESCRIPTIVE_REPRESENTATION_ITEM('PRESSE','.');
#4447=GENERAL_PROPERTY('','PROJET','user defined attribute');
#4448=GENERAL_PROPERTY_ASSOCIATION('user defined attribute','',#4447,#4446);
#4449=DESCRIPTIVE_REPRESENTATION_ITEM('PROJET','.');
#4453=GENERAL_PROPERTY('','PROTECTION','user defined attribute');
#4454=GENERAL_PROPERTY_ASSOCIATION('user defined attribute','',#4453,#4452);
#4455=DESCRIPTIVE_REPRESENTATION_ITEM('PROTECTION','.');
#4459=GENERAL_PROPERTY('','QUANTITE','user defined attribute');
#4460=GENERAL_PROPERTY_ASSOCIATION('user defined attribute','',#4459,#4458);
#4461=DESCRIPTIVE_REPRESENTATION_ITEM('QUANTITE','.');
#4465=GENERAL_PROPERTY('','REPERE','user defined attribute');
#4466=GENERAL_PROPERTY_ASSOCIATION('user defined attribute','',#4465,#4464);
#4467=DESCRIPTIVE_REPRESENTATION_ITEM('REPERE','.');
#4471=GENERAL_PROPERTY('','RETRAIT','user defined attribute');
#4472=GENERAL_PROPERTY_ASSOCIATION('user defined attribute','',#4471,#4470);
#4473=DESCRIPTIVE_REPRESENTATION_ITEM('RETRAIT','.');
#4477=GENERAL_PROPERTY('','REVPIECE','user defined attribute');
#4478=GENERAL_PROPERTY_ASSOCIATION('user defined attribute','',#4477,#4476);
#4479=DESCRIPTIVE_REPRESENTATION_ITEM('REVPIECE','.');
#4483=GENERAL_PROPERTY('','REVREMP','user defined attribute');
#4484=GENERAL_PROPERTY_ASSOCIATION('user defined attribute','',#4483,#4482);
#4485=DESCRIPTIVE_REPRESENTATION_ITEM('REVREMP','.');
#4489=GENERAL_PROPERTY('','TBF','user defined attribute');
#4490=GENERAL_PROPERTY_ASSOCIATION('user defined attribute','',#4489,#4488);
#4491=DESCRIPTIVE_REPRESENTATION_ITEM('TBF','N');
#4495=GENERAL_PROPERTY('','TOLANG','user defined attribute');
#4496=GENERAL_PROPERTY_ASSOCIATION('user defined attribute','',#4495,#4494);
#4497=DESCRIPTIVE_REPRESENTATION_ITEM('TOLANG','1');
#4501=GENERAL_PROPERTY('','TOLLIN','user defined attribute');
#4502=GENERAL_PROPERTY_ASSOCIATION('user defined attribute','',#4501,#4500);
#4503=DESCRIPTIVE_REPRESENTATION_ITEM('TOLLIN','0,15');
#4507=GENERAL_PROPERTY('','TRAITEMENT','user defined attribute');
#4508=GENERAL_PROPERTY_ASSOCIATION('user defined attribute','',#4507,#4506);
#4509=DESCRIPTIVE_REPRESENTATION_ITEM('TRAITEMENT','.');
#4513=GENERAL_PROPERTY('','VPNOM','user defined attribute');
#4514=GENERAL_PROPERTY_ASSOCIATION('user defined attribute','',#4513,#4512);
#4515=DESCRIPTIVE_REPRESENTATION_ITEM('VPNOM',' ');
#4519=GENERAL_PROPERTY('','INDICE','user defined attribute');
#4520=GENERAL_PROPERTY_ASSOCIATION('user defined attribute','',#4519,#4518);
#4521=DESCRIPTIVE_REPRESENTATION_ITEM('INDICE','.');
#4525=GENERAL_PROPERTY('','PHASE','user defined attribute');
#4526=GENERAL_PROPERTY_ASSOCIATION('user defined attribute','',#4525,#4524);
#4527=DESCRIPTIVE_REPRESENTATION_ITEM('PHASE','rd');
#4531=GENERAL_PROPERTY('','FOLDER','user defined attribute');
#4532=GENERAL_PROPERTY_ASSOCIATION('user defined attribute','',#4531,#4530);
#4533=DESCRIPTIVE_REPRESENTATION_ITEM('FOLDER','pts/standard/pts647');
#4537=GENERAL_PROPERTY('','REVISION','user defined attribute');
#4538=GENERAL_PROPERTY_ASSOCIATION('user defined attribute','',#4537,#4536);
#4539=DESCRIPTIVE_REPRESENTATION_ITEM('REVISION','.');
#4543=GENERAL_PROPERTY('','MATERIAL','user defined attribute');
#4544=GENERAL_PROPERTY_ASSOCIATION('user defined attribute','',#4543,#4542);
#4545=DESCRIPTIVE_REPRESENTATION_ITEM('MATERIAL','.');
#4549=GENERAL_PROPERTY('','DENSITY','user defined attribute');
#4550=GENERAL_PROPERTY_ASSOCIATION('user defined attribute','',#4549,#4548);
#4551=DESCRIPTIVE_REPRESENTATION_ITEM('DENSITY','.');
#4555=GENERAL_PROPERTY('','MASS','user defined attribute');
#4556=GENERAL_PROPERTY_ASSOCIATION('user defined attribute','',#4555,#4554);
#4557=DESCRIPTIVE_REPRESENTATION_ITEM('MASS','.');
#4561=GENERAL_PROPERTY('','VOLUME','user defined attribute');
#4562=GENERAL_PROPERTY_ASSOCIATION('user defined attribute','',#4561,#4560);
#4563=DESCRIPTIVE_REPRESENTATION_ITEM('VOLUME','.');
#4567=GENERAL_PROPERTY('','FILE_TYPE','user defined attribute');
#4568=GENERAL_PROPERTY_ASSOCIATION('user defined attribute','',#4567,#4566);
#4569=DESCRIPTIVE_REPRESENTATION_ITEM('FILE_TYPE','.');
#4573=GENERAL_PROPERTY('','FOLDER_M','user defined attribute');
#4574=GENERAL_PROPERTY_ASSOCIATION('user defined attribute','',#4573,#4572);
#4575=DESCRIPTIVE_REPRESENTATION_ITEM('FOLDER_M',
'Dossier racine/dole_south_rd');
#4579=GENERAL_PROPERTY('','NUMERO_AUTO','user defined attribute');
#4580=GENERAL_PROPERTY_ASSOCIATION('user defined attribute','',#4579,#4578);
#4581=DESCRIPTIVE_REPRESENTATION_ITEM('NUMERO_AUTO','O');
#4585=GENERAL_PROPERTY('','PTC_COMMON_NAME','user defined attribute');
#4586=GENERAL_PROPERTY_ASSOCIATION('user defined attribute','',#4585,#4584);
#4587=DESCRIPTIVE_REPRESENTATION_ITEM('PTC_COMMON_NAME','cu97m05647fp.prt');
#4591=GENERAL_PROPERTY('','DESIGNATION_1','user defined attribute');
#4592=GENERAL_PROPERTY_ASSOCIATION('user defined attribute','',#4591,#4590);
#4593=DESCRIPTIVE_REPRESENTATION_ITEM('DESIGNATION_1','');
#4597=GENERAL_PROPERTY('','DESIGNATION_2','user defined attribute');
#4598=GENERAL_PROPERTY_ASSOCIATION('user defined attribute','',#4597,#4596);
#4599=DESCRIPTIVE_REPRESENTATION_ITEM('DESIGNATION_2','PTS 647 SXXX SMTR2 LFS');
#4603=GENERAL_PROPERTY('','DESIGNATION_3','user defined attribute');
#4604=GENERAL_PROPERTY_ASSOCIATION('user defined attribute','',#4603,#4602);
#4605=DESCRIPTIVE_REPRESENTATION_ITEM('DESIGNATION_3','');
#4609=GENERAL_PROPERTY('','FEUILLET','user defined attribute');
#4610=GENERAL_PROPERTY_ASSOCIATION('user defined attribute','',#4609,#4608);
#4611=DESCRIPTIVE_REPRESENTATION_ITEM('FEUILLET','0');
#4615=GENERAL_PROPERTY('','DIMCRIT','user defined attribute');
#4616=GENERAL_PROPERTY_ASSOCIATION('user defined attribute','',#4615,#4614);
#4617=DESCRIPTIVE_REPRESENTATION_ITEM('DIMCRIT','.');
#4621=GENERAL_PROPERTY('','DIMSPC','user defined attribute');
#4622=GENERAL_PROPERTY_ASSOCIATION('user defined attribute','',#4621,#4620);
#4623=DESCRIPTIVE_REPRESENTATION_ITEM('DIMSPC','.');
#4627=GENERAL_PROPERTY('','NO_CLIENT','user defined attribute');
#4628=GENERAL_PROPERTY_ASSOCIATION('user defined attribute','',#4627,#4626);
#4629=DESCRIPTIVE_REPRESENTATION_ITEM('NO_CLIENT','1');
#4633=GENERAL_PROPERTY('','NO_ETUDE','user defined attribute');
#4634=GENERAL_PROPERTY_ASSOCIATION('user defined attribute','',#4633,#4632);
#4635=DESCRIPTIVE_REPRESENTATION_ITEM('NO_ETUDE','1');
#4639=GENERAL_PROPERTY('','NO_FAMILLE','user defined attribute');
#4640=GENERAL_PROPERTY_ASSOCIATION('user defined attribute','',#4639,#4638);
#4641=DESCRIPTIVE_REPRESENTATION_ITEM('NO_FAMILLE','1');
#4645=GENERAL_PROPERTY('','NO_POSTE','user defined attribute');
#4646=GENERAL_PROPERTY_ASSOCIATION('user defined attribute','',#4645,#4644);
#4647=DESCRIPTIVE_REPRESENTATION_ITEM('NO_POSTE','.');
#4651=GENERAL_PROPERTY('','NOREMP','user defined attribute');
#4652=GENERAL_PROPERTY_ASSOCIATION('user defined attribute','',#4651,#4650);
#4653=DESCRIPTIVE_REPRESENTATION_ITEM('NOREMP','1');
#4657=GENERAL_PROPERTY('','DRAWING_TITLE','user defined attribute');
#4658=GENERAL_PROPERTY_ASSOCIATION('user defined attribute','',#4657,#4656);
#4659=DESCRIPTIVE_REPRESENTATION_ITEM('DRAWING_TITLE','.');
#4663=GENERAL_PROPERTY('','DRAWING_TITLE2','user defined attribute');
#4664=GENERAL_PROPERTY_ASSOCIATION('user defined attribute','',#4663,#4662);
#4665=DESCRIPTIVE_REPRESENTATION_ITEM('DRAWING_TITLE2','.');
#4669=GENERAL_PROPERTY('','DRAWING_NUMBER','user defined attribute');
#4670=GENERAL_PROPERTY_ASSOCIATION('user defined attribute','',#4669,#4668);
#4671=DESCRIPTIVE_REPRESENTATION_ITEM('DRAWING_NUMBER','.');
#4675=GENERAL_PROPERTY('','PART_NUMBER','user defined attribute');
#4676=GENERAL_PROPERTY_ASSOCIATION('user defined attribute','',#4675,#4674);
#4677=DESCRIPTIVE_REPRESENTATION_ITEM('PART_NUMBER','.');
#4681=GENERAL_PROPERTY('','CUSTOMER_NUMBER','user defined attribute');
#4682=GENERAL_PROPERTY_ASSOCIATION('user defined attribute','',#4681,#4680);
#4683=DESCRIPTIVE_REPRESENTATION_ITEM('CUSTOMER_NUMBER','.');
#4687=GENERAL_PROPERTY('','CUSTOMER_REV','user defined attribute');
#4688=GENERAL_PROPERTY_ASSOCIATION('user defined attribute','',#4687,#4686);
#4689=DESCRIPTIVE_REPRESENTATION_ITEM('CUSTOMER_REV','.');
#4693=GENERAL_PROPERTY('','DRAWN_BY','user defined attribute');
#4694=GENERAL_PROPERTY_ASSOCIATION('user defined attribute','',#4693,#4692);
#4695=DESCRIPTIVE_REPRESENTATION_ITEM('DRAWN_BY','.');
#4699=GENERAL_PROPERTY('','DRAWN_DATE','user defined attribute');
#4700=GENERAL_PROPERTY_ASSOCIATION('user defined attribute','',#4699,#4698);
#4701=DESCRIPTIVE_REPRESENTATION_ITEM('DRAWN_DATE','.');
#4705=GENERAL_PROPERTY('','CHECKED_BY','user defined attribute');
#4706=GENERAL_PROPERTY_ASSOCIATION('user defined attribute','',#4705,#4704);
#4707=DESCRIPTIVE_REPRESENTATION_ITEM('CHECKED_BY','.');
#4711=GENERAL_PROPERTY('','CHECKED_DATE','user defined attribute');
#4712=GENERAL_PROPERTY_ASSOCIATION('user defined attribute','',#4711,#4710);
#4713=DESCRIPTIVE_REPRESENTATION_ITEM('CHECKED_DATE','.');
#4717=GENERAL_PROPERTY('','APPRVD_BY','user defined attribute');
#4718=GENERAL_PROPERTY_ASSOCIATION('user defined attribute','',#4717,#4716);
#4719=DESCRIPTIVE_REPRESENTATION_ITEM('APPRVD_BY','.');
#4723=GENERAL_PROPERTY('','APPRVD_DATE','user defined attribute');
#4724=GENERAL_PROPERTY_ASSOCIATION('user defined attribute','',#4723,#4722);
#4725=DESCRIPTIVE_REPRESENTATION_ITEM('APPRVD_DATE','.');
#4729=GENERAL_PROPERTY('','PAR_NUMBER','user defined attribute');
#4730=GENERAL_PROPERTY_ASSOCIATION('user defined attribute','',#4729,#4728);
#4731=DESCRIPTIVE_REPRESENTATION_ITEM('PAR_NUMBER','.');
#4735=GENERAL_PROPERTY('','CUSTOMER_NAME','user defined attribute');
#4736=GENERAL_PROPERTY_ASSOCIATION('user defined attribute','',#4735,#4734);
#4737=DESCRIPTIVE_REPRESENTATION_ITEM('CUSTOMER_NAME','.');
#4741=GENERAL_PROPERTY('','MODEL_NAME','user defined attribute');
#4742=GENERAL_PROPERTY_ASSOCIATION('user defined attribute','',#4741,#4740);
#4743=DESCRIPTIVE_REPRESENTATION_ITEM('MODEL_NAME','.');
#4747=GENERAL_PROPERTY('','UNIT_OF_MEAS','user defined attribute');
#4748=GENERAL_PROPERTY_ASSOCIATION('user defined attribute','',#4747,#4746);
#4749=DESCRIPTIVE_REPRESENTATION_ITEM('UNIT_OF_MEAS','.');
#4753=GENERAL_PROPERTY('','NO1_POSTE','user defined attribute');
#4754=GENERAL_PROPERTY_ASSOCIATION('user defined attribute','',#4753,#4752);
#4755=DESCRIPTIVE_REPRESENTATION_ITEM('NO1_POSTE','0');
#4759=GENERAL_PROPERTY('','EP_PCB','user defined attribute');
#4760=GENERAL_PROPERTY_ASSOCIATION('user defined attribute','',#4759,#4758);
#4761=DESCRIPTIVE_REPRESENTATION_ITEM('EP_PCB','0');
#4765=GENERAL_PROPERTY('','NB_COUCHE','user defined attribute');
#4766=GENERAL_PROPERTY_ASSOCIATION('user defined attribute','',#4765,#4764);
#4767=DESCRIPTIVE_REPRESENTATION_ITEM('NB_COUCHE','0');
#4771=GENERAL_PROPERTY('','NB_FACE','user defined attribute');
#4772=GENERAL_PROPERTY_ASSOCIATION('user defined attribute','',#4771,#4770);
#4773=DESCRIPTIVE_REPRESENTATION_ITEM('NB_FACE','0');
#4777=GENERAL_PROPERTY('','MAT_PCB','user defined attribute');
#4778=GENERAL_PROPERTY_ASSOCIATION('user defined attribute','',#4777,#4776);
#4779=DESCRIPTIVE_REPRESENTATION_ITEM('MAT_PCB','0');
#4783=GENERAL_PROPERTY('','ROUTAGE','user defined attribute');
#4784=GENERAL_PROPERTY_ASSOCIATION('user defined attribute','',#4783,#4782);
#4785=DESCRIPTIVE_REPRESENTATION_ITEM('ROUTAGE','0');
#4789=GENERAL_PROPERTY('','SCHEMA_LABO','user defined attribute');
#4790=GENERAL_PROPERTY_ASSOCIATION('user defined attribute','',#4789,#4788);
#4791=DESCRIPTIVE_REPRESENTATION_ITEM('SCHEMA_LABO','0');
#4795=GENERAL_PROPERTY('','NOM_LABO','user defined attribute');
#4796=GENERAL_PROPERTY_ASSOCIATION('user defined attribute','',#4795,#4794);
#4797=DESCRIPTIVE_REPRESENTATION_ITEM('NOM_LABO','0');
#4801=GENERAL_PROPERTY('','FABRIQUANT','user defined attribute');
#4802=GENERAL_PROPERTY_ASSOCIATION('user defined attribute','',#4801,#4800);
#4803=DESCRIPTIVE_REPRESENTATION_ITEM('FABRIQUANT','0');
#4807=GENERAL_PROPERTY('','PLANCHE','user defined attribute');
#4808=GENERAL_PROPERTY_ASSOCIATION('user defined attribute','',#4807,#4806);
#4809=DESCRIPTIVE_REPRESENTATION_ITEM('PLANCHE','0');
#4813=GENERAL_PROPERTY('','DIMCTQ','user defined attribute');
#4814=GENERAL_PROPERTY_ASSOCIATION('user defined attribute','',#4813,#4812);
#4815=DESCRIPTIVE_REPRESENTATION_ITEM('DIMCTQ','0');
#4819=GENERAL_PROPERTY('','PDMREV','user defined attribute');
#4820=GENERAL_PROPERTY_ASSOCIATION('user defined attribute','',#4819,#4818);
#4821=DESCRIPTIVE_REPRESENTATION_ITEM('PDMREV','');
#4825=GENERAL_PROPERTY('','PDMDB','user defined attribute');
#4826=GENERAL_PROPERTY_ASSOCIATION('user defined attribute','',#4825,#4824);
#4827=DESCRIPTIVE_REPRESENTATION_ITEM('PDMDB','');
#4831=GENERAL_PROPERTY('','PDMRL','user defined attribute');
#4832=GENERAL_PROPERTY_ASSOCIATION('user defined attribute','',#4831,#4830);
#4833=DESCRIPTIVE_REPRESENTATION_ITEM('PDMRL','');
#4837=GENERAL_PROPERTY('','PROI_REVISION','user defined attribute');
#4838=GENERAL_PROPERTY_ASSOCIATION('user defined attribute','',#4837,#4836);
#4839=DESCRIPTIVE_REPRESENTATION_ITEM('PROI_REVISION','');
#4843=GENERAL_PROPERTY('','PROI_VERSION','user defined attribute');
#4844=GENERAL_PROPERTY_ASSOCIATION('user defined attribute','',#4843,#4842);
#4845=DESCRIPTIVE_REPRESENTATION_ITEM('PROI_VERSION','');
#4849=GENERAL_PROPERTY('','PROI_BRANCH','user defined attribute');
#4850=GENERAL_PROPERTY_ASSOCIATION('user defined attribute','',#4849,#4848);
#4851=DESCRIPTIVE_REPRESENTATION_ITEM('PROI_BRANCH','');
#4855=GENERAL_PROPERTY('','PROI_RELEASE','user defined attribute');
#4856=GENERAL_PROPERTY_ASSOCIATION('user defined attribute','',#4855,#4854);
#4857=DESCRIPTIVE_REPRESENTATION_ITEM('PROI_RELEASE','');
#4861=GENERAL_PROPERTY('','PTC_MODIFIED','user defined attribute');
#4862=GENERAL_PROPERTY_ASSOCIATION('user defined attribute','',#4861,#4860);
#4863=DESCRIPTIVE_REPRESENTATION_ITEM('PTC_MODIFIED','NO');
#4866=DESCRIPTIVE_REPRESENTATION_ITEM('attribute description','Yes No');
#4871=GENERAL_PROPERTY('','PROI_CREATED_BY','user defined attribute');
#4872=GENERAL_PROPERTY_ASSOCIATION('user defined attribute','',#4871,#4870);
#4873=DESCRIPTIVE_REPRESENTATION_ITEM('PROI_CREATED_BY','eric.riffaud');
#4877=GENERAL_PROPERTY('','PROI_CREATED_ON','user defined attribute');
#4878=GENERAL_PROPERTY_ASSOCIATION('user defined attribute','',#4877,#4876);
#4879=DESCRIPTIVE_REPRESENTATION_ITEM('PROI_CREATED_ON','25/01/2013 14:07:47');
#4883=GENERAL_PROPERTY('','PROI_LOCATION','user defined attribute');
#4884=GENERAL_PROPERTY_ASSOCIATION('user defined attribute','',#4883,#4882);
#4885=DESCRIPTIVE_REPRESENTATION_ITEM('PROI_LOCATION',
'Dossier racine/dole_south_rd/pts/standard/pts647');
#4889=GENERAL_PROPERTY('','ERSTELLER','user defined attribute');
#4890=GENERAL_PROPERTY_ASSOCIATION('user defined attribute','',#4889,#4888);
#4891=DESCRIPTIVE_REPRESENTATION_ITEM('ERSTELLER','.');
#4895=GENERAL_PROPERTY('','LANGAGE','user defined attribute');
#4896=GENERAL_PROPERTY_ASSOCIATION('user defined attribute','',#4895,#4894);
#4897=DESCRIPTIVE_REPRESENTATION_ITEM('LANGAGE','.');
#4901=GENERAL_PROPERTY('','PTC_ORGANIZATION_ID','user defined attribute');
#4902=GENERAL_PROPERTY_ASSOCIATION('user defined attribute','',#4901,#4900);
#4903=DESCRIPTIVE_REPRESENTATION_ITEM('PTC_ORGANIZATION_ID','CK');
#4907=GENERAL_PROPERTY('','PTC_WM_REVISION','user defined attribute');
#4908=GENERAL_PROPERTY_ASSOCIATION('user defined attribute','',#4907,#4906);
#4909=DESCRIPTIVE_REPRESENTATION_ITEM('PTC_WM_REVISION','B');
#4913=GENERAL_PROPERTY('','PTC_WM_ITERATION','user defined attribute');
#4914=GENERAL_PROPERTY_ASSOCIATION('user defined attribute','',#4913,#4912);
#4915=DESCRIPTIVE_REPRESENTATION_ITEM('PTC_WM_ITERATION','1');
#4919=GENERAL_PROPERTY('','PTC_WM_VERSION','user defined attribute');
#4920=GENERAL_PROPERTY_ASSOCIATION('user defined attribute','',#4919,#4918);
#4921=DESCRIPTIVE_REPRESENTATION_ITEM('PTC_WM_VERSION','B.1');
#4925=GENERAL_PROPERTY('','PTC_WM_LIFECYCLE_STATE','user defined attribute');
#4926=GENERAL_PROPERTY_ASSOCIATION('user defined attribute','',#4925,#4924);
#4927=DESCRIPTIVE_REPRESENTATION_ITEM('PTC_WM_LIFECYCLE_STATE',
'IN DESIGN PHASE');
#4931=GENERAL_PROPERTY('','PTC_WM_LIFECYCLE','user defined attribute');
#4932=GENERAL_PROPERTY_ASSOCIATION('user defined attribute','',#4931,#4930);
#4933=DESCRIPTIVE_REPRESENTATION_ITEM('PTC_WM_LIFECYCLE','CK_LC');
#4937=GENERAL_PROPERTY('','PTC_WM_LOCATION','user defined attribute');
#4938=GENERAL_PROPERTY_ASSOCIATION('user defined attribute','',#4937,#4936);
#4939=DESCRIPTIVE_REPRESENTATION_ITEM('PTC_WM_LOCATION',
'/\X2\4EA754C1\X0\/HUIZHOU_RD/GSS/PTS_TRANSFER/pts/pts647');
#4943=GENERAL_PROPERTY('','PTC_WM_CREATED_BY','user defined attribute');
#4944=GENERAL_PROPERTY_ASSOCIATION('user defined attribute','',#4943,#4942);
#4945=DESCRIPTIVE_REPRESENTATION_ITEM('PTC_WM_CREATED_BY',
'Hu, Cube (Cube.hu: CK)');
#4949=GENERAL_PROPERTY('','PTC_WM_CREATED_ON','user defined attribute');
#4950=GENERAL_PROPERTY_ASSOCIATION('user defined attribute','',#4949,#4948);
#4951=DESCRIPTIVE_REPRESENTATION_ITEM('PTC_WM_CREATED_ON','11-04-21');
#4955=GENERAL_PROPERTY('','PTC_WM_MODIFIED_BY','user defined attribute');
#4956=GENERAL_PROPERTY_ASSOCIATION('user defined attribute','',#4955,#4954);
#4957=DESCRIPTIVE_REPRESENTATION_ITEM('PTC_WM_MODIFIED_BY',
'Hu, Cube (Cube.hu: CK)');
#4961=GENERAL_PROPERTY('','PTC_WM_MODIFIED_ON','user defined attribute');
#4962=GENERAL_PROPERTY_ASSOCIATION('user defined attribute','',#4961,#4960);
#4963=DESCRIPTIVE_REPRESENTATION_ITEM('PTC_WM_MODIFIED_ON','11-04-21');
#4967=GENERAL_PROPERTY('','PTC_WM_TEAM','user defined attribute');
#4968=GENERAL_PROPERTY_ASSOCIATION('user defined attribute','',#4967,#4966);
#4969=DESCRIPTIVE_REPRESENTATION_ITEM('PTC_WM_TEAM','');
#4973=GENERAL_PROPERTY('','REFERENCE','user defined attribute');
#4974=GENERAL_PROPERTY_ASSOCIATION('user defined attribute','',#4973,#4972);
#4975=DESCRIPTIVE_REPRESENTATION_ITEM('REFERENCE','.');
#4979=GENERAL_PROPERTY('','NO_MACHINE','user defined attribute');
#4980=GENERAL_PROPERTY_ASSOCIATION('user defined attribute','',#4979,#4978);
#4981=DESCRIPTIVE_REPRESENTATION_ITEM('NO_MACHINE','.');
#4985=GENERAL_PROPERTY('','VAR_POSTE','user defined attribute');
#4986=GENERAL_PROPERTY_ASSOCIATION('user defined attribute','',#4985,#4984);
#4987=DESCRIPTIVE_REPRESENTATION_ITEM('VAR_POSTE','.');
#4991=GENERAL_PROPERTY('','PTC_WM_NAME','user defined attribute');
#4992=GENERAL_PROPERTY_ASSOCIATION('user defined attribute','',#4991,#4990);
#4993=DESCRIPTIVE_REPRESENTATION_ITEM('PTC_WM_NAME','cu97m05647fp.prt');
#4997=GENERAL_PROPERTY('','PTC_WM_NUMBER','user defined attribute');
#4998=GENERAL_PROPERTY_ASSOCIATION('user defined attribute','',#4997,#4996);
#4999=DESCRIPTIVE_REPRESENTATION_ITEM('PTC_WM_NUMBER','CU97M05647FP.PRT');
#5002=APPLIED_PRESENTED_ITEM((#4152));
#5003=PRESENTED_ITEM_REPRESENTATION(#4242,#5002);
#1=DRAUGHTING_PRE_DEFINED_COLOUR('black');
#2=COLOUR_RGB('',0.E0,3.E-2,7.E-1);
#3=COLOUR_RGB('',0.E0,4.48509E-1,9.66019E-1);
#4=DRAUGHTING_PRE_DEFINED_COLOUR('green');
#5=COLOUR_RGB('',2.5244E-2,1.50068E-1,3.82488E-1);
#6=COLOUR_RGB('',3.E-2,2.E-1,6.3E-1);
#7=COLOUR_RGB('',4.E-2,2.5E-1,1.7E-1);
#8=COLOUR_RGB('',1.E-1,6.3E-1,5.E-1);
#9=COLOUR_RGB('',2.E-1,2.E-1,2.E-1);
#10=COLOUR_RGB('',2.E-1,1.E0,1.E0);
#11=COLOUR_RGB('',2.1E-1,5.1E-1,4.2E-1);
#12=COLOUR_RGB('',2.3E-1,3.8E-1,5.6E-1);
#13=COLOUR_RGB('',2.8E-1,2.8E-1,2.8E-1);
#14=COLOUR_RGB('',3.2E-1,5.8E-1,8.1E-1);
#15=COLOUR_RGB('',3.9E-1,4.4E-1,4.9E-1);
#16=COLOUR_RGB('',4.4E-1,5.E-1,6.E-1);
#17=COLOUR_RGB('',5.1E-1,4.E-1,1.1E-1);
#18=COLOUR_RGB('',5.5E-1,5.5E-1,5.5E-1);
#19=COLOUR_RGB('',6.E-1,4.E-1,2.E-1);
#20=COLOUR_RGB('',6.2E-1,6.06625E-1,5.33609E-1);
#21=COLOUR_RGB('',6.2E-1,7.E-1,7.7E-1);
#22=COLOUR_RGB('',6.35294E-1,6.86275E-1,7.4902E-1);
#23=COLOUR_RGB('',6.4E-1,4.6E-1,3.E-1);
#24=COLOUR_RGB('',6.8E-1,8.1E-1,1.E0);
#25=COLOUR_RGB('',7.4E-1,4.E-1,4.E-1);
#26=COLOUR_RGB('',7.5E-1,7.2E-1,0.E0);
#27=COLOUR_RGB('',8.2E-1,6.E-1,2.4E-1);
#28=COLOUR_RGB('',8.3E-1,0.E0,0.E0);
#29=COLOUR_RGB('',8.784E-1,9.49E-1,1.E0);
#30=DRAUGHTING_PRE_DEFINED_COLOUR('red');
#31=COLOUR_RGB('',1.E0,0.E0,8.E-2);
#32=COLOUR_RGB('',1.E0,0.E0,7.8E-1);
#33=DRAUGHTING_PRE_DEFINED_COLOUR('magenta');
#34=COLOUR_RGB('',1.E0,3.E-2,3.E-2);
#35=COLOUR_RGB('',1.E0,3.6E-1,0.E0);
#36=COLOUR_RGB('',1.E0,7.2E-1,0.E0);
#37=COLOUR_RGB('',1.E0,8.E-1,2.E-1);
#38=DRAUGHTING_PRE_DEFINED_COLOUR('yellow');
#39=DRAUGHTING_PRE_DEFINED_COLOUR('white');
#44=CIRCLE('',#43,3.E-1);
#65=CIRCLE('',#64,3.E-1);
#86=CIRCLE('',#85,3.E-1);
#107=CIRCLE('',#106,3.E-1);
#128=CIRCLE('',#127,3.E-1);
#133=CIRCLE('',#132,3.E-1);
#282=CIRCLE('',#281,5.E-2);
#287=CIRCLE('',#286,5.E-2);
#308=CIRCLE('',#307,4.E-1);
#317=CIRCLE('',#316,4.E-1);
#374=CIRCLE('',#373,1.E-1);
#383=CIRCLE('',#382,1.E-1);
#408=CIRCLE('',#407,3.5E-1);
#417=CIRCLE('',#416,3.5E-1);
#426=CIRCLE('',#425,5.E-2);
#435=CIRCLE('',#434,4.E-1);
#452=CIRCLE('',#451,1.E-1);
#461=CIRCLE('',#460,3.5E-1);
#466=CIRCLE('',#465,3.5E-1);
#475=CIRCLE('',#474,1.E-1);
#492=CIRCLE('',#491,4.E-1);
#501=CIRCLE('',#500,5.E-2);
#578=CIRCLE('',#577,5.E-2);
#587=CIRCLE('',#586,5.E-2);
#600=CIRCLE('',#599,3.5E-1);
#605=CIRCLE('',#604,3.5E-1);
#626=CIRCLE('',#625,1.E-1);
#635=CIRCLE('',#634,1.E-1);
#692=CIRCLE('',#691,4.E-1);
#701=CIRCLE('',#700,4.E-1);
#726=CIRCLE('',#725,3.5E-1);
#735=CIRCLE('',#734,1.E-1);
#752=CIRCLE('',#751,4.E-1);
#761=CIRCLE('',#760,5.E-2);
#766=CIRCLE('',#765,5.E-2);
#775=CIRCLE('',#774,4.E-1);
#792=CIRCLE('',#791,1.E-1);
#801=CIRCLE('',#800,3.5E-1);
#806=CIRCLE('',#805,3.E-1);
#811=CIRCLE('',#810,3.E-1);
#944=CIRCLE('',#943,3.E-1);
#949=CIRCLE('',#948,3.E-1);
#954=CIRCLE('',#953,3.5E-1);
#959=CIRCLE('',#958,3.5E-1);
#964=CIRCLE('',#963,3.5E-1);
#969=CIRCLE('',#968,3.5E-1);
#974=CIRCLE('',#973,3.5E-1);
#979=CIRCLE('',#978,3.5E-1);
#984=CIRCLE('',#983,3.5E-1);
#989=CIRCLE('',#988,3.5E-1);
#994=CIRCLE('',#993,1.2E0);
#999=CIRCLE('',#998,1.2E0);
#1004=CIRCLE('',#1003,3.E-1);
#1029=CIRCLE('',#1028,3.E-1);
#1054=CIRCLE('',#1053,3.E-1);
#1079=CIRCLE('',#1078,3.E-1);
#1104=CIRCLE('',#1103,3.5E-1);
#1113=CIRCLE('',#1112,2.5E-1);
#1118=CIRCLE('',#1117,9.999993386364E-2);
#1123=CIRCLE('',#1122,9.999993386364E-2);
#1128=CIRCLE('',#1127,9.999993386364E-2);
#1133=CIRCLE('',#1132,9.999993386364E-2);
#1138=CIRCLE('',#1137,9.999993386364E-2);
#1143=CIRCLE('',#1142,9.999993386364E-2);
#1148=CIRCLE('',#1147,9.999993386364E-2);
#1153=CIRCLE('',#1152,9.999993386364E-2);
#1158=CIRCLE('',#1157,2.5E-1);
#1163=CIRCLE('',#1162,3.5E-1);
#1172=CIRCLE('',#1171,2.5E-1);
#1177=CIRCLE('',#1176,2.5E-1);
#1182=CIRCLE('',#1181,3.5E-1);
#1191=CIRCLE('',#1190,3.5E-1);
#1200=CIRCLE('',#1199,2.5E-1);
#1205=CIRCLE('',#1204,2.5E-1);
#1210=CIRCLE('',#1209,3.5E-1);
#1219=CIRCLE('',#1218,3.5E-1);
#1228=CIRCLE('',#1227,2.5E-1);
#1233=CIRCLE('',#1232,2.5E-1);
#1238=CIRCLE('',#1237,3.5E-1);
#1247=CIRCLE('',#1246,3.5E-1);
#1264=CIRCLE('',#1263,1.15E0);
#1269=CIRCLE('',#1268,1.15E0);
#1274=CIRCLE('',#1273,1.2E0);
#1279=CIRCLE('',#1278,1.2E0);
#1284=CIRCLE('',#1283,1.15E0);
#1289=CIRCLE('',#1288,1.15E0);
#1302=CIRCLE('',#1301,2.E-1);
#1307=CIRCLE('',#1306,9.499998821116E-1);
#1312=CIRCLE('',#1311,9.499998821116E-1);
#1317=CIRCLE('',#1316,2.E-1);
#1322=CIRCLE('',#1321,1.15E0);
#1327=CIRCLE('',#1326,1.15E0);
#1400=CIRCLE('',#1399,3.E-1);
#1405=CIRCLE('',#1404,3.E-1);
#1863=EDGE_CURVE('',#1728,#1729,#44,.T.);
#1865=EDGE_CURVE('',#1728,#1438,#48,.T.);
#1867=EDGE_CURVE('',#1438,#1439,#52,.T.);
#1869=EDGE_CURVE('',#1441,#1439,#56,.T.);
#1871=EDGE_CURVE('',#1441,#1729,#60,.T.);
#1875=ADVANCED_FACE('',(#1874),#1862,.F.);
#1881=EDGE_CURVE('',#1736,#1737,#65,.T.);
#1883=EDGE_CURVE('',#1736,#1432,#69,.T.);
#1885=EDGE_CURVE('',#1432,#1433,#73,.T.);
#1887=EDGE_CURVE('',#1435,#1433,#77,.T.);
#1889=EDGE_CURVE('',#1435,#1737,#81,.T.);
#1893=ADVANCED_FACE('',(#1892),#1880,.F.);
#1899=EDGE_CURVE('',#1744,#1745,#86,.T.);
#1901=EDGE_CURVE('',#1744,#1450,#90,.T.);
#1903=EDGE_CURVE('',#1450,#1451,#94,.T.);
#1905=EDGE_CURVE('',#1453,#1451,#98,.T.);
#1907=EDGE_CURVE('',#1453,#1745,#102,.T.);
#1911=ADVANCED_FACE('',(#1910),#1898,.F.);
#1917=EDGE_CURVE('',#1752,#1753,#107,.T.);
#1919=EDGE_CURVE('',#1752,#1444,#111,.T.);
#1921=EDGE_CURVE('',#1444,#1445,#115,.T.);
#1923=EDGE_CURVE('',#1447,#1445,#119,.T.);
#1925=EDGE_CURVE('',#1447,#1753,#123,.T.);
#1929=ADVANCED_FACE('',(#1928),#1916,.F.);
#1935=EDGE_CURVE('',#1824,#1825,#128,.T.);
#1937=EDGE_CURVE('',#1824,#1728,#253,.T.);
#1940=EDGE_CURVE('',#1825,#1729,#815,.T.);
#1944=ADVANCED_FACE('',(#1943),#1934,.T.);
#1950=EDGE_CURVE('',#1776,#1805,#133,.T.);
#1952=EDGE_CURVE('',#1732,#1805,#855,.T.);
#1954=EDGE_CURVE('',#1732,#1733,#1004,.T.);
#1956=EDGE_CURVE('',#1733,#1776,#261,.T.);
#1960=ADVANCED_FACE('',(#1959),#1949,.T.);
#1966=EDGE_CURVE('',#1825,#1828,#153,.T.);
#1968=EDGE_CURVE('',#1828,#1829,#806,.T.);
#1970=EDGE_CURVE('',#1829,#1832,#157,.T.);
#1972=EDGE_CURVE('',#1832,#1833,#944,.T.);
#1974=EDGE_CURVE('',#1833,#1836,#161,.T.);
#1976=EDGE_CURVE('',#1836,#1837,#1400,.T.);
#1978=EDGE_CURVE('',#1837,#1824,#165,.T.);
#1983=EDGE_CURVE('',#1760,#1761,#137,.T.);
#1985=EDGE_CURVE('',#1765,#1760,#141,.T.);
#1987=EDGE_CURVE('',#1763,#1765,#145,.T.);
#1989=EDGE_CURVE('',#1761,#1763,#149,.T.);
#1993=ADVANCED_FACE('',(#1982,#1992),#1965,.T.);
#2000=EDGE_CURVE('',#1761,#1769,#173,.T.);
#2002=EDGE_CURVE('',#1768,#1769,#185,.T.);
#2004=EDGE_CURVE('',#1760,#1768,#169,.T.);
#2008=ADVANCED_FACE('',(#2007),#1998,.F.);
#2015=EDGE_CURVE('',#1763,#1771,#177,.T.);
#2017=EDGE_CURVE('',#1769,#1771,#189,.T.);
#2022=ADVANCED_FACE('',(#2021),#2013,.F.);
#2029=EDGE_CURVE('',#1765,#1773,#181,.T.);
#2031=EDGE_CURVE('',#1771,#1773,#193,.T.);
#2036=ADVANCED_FACE('',(#2035),#2027,.F.);
#2044=EDGE_CURVE('',#1773,#1768,#197,.T.);
#2049=ADVANCED_FACE('',(#2048),#2041,.F.);
#2055=EDGE_CURVE('',#1809,#1777,#201,.T.);
#2057=EDGE_CURVE('',#1807,#1809,#1413,.T.);
#2059=EDGE_CURVE('',#1780,#1807,#1409,.T.);
#2061=EDGE_CURVE('',#1780,#1781,#269,.T.);
#2063=EDGE_CURVE('',#1784,#1781,#1405,.T.);
#2065=EDGE_CURVE('',#1784,#1785,#919,.T.);
#2067=EDGE_CURVE('',#1821,#1785,#1391,.T.);
#2069=EDGE_CURVE('',#1819,#1821,#1383,.T.);
#2071=EDGE_CURVE('',#1788,#1819,#1379,.T.);
#2073=EDGE_CURVE('',#1788,#1789,#931,.T.);
#2075=EDGE_CURVE('',#1792,#1789,#949,.T.);
#2077=EDGE_CURVE('',#1792,#1793,#553,.T.);
#2079=EDGE_CURVE('',#1817,#1793,#1371,.T.);
#2081=EDGE_CURVE('',#1815,#1817,#1363,.T.);
#2083=EDGE_CURVE('',#1796,#1815,#1359,.T.);
#2085=EDGE_CURVE('',#1796,#1797,#565,.T.);
#2087=EDGE_CURVE('',#1800,#1797,#811,.T.);
#2089=EDGE_CURVE('',#1800,#1801,#835,.T.);
#2091=EDGE_CURVE('',#1813,#1801,#1351,.T.);
#2093=EDGE_CURVE('',#1811,#1813,#1343,.T.);
#2095=EDGE_CURVE('',#1804,#1811,#1339,.T.);
#2097=EDGE_CURVE('',#1804,#1805,#847,.T.);
#2100=EDGE_CURVE('',#1776,#1777,#257,.T.);
#2110=ADVANCED_FACE('',(#2103,#2109),#2054,.F.);
#2117=EDGE_CURVE('',#1485,#1777,#265,.T.);
#2119=EDGE_CURVE('',#1485,#1483,#1095,.T.);
#2121=EDGE_CURVE('',#1483,#1809,#205,.T.);
#2125=ADVANCED_FACE('',(#2124),#2115,.F.);
#2132=EDGE_CURVE('',#1837,#1753,#237,.T.);
#2135=EDGE_CURVE('',#1447,#1457,#241,.T.);
#2137=EDGE_CURVE('',#1456,#1457,#245,.T.);
#2139=EDGE_CURVE('',#1438,#1456,#249,.T.);
#2145=EDGE_CURVE('',#1629,#1580,#209,.T.);
#2147=EDGE_CURVE('',#1629,#1625,#1429,.T.);
#2149=EDGE_CURVE('',#1625,#1581,#213,.T.);
#2151=EDGE_CURVE('',#1580,#1581,#217,.T.);
#2155=EDGE_CURVE('',#1577,#1623,#221,.T.);
#2157=EDGE_CURVE('',#1627,#1623,#225,.T.);
#2159=EDGE_CURVE('',#1576,#1627,#229,.T.);
#2161=EDGE_CURVE('',#1576,#1577,#233,.T.);
#2165=ADVANCED_FACE('',(#2144,#2154,#2164),#2130,.T.);
#2173=EDGE_CURVE('',#1733,#1485,#1099,.T.);
#2178=ADVANCED_FACE('',(#2177),#2170,.T.);
#2185=EDGE_CURVE('',#1480,#1780,#273,.T.);
#2187=EDGE_CURVE('',#1480,#1756,#1083,.T.);
#2189=EDGE_CURVE('',#1756,#1781,#277,.T.);
#2193=ADVANCED_FACE('',(#2192),#2183,.T.);
#2199=EDGE_CURVE('',#1592,#1627,#282,.T.);
#2201=EDGE_CURVE('',#1512,#1592,#295,.T.);
#2203=EDGE_CURVE('',#1576,#1512,#426,.T.);
#2208=ADVANCED_FACE('',(#2207),#2198,.F.);
#2214=EDGE_CURVE('',#1596,#1629,#287,.T.);
#2217=EDGE_CURVE('',#1580,#1544,#761,.T.);
#2219=EDGE_CURVE('',#1596,#1544,#303,.T.);
#2223=ADVANCED_FACE('',(#2222),#2213,.F.);
#2229=EDGE_CURVE('',#1592,#1593,#291,.T.);
#2233=EDGE_CURVE('',#1619,#1623,#408,.T.);
#2235=EDGE_CURVE('',#1615,#1619,#391,.T.);
#2237=EDGE_CURVE('',#1615,#1611,#374,.T.);
#2239=EDGE_CURVE('',#1607,#1611,#357,.T.);
#2241=EDGE_CURVE('',#1603,#1607,#341,.T.);
#2243=EDGE_CURVE('',#1599,#1603,#325,.T.);
#2245=EDGE_CURVE('',#1593,#1599,#308,.T.);
#2249=ADVANCED_FACE('',(#2248),#2228,.F.);
#2256=EDGE_CURVE('',#1513,#1593,#312,.T.);
#2258=EDGE_CURVE('',#1512,#1513,#430,.T.);
#2263=ADVANCED_FACE('',(#2262),#2254,.T.);
#2269=EDGE_CURVE('',#1596,#1597,#299,.T.);
#2272=EDGE_CURVE('',#1544,#1545,#756,.T.);
#2274=EDGE_CURVE('',#1597,#1545,#321,.T.);
#2278=ADVANCED_FACE('',(#2277),#2268,.T.);
#2285=EDGE_CURVE('',#1515,#1599,#329,.T.);
#2287=EDGE_CURVE('',#1513,#1515,#435,.T.);
#2292=ADVANCED_FACE('',(#2291),#2283,.T.);
#2298=EDGE_CURVE('',#1597,#1601,#317,.T.);
#2301=EDGE_CURVE('',#1545,#1547,#752,.T.);
#2303=EDGE_CURVE('',#1601,#1547,#337,.T.);
#2307=ADVANCED_FACE('',(#2306),#2297,.T.);
#2314=EDGE_CURVE('',#1517,#1603,#345,.T.);
#2316=EDGE_CURVE('',#1515,#1517,#439,.T.);
#2321=ADVANCED_FACE('',(#2320),#2312,.T.);
#2327=EDGE_CURVE('',#1601,#1605,#333,.T.);
#2330=EDGE_CURVE('',#1547,#1549,#747,.T.);
#2332=EDGE_CURVE('',#1605,#1549,#353,.T.);
#2336=ADVANCED_FACE('',(#2335),#2326,.T.);
#2343=EDGE_CURVE('',#1519,#1607,#361,.T.);
#2345=EDGE_CURVE('',#1517,#1519,#443,.T.);
#2350=ADVANCED_FACE('',(#2349),#2341,.T.);
#2356=EDGE_CURVE('',#1605,#1609,#349,.T.);
#2359=EDGE_CURVE('',#1549,#1551,#743,.T.);
#2361=EDGE_CURVE('',#1609,#1551,#369,.T.);
#2365=ADVANCED_FACE('',(#2364),#2355,.T.);
#2372=EDGE_CURVE('',#1521,#1611,#378,.T.);
#2374=EDGE_CURVE('',#1519,#1521,#447,.T.);
#2379=ADVANCED_FACE('',(#2378),#2370,.T.);
#2385=EDGE_CURVE('',#1609,#1613,#365,.T.);
#2388=EDGE_CURVE('',#1551,#1553,#739,.T.);
#2390=EDGE_CURVE('',#1613,#1553,#387,.T.);
#2394=ADVANCED_FACE('',(#2393),#2384,.T.);
#2401=EDGE_CURVE('',#1523,#1615,#395,.T.);
#2403=EDGE_CURVE('',#1521,#1523,#452,.T.);
#2408=ADVANCED_FACE('',(#2407),#2399,.F.);
#2414=EDGE_CURVE('',#1617,#1613,#383,.T.);
#2417=EDGE_CURVE('',#1553,#1555,#735,.T.);
#2419=EDGE_CURVE('',#1617,#1555,#403,.T.);
#2423=ADVANCED_FACE('',(#2422),#2413,.F.);
#2430=EDGE_CURVE('',#1525,#1619,#412,.T.);
#2432=EDGE_CURVE('',#1523,#1525,#456,.T.);
#2437=ADVANCED_FACE('',(#2436),#2428,.T.);
#2443=EDGE_CURVE('',#1617,#1621,#399,.T.);
#2446=EDGE_CURVE('',#1555,#1557,#730,.T.);
#2448=EDGE_CURVE('',#1621,#1557,#421,.T.);
#2452=ADVANCED_FACE('',(#2451),#2442,.T.);
#2460=EDGE_CURVE('',#1525,#1577,#461,.T.);
#2465=ADVANCED_FACE('',(#2464),#2457,.T.);
#2471=EDGE_CURVE('',#1621,#1625,#417,.T.);
#2474=EDGE_CURVE('',#1557,#1581,#726,.T.);
#2479=ADVANCED_FACE('',(#2478),#2470,.T.);
#2497=ADVANCED_FACE('',(#2496),#2484,.F.);
#2503=EDGE_CURVE('',#1584,#1585,#513,.T.);
#2505=EDGE_CURVE('',#1585,#1528,#466,.T.);
#2507=EDGE_CURVE('',#1528,#1529,#470,.T.);
#2509=EDGE_CURVE('',#1529,#1531,#475,.T.);
#2511=EDGE_CURVE('',#1531,#1533,#479,.T.);
#2513=EDGE_CURVE('',#1533,#1535,#483,.T.);
#2515=EDGE_CURVE('',#1535,#1537,#487,.T.);
#2517=EDGE_CURVE('',#1537,#1539,#492,.T.);
#2519=EDGE_CURVE('',#1539,#1541,#496,.T.);
#2521=EDGE_CURVE('',#1541,#1584,#501,.T.);
#2525=ADVANCED_FACE('',(#2524),#2502,.F.);
#2532=EDGE_CURVE('',#1829,#1737,#533,.T.);
#2535=EDGE_CURVE('',#1435,#1465,#537,.T.);
#2537=EDGE_CURVE('',#1464,#1465,#541,.T.);
#2539=EDGE_CURVE('',#1450,#1464,#545,.T.);
#2542=EDGE_CURVE('',#1832,#1744,#549,.T.);
#2546=EDGE_CURVE('',#1584,#1667,#505,.T.);
#2548=EDGE_CURVE('',#1667,#1632,#595,.T.);
#2550=EDGE_CURVE('',#1585,#1632,#509,.T.);
#2555=EDGE_CURVE('',#1636,#1589,#517,.T.);
#2557=EDGE_CURVE('',#1669,#1636,#521,.T.);
#2559=EDGE_CURVE('',#1669,#1588,#525,.T.);
#2561=EDGE_CURVE('',#1588,#1589,#529,.T.);
#2565=ADVANCED_FACE('',(#2545,#2554,#2564),#2530,.T.);
#2572=EDGE_CURVE('',#1749,#1792,#557,.T.);
#2574=EDGE_CURVE('',#1749,#1501,#1049,.T.);
#2576=EDGE_CURVE('',#1501,#1793,#561,.T.);
#2580=ADVANCED_FACE('',(#2579),#2570,.T.);
#2587=EDGE_CURVE('',#1496,#1796,#569,.T.);
#2589=EDGE_CURVE('',#1496,#1740,#1033,.T.);
#2591=EDGE_CURVE('',#1740,#1797,#573,.T.);
#2595=ADVANCED_FACE('',(#2594),#2585,.T.);
#2601=EDGE_CURVE('',#1667,#1663,#578,.T.);
#2605=EDGE_CURVE('',#1541,#1663,#582,.T.);
#2609=ADVANCED_FACE('',(#2608),#2600,.F.);
#2615=EDGE_CURVE('',#1669,#1665,#587,.T.);
#2617=EDGE_CURVE('',#1665,#1573,#591,.T.);
#2619=EDGE_CURVE('',#1573,#1588,#766,.T.);
#2624=ADVANCED_FACE('',(#2623),#2614,.F.);
#2630=EDGE_CURVE('',#1632,#1633,#600,.T.);
#2634=EDGE_CURVE('',#1659,#1663,#709,.T.);
#2636=EDGE_CURVE('',#1655,#1659,#692,.T.);
#2638=EDGE_CURVE('',#1651,#1655,#675,.T.);
#2640=EDGE_CURVE('',#1647,#1651,#659,.T.);
#2642=EDGE_CURVE('',#1643,#1647,#643,.T.);
#2644=EDGE_CURVE('',#1643,#1639,#626,.T.);
#2646=EDGE_CURVE('',#1633,#1639,#609,.T.);
#2650=ADVANCED_FACE('',(#2649),#2629,.F.);
#2657=EDGE_CURVE('',#1528,#1633,#613,.T.);
#2663=ADVANCED_FACE('',(#2662),#2655,.T.);
#2669=EDGE_CURVE('',#1636,#1637,#605,.T.);
#2672=EDGE_CURVE('',#1589,#1560,#801,.T.);
#2674=EDGE_CURVE('',#1637,#1560,#621,.T.);
#2678=ADVANCED_FACE('',(#2677),#2668,.T.);
#2685=EDGE_CURVE('',#1529,#1639,#630,.T.);
#2691=ADVANCED_FACE('',(#2690),#2683,.T.);
#2697=EDGE_CURVE('',#1637,#1641,#617,.T.);
#2700=EDGE_CURVE('',#1560,#1561,#796,.T.);
#2702=EDGE_CURVE('',#1641,#1561,#639,.T.);
#2706=ADVANCED_FACE('',(#2705),#2696,.T.);
#2713=EDGE_CURVE('',#1531,#1643,#647,.T.);
#2719=ADVANCED_FACE('',(#2718),#2711,.F.);
#2725=EDGE_CURVE('',#1645,#1641,#635,.T.);
#2728=EDGE_CURVE('',#1561,#1563,#792,.T.);
#2730=EDGE_CURVE('',#1645,#1563,#655,.T.);
#2734=ADVANCED_FACE('',(#2733),#2724,.F.);
#2741=EDGE_CURVE('',#1533,#1647,#663,.T.);
#2747=ADVANCED_FACE('',(#2746),#2739,.T.);
#2753=EDGE_CURVE('',#1645,#1649,#651,.T.);
#2756=EDGE_CURVE('',#1563,#1565,#787,.T.);
#2758=EDGE_CURVE('',#1649,#1565,#671,.T.);
#2762=ADVANCED_FACE('',(#2761),#2752,.T.);
#2769=EDGE_CURVE('',#1535,#1651,#679,.T.);
#2775=ADVANCED_FACE('',(#2774),#2767,.T.);
#2781=EDGE_CURVE('',#1649,#1653,#667,.T.);
#2784=EDGE_CURVE('',#1565,#1567,#783,.T.);
#2786=EDGE_CURVE('',#1653,#1567,#687,.T.);
#2790=ADVANCED_FACE('',(#2789),#2780,.T.);
#2797=EDGE_CURVE('',#1537,#1655,#696,.T.);
#2803=ADVANCED_FACE('',(#2802),#2795,.T.);
#2809=EDGE_CURVE('',#1653,#1657,#683,.T.);
#2812=EDGE_CURVE('',#1567,#1569,#779,.T.);
#2814=EDGE_CURVE('',#1657,#1569,#705,.T.);
#2818=ADVANCED_FACE('',(#2817),#2808,.T.);
#2825=EDGE_CURVE('',#1539,#1659,#713,.T.);
#2831=ADVANCED_FACE('',(#2830),#2823,.T.);
#2837=EDGE_CURVE('',#1657,#1661,#701,.T.);
#2840=EDGE_CURVE('',#1569,#1571,#775,.T.);
#2842=EDGE_CURVE('',#1661,#1571,#721,.T.);
#2846=ADVANCED_FACE('',(#2845),#2836,.T.);
#2858=ADVANCED_FACE('',(#2857),#2851,.T.);
#2864=EDGE_CURVE('',#1661,#1665,#717,.T.);
#2867=EDGE_CURVE('',#1571,#1573,#770,.T.);
#2872=ADVANCED_FACE('',(#2871),#2863,.T.);
#2890=ADVANCED_FACE('',(#2889),#2877,.F.);
#2908=ADVANCED_FACE('',(#2907),#2895,.T.);
#2926=ADVANCED_FACE('',(#2925),#2913,.T.);
#2933=EDGE_CURVE('',#1828,#1736,#831,.T.);
#2939=ADVANCED_FACE('',(#2938),#2931,.T.);
#2947=EDGE_CURVE('',#1740,#1741,#1029,.T.);
#2949=EDGE_CURVE('',#1741,#1800,#839,.T.);
#2953=ADVANCED_FACE('',(#2952),#2944,.T.);
#2962=EDGE_CURVE('',#1441,#1469,#819,.T.);
#2964=EDGE_CURVE('',#1468,#1469,#823,.T.);
#2966=EDGE_CURVE('',#1432,#1468,#827,.T.);
#2972=ADVANCED_FACE('',(#2971),#2958,.T.);
#2980=EDGE_CURVE('',#1741,#1493,#1024,.T.);
#2982=EDGE_CURVE('',#1493,#1801,#843,.T.);
#2986=ADVANCED_FACE('',(#2985),#2977,.T.);
#2993=EDGE_CURVE('',#1488,#1804,#851,.T.);
#2995=EDGE_CURVE('',#1488,#1732,#1008,.T.);
#3000=ADVANCED_FACE('',(#2999),#2991,.T.);
#3007=EDGE_CURVE('',#1439,#1473,#859,.T.);
#3009=EDGE_CURVE('',#1473,#1469,#887,.T.);
#3014=ADVANCED_FACE('',(#3013),#3005,.F.);
#3022=EDGE_CURVE('',#1456,#1473,#891,.T.);
#3027=ADVANCED_FACE('',(#3026),#3019,.F.);
#3034=EDGE_CURVE('',#1475,#1457,#863,.T.);
#3036=EDGE_CURVE('',#1460,#1475,#867,.T.);
#3038=EDGE_CURVE('',#1460,#1461,#907,.T.);
#3040=EDGE_CURVE('',#1477,#1461,#871,.T.);
#3042=EDGE_CURVE('',#1464,#1477,#875,.T.);
#3045=EDGE_CURVE('',#1471,#1465,#879,.T.);
#3047=EDGE_CURVE('',#1468,#1471,#883,.T.);
#3054=ADVANCED_FACE('',(#3053),#3032,.T.);
#3061=EDGE_CURVE('',#1445,#1475,#895,.T.);
#3067=ADVANCED_FACE('',(#3066),#3059,.F.);
#3074=EDGE_CURVE('',#1444,#1460,#911,.T.);
#3080=ADVANCED_FACE('',(#3079),#3072,.F.);
#3087=EDGE_CURVE('',#1833,#1745,#899,.T.);
#3090=EDGE_CURVE('',#1453,#1461,#903,.T.);
#3095=EDGE_CURVE('',#1836,#1752,#915,.T.);
#3099=ADVANCED_FACE('',(#3098),#3085,.T.);
#3106=EDGE_CURVE('',#1757,#1784,#923,.T.);
#3108=EDGE_CURVE('',#1757,#1509,#1074,.T.);
#3110=EDGE_CURVE('',#1509,#1785,#927,.T.);
#3114=ADVANCED_FACE('',(#3113),#3104,.T.);
#3121=EDGE_CURVE('',#1504,#1788,#935,.T.);
#3123=EDGE_CURVE('',#1504,#1748,#1058,.T.);
#3125=EDGE_CURVE('',#1748,#1789,#939,.T.);
#3129=ADVANCED_FACE('',(#3128),#3119,.T.);
#3141=ADVANCED_FACE('',(#3140),#3134,.T.);
#3149=EDGE_CURVE('',#1748,#1749,#1054,.T.);
#3154=ADVANCED_FACE('',(#3153),#3146,.T.);
#3162=EDGE_CURVE('',#1488,#1489,#1012,.T.);
#3164=EDGE_CURVE('',#1489,#1491,#1016,.T.);
#3166=EDGE_CURVE('',#1493,#1491,#1020,.T.);
#3171=EDGE_CURVE('',#1496,#1497,#1037,.T.);
#3173=EDGE_CURVE('',#1497,#1499,#1041,.T.);
#3175=EDGE_CURVE('',#1501,#1499,#1045,.T.);
#3180=EDGE_CURVE('',#1504,#1505,#1062,.T.);
#3182=EDGE_CURVE('',#1505,#1507,#1066,.T.);
#3184=EDGE_CURVE('',#1509,#1507,#1070,.T.);
#3187=EDGE_CURVE('',#1756,#1757,#1079,.T.);
#3190=EDGE_CURVE('',#1480,#1481,#1087,.T.);
#3192=EDGE_CURVE('',#1481,#1483,#1091,.T.);
#3198=EDGE_CURVE('',#1676,#1677,#964,.T.);
#3200=EDGE_CURVE('',#1677,#1676,#969,.T.);
#3204=EDGE_CURVE('',#1680,#1681,#974,.T.);
#3206=EDGE_CURVE('',#1681,#1680,#979,.T.);
#3210=EDGE_CURVE('',#1684,#1685,#984,.T.);
#3212=EDGE_CURVE('',#1685,#1684,#989,.T.);
#3216=EDGE_CURVE('',#1856,#1857,#994,.T.);
#3218=EDGE_CURVE('',#1857,#1856,#999,.T.);
#3222=EDGE_CURVE('',#1672,#1673,#954,.T.);
#3224=EDGE_CURVE('',#1673,#1672,#959,.T.);
#3228=ADVANCED_FACE('',(#3197,#3203,#3209,#3215,#3221,#3227),#3159,.T.);
#3234=EDGE_CURVE('',#1692,#1693,#1104,.T.);
#3236=EDGE_CURVE('',#1673,#1693,#1167,.T.);
#3239=EDGE_CURVE('',#1672,#1692,#1108,.T.);
#3243=ADVANCED_FACE('',(#3242),#3233,.T.);
#3273=EDGE_CURVE('',#1688,#1689,#1118,.T.);
#3275=EDGE_CURVE('',#1689,#1693,#1158,.T.);
#3278=EDGE_CURVE('',#1688,#1692,#1113,.T.);
#3282=ADVANCED_FACE('',(#3281),#3272,.T.);
#3289=EDGE_CURVE('',#1689,#1688,#1123,.T.);
#3293=ADVANCED_FACE('',(#3292),#3287,.T.);
#3299=EDGE_CURVE('',#1696,#1697,#1128,.T.);
#3301=EDGE_CURVE('',#1697,#1696,#1133,.T.);
#3305=ADVANCED_FACE('',(#3304),#3298,.T.);
#3311=EDGE_CURVE('',#1704,#1705,#1138,.T.);
#3313=EDGE_CURVE('',#1705,#1704,#1143,.T.);
#3317=ADVANCED_FACE('',(#3316),#3310,.T.);
#3323=EDGE_CURVE('',#1712,#1713,#1148,.T.);
#3325=EDGE_CURVE('',#1713,#1712,#1153,.T.);
#3329=ADVANCED_FACE('',(#3328),#3322,.T.);
#3361=EDGE_CURVE('',#1693,#1692,#1163,.T.);
#3366=ADVANCED_FACE('',(#3365),#3358,.T.);
#3378=ADVANCED_FACE('',(#3377),#3371,.T.);
#3409=EDGE_CURVE('',#1697,#1701,#1177,.T.);
#3411=EDGE_CURVE('',#1700,#1701,#1191,.T.);
#3413=EDGE_CURVE('',#1696,#1700,#1172,.T.);
#3417=ADVANCED_FACE('',(#3416),#3407,.T.);
#3449=EDGE_CURVE('',#1701,#1700,#1182,.T.);
#3454=ADVANCED_FACE('',(#3453),#3446,.T.);
#3461=EDGE_CURVE('',#1684,#1700,#1195,.T.);
#3464=EDGE_CURVE('',#1685,#1701,#1186,.T.);
#3468=ADVANCED_FACE('',(#3467),#3459,.T.);
#3480=ADVANCED_FACE('',(#3479),#3473,.T.);
#3511=EDGE_CURVE('',#1705,#1709,#1205,.T.);
#3513=EDGE_CURVE('',#1708,#1709,#1219,.T.);
#3515=EDGE_CURVE('',#1704,#1708,#1200,.T.);
#3519=ADVANCED_FACE('',(#3518),#3509,.T.);
#3551=EDGE_CURVE('',#1709,#1708,#1210,.T.);
#3556=ADVANCED_FACE('',(#3555),#3548,.T.);
#3563=EDGE_CURVE('',#1680,#1708,#1223,.T.);
#3566=EDGE_CURVE('',#1681,#1709,#1214,.T.);
#3570=ADVANCED_FACE('',(#3569),#3561,.T.);
#3582=ADVANCED_FACE('',(#3581),#3575,.T.);
#3613=EDGE_CURVE('',#1713,#1717,#1233,.T.);
#3615=EDGE_CURVE('',#1716,#1717,#1247,.T.);
#3617=EDGE_CURVE('',#1712,#1716,#1228,.T.);
#3621=ADVANCED_FACE('',(#3620),#3611,.T.);
#3653=EDGE_CURVE('',#1717,#1716,#1238,.T.);
#3658=ADVANCED_FACE('',(#3657),#3650,.T.);
#3665=EDGE_CURVE('',#1676,#1716,#1251,.T.);
#3668=EDGE_CURVE('',#1677,#1717,#1242,.T.);
#3672=ADVANCED_FACE('',(#3671),#3663,.T.);
#3684=ADVANCED_FACE('',(#3683),#3677,.T.);
#3691=EDGE_CURVE('',#1856,#1845,#1255,.T.);
#3693=EDGE_CURVE('',#1844,#1845,#1274,.T.);
#3695=EDGE_CURVE('',#1857,#1844,#1259,.T.);
#3699=ADVANCED_FACE('',(#3698),#3689,.F.);
#3707=EDGE_CURVE('',#1845,#1844,#1279,.T.);
#3712=ADVANCED_FACE('',(#3711),#3704,.F.);
#3722=EDGE_CURVE('',#1840,#1841,#1264,.T.);
#3724=EDGE_CURVE('',#1841,#1840,#1269,.T.);
#3728=ADVANCED_FACE('',(#3721,#3727),#3717,.T.);
#3734=EDGE_CURVE('',#1724,#1725,#1284,.T.);
#3736=EDGE_CURVE('',#1725,#1853,#1335,.T.);
#3738=EDGE_CURVE('',#1852,#1853,#1289,.T.);
#3740=EDGE_CURVE('',#1852,#1841,#1293,.T.);
#3743=EDGE_CURVE('',#1848,#1840,#1331,.T.);
#3745=EDGE_CURVE('',#1848,#1849,#1327,.T.);
#3747=EDGE_CURVE('',#1724,#1849,#1297,.T.);
#3751=ADVANCED_FACE('',(#3750),#3733,.T.);
#3757=EDGE_CURVE('',#1720,#1721,#1307,.T.);
#3759=EDGE_CURVE('',#1721,#1725,#1317,.T.);
#3762=EDGE_CURVE('',#1720,#1724,#1302,.T.);
#3766=ADVANCED_FACE('',(#3765),#3756,.T.);
#3773=EDGE_CURVE('',#1721,#1720,#1312,.T.);
#3777=ADVANCED_FACE('',(#3776),#3771,.T.);
#3785=EDGE_CURVE('',#1725,#1724,#1322,.T.);
#3790=ADVANCED_FACE('',(#3789),#3782,.T.);
#3806=ADVANCED_FACE('',(#3805),#3795,.T.);
#3813=EDGE_CURVE('',#1489,#1811,#1347,.T.);
#3819=ADVANCED_FACE('',(#3818),#3811,.F.);
#3826=EDGE_CURVE('',#1491,#1813,#1355,.T.);
#3832=ADVANCED_FACE('',(#3831),#3824,.F.);
#3844=ADVANCED_FACE('',(#3843),#3837,.F.);
#3851=EDGE_CURVE('',#1497,#1815,#1367,.T.);
#3857=ADVANCED_FACE('',(#3856),#3849,.F.);
#3864=EDGE_CURVE('',#1499,#1817,#1375,.T.);
#3870=ADVANCED_FACE('',(#3869),#3862,.F.);
#3882=ADVANCED_FACE('',(#3881),#3875,.F.);
#3889=EDGE_CURVE('',#1505,#1819,#1387,.T.);
#3895=ADVANCED_FACE('',(#3894),#3887,.F.);
#3902=EDGE_CURVE('',#1507,#1821,#1395,.T.);
#3908=ADVANCED_FACE('',(#3907),#3900,.F.);
#3920=ADVANCED_FACE('',(#3919),#3913,.F.);
#3932=ADVANCED_FACE('',(#3931),#3925,.T.);
#3944=ADVANCED_FACE('',(#3943),#3937,.T.);
#3951=EDGE_CURVE('',#1481,#1807,#1417,.T.);
#3957=ADVANCED_FACE('',(#3956),#3949,.F.);
#3969=ADVANCED_FACE('',(#3968),#3962,.F.);
#3976=EDGE_CURVE('',#1451,#1477,#1421,.T.);
#3982=ADVANCED_FACE('',(#3981),#3974,.F.);
#3994=ADVANCED_FACE('',(#3993),#3987,.F.);
#4001=EDGE_CURVE('',#1433,#1471,#1425,.T.);
#4007=ADVANCED_FACE('',(#4006),#3999,.F.);
#4019=ADVANCED_FACE('',(#4018),#4012,.F.);
#4037=ADVANCED_FACE('',(#4036),#4024,.F.);
#4067=TRIMMED_CURVE('Z',#4066,(PARAMETER_VALUE(0.E0)),(PARAMETER_VALUE(1.E0)),
.T.,.UNSPECIFIED.);
#4075=TRIMMED_CURVE('X',#4074,(PARAMETER_VALUE(0.E0)),(PARAMETER_VALUE(1.E0)),
.T.,.UNSPECIFIED.);
#4083=TRIMMED_CURVE('Y',#4082,(PARAMETER_VALUE(0.E0)),(PARAMETER_VALUE(1.E0)),
.T.,.UNSPECIFIED.);
#4096=TRIMMED_CURVE('A_2',#4095,(PARAMETER_VALUE(0.E0)),(PARAMETER_VALUE(1.E0)),
.T.,.UNSPECIFIED.);
#4104=TRIMMED_CURVE('A_3',#4103,(PARAMETER_VALUE(0.E0)),(PARAMETER_VALUE(1.E0)),
.T.,.UNSPECIFIED.);
#4112=TRIMMED_CURVE('A_4',#4111,(PARAMETER_VALUE(0.E0)),(PARAMETER_VALUE(1.E0)),
.T.,.UNSPECIFIED.);
#4120=TRIMMED_CURVE('A_5',#4119,(PARAMETER_VALUE(0.E0)),(PARAMETER_VALUE(1.E0)),
.T.,.UNSPECIFIED.);
#4129=(LENGTH_UNIT()NAMED_UNIT(*)SI_UNIT(.MILLI.,.METRE.));
#4130=(NAMED_UNIT(*)PLANE_ANGLE_UNIT()SI_UNIT($,.RADIAN.));
#4133=(NAMED_UNIT(*)SI_UNIT($,.STERADIAN.)SOLID_ANGLE_UNIT());
#4135=(GEOMETRIC_REPRESENTATION_CONTEXT(3)GLOBAL_UNCERTAINTY_ASSIGNED_CONTEXT((
#4134))GLOBAL_UNIT_ASSIGNED_CONTEXT((#4129,#4132,#4133))REPRESENTATION_CONTEXT(
'ID1','3'));
#4136=ADVANCED_BREP_SHAPE_REPRESENTATION('',(#4039),#4135);
#4137=CONSTRUCTIVE_GEOMETRY_REPRESENTATION('supplemental geometry',(#4044,#4049,
#4054,#4058,#4067,#4075,#4083,#4091,#4096,#4104,#4112,#4120),#4135);
#4141=AXIS2_PLACEMENT_3D('',#4138,#4139,#4140);
#4142=SHAPE_REPRESENTATION('',(#4141),#4135);
#4152=PRODUCT_DEFINITION('part definition','',#4151,#4148);
#4153=PRODUCT_DEFINITION_SHAPE('','SHAPE FOR CU97M05647FP.',#4152);
#4154=SHAPE_ASPECT('','solid data associated with CU97M05647FP',#4153,.F.);
#4155=PROPERTY_DEFINITION('',
'shape for solid data with which properties are associated',#4154);
#4156=SHAPE_REPRESENTATION('',(#4039),#4135);
#4157=SHAPE_DEFINITION_REPRESENTATION(#4155,#4156);
#4158=(LENGTH_UNIT()NAMED_UNIT(*)SI_UNIT(.MILLI.,.METRE.));
#4162=PROPERTY_DEFINITION('geometric validation property',
'area of CU97M05647FP',#4154);
#4163=REPRESENTATION('surface area',(#4161),#4135);
#4164=PROPERTY_DEFINITION_REPRESENTATION(#4162,#4163);
#4165=(LENGTH_UNIT()NAMED_UNIT(*)SI_UNIT(.MILLI.,.METRE.));
#4169=PROPERTY_DEFINITION('geometric validation property',
'volume of CU97M05647FP',#4154);
#4170=REPRESENTATION('volume',(#4168),#4135);
#4171=PROPERTY_DEFINITION_REPRESENTATION(#4169,#4170);
#4173=PROPERTY_DEFINITION('geometric validation property',
'centroid of CU97M05647FP',#4154);
#4174=REPRESENTATION('centroid',(#4172),#4135);
#4175=PROPERTY_DEFINITION_REPRESENTATION(#4173,#4174);
#4176=(LENGTH_UNIT()NAMED_UNIT(*)SI_UNIT(.MILLI.,.METRE.));
#4180=PROPERTY_DEFINITION('geometric validation property',
'area of CU97M05647FP',#4153);
#4181=REPRESENTATION('surface area',(#4179),#4135);
#4182=PROPERTY_DEFINITION_REPRESENTATION(#4180,#4181);
#4183=(LENGTH_UNIT()NAMED_UNIT(*)SI_UNIT(.MILLI.,.METRE.));
#4187=PROPERTY_DEFINITION('geometric validation property',
'volume of CU97M05647FP',#4153);
#4188=REPRESENTATION('volume',(#4186),#4135);
#4189=PROPERTY_DEFINITION_REPRESENTATION(#4187,#4188);
#4191=PROPERTY_DEFINITION('geometric validation property',
'centroid of CU97M05647FP',#4153);
#4192=REPRESENTATION('centroid',(#4190),#4135);
#4193=PROPERTY_DEFINITION_REPRESENTATION(#4191,#4192);
#4194=SHAPE_DEFINITION_REPRESENTATION(#4153,#4142);
#4204=PLANAR_BOX('',1.139062304622E1,9.610838195248E0,#4203);
#4211=CAMERA_USAGE(#4210,#4197);
#4216=PLANAR_BOX('',1.E3,8.4375E2,#4215);
#4236=PRESENTATION_AREA('',(#4235,#4240),#4196);
#4244=PROPERTY_DEFINITION('ANALYSE','user defined attribute',#4152);
#4248=REPRESENTATION('',(#4247),#4135);
#4249=PROPERTY_DEFINITION_REPRESENTATION(#4244,#4248);
#4250=PROPERTY_DEFINITION('APNOM','user defined attribute',#4152);
#4254=REPRESENTATION('',(#4253),#4135);
#4255=PROPERTY_DEFINITION_REPRESENTATION(#4250,#4254);
#4256=PROPERTY_DEFINITION('CHEF_PROJET','user defined attribute',#4152);
#4260=REPRESENTATION('',(#4259),#4135);
#4261=PROPERTY_DEFINITION_REPRESENTATION(#4256,#4260);
#4262=PROPERTY_DEFINITION('CLIENT','user defined attribute',#4152);
#4266=REPRESENTATION('',(#4265),#4135);
#4267=PROPERTY_DEFINITION_REPRESENTATION(#4262,#4266);
#4268=PROPERTY_DEFINITION('COMMERCIAL','user defined attribute',#4152);
#4272=REPRESENTATION('',(#4271),#4135);
#4273=PROPERTY_DEFINITION_REPRESENTATION(#4268,#4272);
#4274=PROPERTY_DEFINITION('DATE','user defined attribute',#4152);
#4278=REPRESENTATION('',(#4277),#4135);
#4279=PROPERTY_DEFINITION_REPRESENTATION(#4274,#4278);
#4280=PROPERTY_DEFINITION('DATEAP','user defined attribute',#4152);
#4284=REPRESENTATION('',(#4283),#4135);
#4285=PROPERTY_DEFINITION_REPRESENTATION(#4280,#4284);
#4286=PROPERTY_DEFINITION('DATEDP','user defined attribute',#4152);
#4290=REPRESENTATION('',(#4289),#4135);
#4291=PROPERTY_DEFINITION_REPRESENTATION(#4286,#4290);
#4292=PROPERTY_DEFINITION('DATEVP','user defined attribute',#4152);
#4296=REPRESENTATION('',(#4295),#4135);
#4297=PROPERTY_DEFINITION_REPRESENTATION(#4292,#4296);
#4298=PROPERTY_DEFINITION('TYPE_DEBIT','user defined attribute',#4152);
#4302=REPRESENTATION('',(#4301),#4135);
#4303=PROPERTY_DEFINITION_REPRESENTATION(#4298,#4302);
#4304=PROPERTY_DEFINITION('DEBIT','user defined attribute',#4152);
#4308=REPRESENTATION('',(#4307),#4135);
#4309=PROPERTY_DEFINITION_REPRESENTATION(#4304,#4308);
#4310=PROPERTY_DEFINITION('DES_POSTE','user defined attribute',#4152);
#4314=REPRESENTATION('',(#4313),#4135);
#4315=PROPERTY_DEFINITION_REPRESENTATION(#4310,#4314);
#4316=PROPERTY_DEFINITION('DESIGNATION','user defined attribute',#4152);
#4320=REPRESENTATION('',(#4319),#4135);
#4321=PROPERTY_DEFINITION_REPRESENTATION(#4316,#4320);
#4322=PROPERTY_DEFINITION('DESIGNATION_OUTIL','user defined attribute',#4152);
#4326=REPRESENTATION('',(#4325),#4135);
#4327=PROPERTY_DEFINITION_REPRESENTATION(#4322,#4326);
#4328=PROPERTY_DEFINITION('DIAMETRE','user defined attribute',#4152);
#4332=REPRESENTATION('',(#4331),#4135);
#4333=PROPERTY_DEFINITION_REPRESENTATION(#4328,#4332);
#4334=PROPERTY_DEFINITION('DIM1','user defined attribute',#4152);
#4338=REPRESENTATION('',(#4337),#4135);
#4339=PROPERTY_DEFINITION_REPRESENTATION(#4334,#4338);
#4340=PROPERTY_DEFINITION('DIM2','user defined attribute',#4152);
#4344=REPRESENTATION('',(#4343),#4135);
#4345=PROPERTY_DEFINITION_REPRESENTATION(#4340,#4344);
#4346=PROPERTY_DEFINITION('DIM3','user defined attribute',#4152);
#4350=REPRESENTATION('',(#4349),#4135);
#4351=PROPERTY_DEFINITION_REPRESENTATION(#4346,#4350);
#4352=PROPERTY_DEFINITION('DPNOM','user defined attribute',#4152);
#4356=REPRESENTATION('',(#4355),#4135);
#4357=PROPERTY_DEFINITION_REPRESENTATION(#4352,#4356);
#4358=PROPERTY_DEFINITION('ESURF','user defined attribute',#4152);
#4362=REPRESENTATION('',(#4361),#4135);
#4363=PROPERTY_DEFINITION_REPRESENTATION(#4358,#4362);
#4364=PROPERTY_DEFINITION('FOURNISSEUR','user defined attribute',#4152);
#4368=REPRESENTATION('',(#4367),#4135);
#4369=PROPERTY_DEFINITION_REPRESENTATION(#4364,#4368);
#4370=PROPERTY_DEFINITION('JEUDECOUPE','user defined attribute',#4152);
#4374=REPRESENTATION('',(#4373),#4135);
#4375=PROPERTY_DEFINITION_REPRESENTATION(#4370,#4374);
#4376=PROPERTY_DEFINITION('LONGUEUR','user defined attribute',#4152);
#4380=REPRESENTATION('',(#4379),#4135);
#4381=PROPERTY_DEFINITION_REPRESENTATION(#4376,#4380);
#4382=PROPERTY_DEFINITION('MATIERE','user defined attribute',#4152);
#4386=REPRESENTATION('',(#4385),#4135);
#4387=PROPERTY_DEFINITION_REPRESENTATION(#4382,#4386);
#4388=PROPERTY_DEFINITION('MATPIECE','user defined attribute',#4152);
#4392=REPRESENTATION('',(#4391),#4135);
#4393=PROPERTY_DEFINITION_REPRESENTATION(#4388,#4392);
#4394=PROPERTY_DEFINITION('MECA','user defined attribute',#4152);
#4398=REPRESENTATION('',(#4397),#4135);
#4399=PROPERTY_DEFINITION_REPRESENTATION(#4394,#4398);
#4400=PROPERTY_DEFINITION('NOMPIECE','user defined attribute',#4152);
#4404=REPRESENTATION('',(#4403),#4135);
#4405=PROPERTY_DEFINITION_REPRESENTATION(#4400,#4404);
#4406=PROPERTY_DEFINITION('NUMERO','user defined attribute',#4152);
#4410=REPRESENTATION('',(#4409),#4135);
#4411=PROPERTY_DEFINITION_REPRESENTATION(#4406,#4410);
#4412=PROPERTY_DEFINITION('NUMERO_OUTIL','user defined attribute',#4152);
#4416=REPRESENTATION('',(#4415),#4135);
#4417=PROPERTY_DEFINITION_REPRESENTATION(#4412,#4416);
#4418=PROPERTY_DEFINITION('NUMPIECE','user defined attribute',#4152);
#4422=REPRESENTATION('',(#4421),#4135);
#4423=PROPERTY_DEFINITION_REPRESENTATION(#4418,#4422);
#4424=PROPERTY_DEFINITION('PLCUST','user defined attribute',#4152);
#4428=REPRESENTATION('',(#4427),#4135);
#4429=PROPERTY_DEFINITION_REPRESENTATION(#4424,#4428);
#4430=PROPERTY_DEFINITION('POSITION_NOMENCL','user defined attribute',#4152);
#4434=REPRESENTATION('',(#4433),#4135);
#4435=PROPERTY_DEFINITION_REPRESENTATION(#4430,#4434);
#4437=REPRESENTATION('',(#4436),#4135);
#4438=PROPERTY_DEFINITION('attribute type designation','Real Number',#4431);
#4439=PROPERTY_DEFINITION_REPRESENTATION(#4438,#4437);
#4440=PROPERTY_DEFINITION('PRESSE','user defined attribute',#4152);
#4444=REPRESENTATION('',(#4443),#4135);
#4445=PROPERTY_DEFINITION_REPRESENTATION(#4440,#4444);
#4446=PROPERTY_DEFINITION('PROJET','user defined attribute',#4152);
#4450=REPRESENTATION('',(#4449),#4135);
#4451=PROPERTY_DEFINITION_REPRESENTATION(#4446,#4450);
#4452=PROPERTY_DEFINITION('PROTECTION','user defined attribute',#4152);
#4456=REPRESENTATION('',(#4455),#4135);
#4457=PROPERTY_DEFINITION_REPRESENTATION(#4452,#4456);
#4458=PROPERTY_DEFINITION('QUANTITE','user defined attribute',#4152);
#4462=REPRESENTATION('',(#4461),#4135);
#4463=PROPERTY_DEFINITION_REPRESENTATION(#4458,#4462);
#4464=PROPERTY_DEFINITION('REPERE','user defined attribute',#4152);
#4468=REPRESENTATION('',(#4467),#4135);
#4469=PROPERTY_DEFINITION_REPRESENTATION(#4464,#4468);
#4470=PROPERTY_DEFINITION('RETRAIT','user defined attribute',#4152);
#4474=REPRESENTATION('',(#4473),#4135);
#4475=PROPERTY_DEFINITION_REPRESENTATION(#4470,#4474);
#4476=PROPERTY_DEFINITION('REVPIECE','user defined attribute',#4152);
#4480=REPRESENTATION('',(#4479),#4135);
#4481=PROPERTY_DEFINITION_REPRESENTATION(#4476,#4480);
#4482=PROPERTY_DEFINITION('REVREMP','user defined attribute',#4152);
#4486=REPRESENTATION('',(#4485),#4135);
#4487=PROPERTY_DEFINITION_REPRESENTATION(#4482,#4486);
#4488=PROPERTY_DEFINITION('TBF','user defined attribute',#4152);
#4492=REPRESENTATION('',(#4491),#4135);
#4493=PROPERTY_DEFINITION_REPRESENTATION(#4488,#4492);
#4494=PROPERTY_DEFINITION('TOLANG','user defined attribute',#4152);
#4498=REPRESENTATION('',(#4497),#4135);
#4499=PROPERTY_DEFINITION_REPRESENTATION(#4494,#4498);
#4500=PROPERTY_DEFINITION('TOLLIN','user defined attribute',#4152);
#4504=REPRESENTATION('',(#4503),#4135);
#4505=PROPERTY_DEFINITION_REPRESENTATION(#4500,#4504);
#4506=PROPERTY_DEFINITION('TRAITEMENT','user defined attribute',#4152);
#4510=REPRESENTATION('',(#4509),#4135);
#4511=PROPERTY_DEFINITION_REPRESENTATION(#4506,#4510);
#4512=PROPERTY_DEFINITION('VPNOM','user defined attribute',#4152);
#4516=REPRESENTATION('',(#4515),#4135);
#4517=PROPERTY_DEFINITION_REPRESENTATION(#4512,#4516);
#4518=PROPERTY_DEFINITION('INDICE','user defined attribute',#4152);
#4522=REPRESENTATION('',(#4521),#4135);
#4523=PROPERTY_DEFINITION_REPRESENTATION(#4518,#4522);
#4524=PROPERTY_DEFINITION('PHASE','user defined attribute',#4152);
#4528=REPRESENTATION('',(#4527),#4135);
#4529=PROPERTY_DEFINITION_REPRESENTATION(#4524,#4528);
#4530=PROPERTY_DEFINITION('FOLDER','user defined attribute',#4152);
#4534=REPRESENTATION('',(#4533),#4135);
#4535=PROPERTY_DEFINITION_REPRESENTATION(#4530,#4534);
#4536=PROPERTY_DEFINITION('REVISION','user defined attribute',#4152);
#4540=REPRESENTATION('',(#4539),#4135);
#4541=PROPERTY_DEFINITION_REPRESENTATION(#4536,#4540);
#4542=PROPERTY_DEFINITION('MATERIAL','user defined attribute',#4152);
#4546=REPRESENTATION('',(#4545),#4135);
#4547=PROPERTY_DEFINITION_REPRESENTATION(#4542,#4546);
#4548=PROPERTY_DEFINITION('DENSITY','user defined attribute',#4152);
#4552=REPRESENTATION('',(#4551),#4135);
#4553=PROPERTY_DEFINITION_REPRESENTATION(#4548,#4552);
#4554=PROPERTY_DEFINITION('MASS','user defined attribute',#4152);
#4558=REPRESENTATION('',(#4557),#4135);
#4559=PROPERTY_DEFINITION_REPRESENTATION(#4554,#4558);
#4560=PROPERTY_DEFINITION('VOLUME','user defined attribute',#4152);
#4564=REPRESENTATION('',(#4563),#4135);
#4565=PROPERTY_DEFINITION_REPRESENTATION(#4560,#4564);
#4566=PROPERTY_DEFINITION('FILE_TYPE','user defined attribute',#4152);
#4570=REPRESENTATION('',(#4569),#4135);
#4571=PROPERTY_DEFINITION_REPRESENTATION(#4566,#4570);
#4572=PROPERTY_DEFINITION('FOLDER_M','user defined attribute',#4152);
#4576=REPRESENTATION('',(#4575),#4135);
#4577=PROPERTY_DEFINITION_REPRESENTATION(#4572,#4576);
#4578=PROPERTY_DEFINITION('NUMERO_AUTO','user defined attribute',#4152);
#4582=REPRESENTATION('',(#4581),#4135);
#4583=PROPERTY_DEFINITION_REPRESENTATION(#4578,#4582);
#4584=PROPERTY_DEFINITION('PTC_COMMON_NAME','user defined attribute',#4152);
#4588=REPRESENTATION('',(#4587),#4135);
#4589=PROPERTY_DEFINITION_REPRESENTATION(#4584,#4588);
#4590=PROPERTY_DEFINITION('DESIGNATION_1','user defined attribute',#4152);
#4594=REPRESENTATION('',(#4593),#4135);
#4595=PROPERTY_DEFINITION_REPRESENTATION(#4590,#4594);
#4596=PROPERTY_DEFINITION('DESIGNATION_2','user defined attribute',#4152);
#4600=REPRESENTATION('',(#4599),#4135);
#4601=PROPERTY_DEFINITION_REPRESENTATION(#4596,#4600);
#4602=PROPERTY_DEFINITION('DESIGNATION_3','user defined attribute',#4152);
#4606=REPRESENTATION('',(#4605),#4135);
#4607=PROPERTY_DEFINITION_REPRESENTATION(#4602,#4606);
#4608=PROPERTY_DEFINITION('FEUILLET','user defined attribute',#4152);
#4612=REPRESENTATION('',(#4611),#4135);
#4613=PROPERTY_DEFINITION_REPRESENTATION(#4608,#4612);
#4614=PROPERTY_DEFINITION('DIMCRIT','user defined attribute',#4152);
#4618=REPRESENTATION('',(#4617),#4135);
#4619=PROPERTY_DEFINITION_REPRESENTATION(#4614,#4618);
#4620=PROPERTY_DEFINITION('DIMSPC','user defined attribute',#4152);
#4624=REPRESENTATION('',(#4623),#4135);
#4625=PROPERTY_DEFINITION_REPRESENTATION(#4620,#4624);
#4626=PROPERTY_DEFINITION('NO_CLIENT','user defined attribute',#4152);
#4630=REPRESENTATION('',(#4629),#4135);
#4631=PROPERTY_DEFINITION_REPRESENTATION(#4626,#4630);
#4632=PROPERTY_DEFINITION('NO_ETUDE','user defined attribute',#4152);
#4636=REPRESENTATION('',(#4635),#4135);
#4637=PROPERTY_DEFINITION_REPRESENTATION(#4632,#4636);
#4638=PROPERTY_DEFINITION('NO_FAMILLE','user defined attribute',#4152);
#4642=REPRESENTATION('',(#4641),#4135);
#4643=PROPERTY_DEFINITION_REPRESENTATION(#4638,#4642);
#4644=PROPERTY_DEFINITION('NO_POSTE','user defined attribute',#4152);
#4648=REPRESENTATION('',(#4647),#4135);
#4649=PROPERTY_DEFINITION_REPRESENTATION(#4644,#4648);
#4650=PROPERTY_DEFINITION('NOREMP','user defined attribute',#4152);
#4654=REPRESENTATION('',(#4653),#4135);
#4655=PROPERTY_DEFINITION_REPRESENTATION(#4650,#4654);
#4656=PROPERTY_DEFINITION('DRAWING_TITLE','user defined attribute',#4152);
#4660=REPRESENTATION('',(#4659),#4135);
#4661=PROPERTY_DEFINITION_REPRESENTATION(#4656,#4660);
#4662=PROPERTY_DEFINITION('DRAWING_TITLE2','user defined attribute',#4152);
#4666=REPRESENTATION('',(#4665),#4135);
#4667=PROPERTY_DEFINITION_REPRESENTATION(#4662,#4666);
#4668=PROPERTY_DEFINITION('DRAWING_NUMBER','user defined attribute',#4152);
#4672=REPRESENTATION('',(#4671),#4135);
#4673=PROPERTY_DEFINITION_REPRESENTATION(#4668,#4672);
#4674=PROPERTY_DEFINITION('PART_NUMBER','user defined attribute',#4152);
#4678=REPRESENTATION('',(#4677),#4135);
#4679=PROPERTY_DEFINITION_REPRESENTATION(#4674,#4678);
#4680=PROPERTY_DEFINITION('CUSTOMER_NUMBER','user defined attribute',#4152);
#4684=REPRESENTATION('',(#4683),#4135);
#4685=PROPERTY_DEFINITION_REPRESENTATION(#4680,#4684);
#4686=PROPERTY_DEFINITION('CUSTOMER_REV','user defined attribute',#4152);
#4690=REPRESENTATION('',(#4689),#4135);
#4691=PROPERTY_DEFINITION_REPRESENTATION(#4686,#4690);
#4692=PROPERTY_DEFINITION('DRAWN_BY','user defined attribute',#4152);
#4696=REPRESENTATION('',(#4695),#4135);
#4697=PROPERTY_DEFINITION_REPRESENTATION(#4692,#4696);
#4698=PROPERTY_DEFINITION('DRAWN_DATE','user defined attribute',#4152);
#4702=REPRESENTATION('',(#4701),#4135);
#4703=PROPERTY_DEFINITION_REPRESENTATION(#4698,#4702);
#4704=PROPERTY_DEFINITION('CHECKED_BY','user defined attribute',#4152);
#4708=REPRESENTATION('',(#4707),#4135);
#4709=PROPERTY_DEFINITION_REPRESENTATION(#4704,#4708);
#4710=PROPERTY_DEFINITION('CHECKED_DATE','user defined attribute',#4152);
#4714=REPRESENTATION('',(#4713),#4135);
#4715=PROPERTY_DEFINITION_REPRESENTATION(#4710,#4714);
#4716=PROPERTY_DEFINITION('APPRVD_BY','user defined attribute',#4152);
#4720=REPRESENTATION('',(#4719),#4135);
#4721=PROPERTY_DEFINITION_REPRESENTATION(#4716,#4720);
#4722=PROPERTY_DEFINITION('APPRVD_DATE','user defined attribute',#4152);
#4726=REPRESENTATION('',(#4725),#4135);
#4727=PROPERTY_DEFINITION_REPRESENTATION(#4722,#4726);
#4728=PROPERTY_DEFINITION('PAR_NUMBER','user defined attribute',#4152);
#4732=REPRESENTATION('',(#4731),#4135);
#4733=PROPERTY_DEFINITION_REPRESENTATION(#4728,#4732);
#4734=PROPERTY_DEFINITION('CUSTOMER_NAME','user defined attribute',#4152);
#4738=REPRESENTATION('',(#4737),#4135);
#4739=PROPERTY_DEFINITION_REPRESENTATION(#4734,#4738);
#4740=PROPERTY_DEFINITION('MODEL_NAME','user defined attribute',#4152);
#4744=REPRESENTATION('',(#4743),#4135);
#4745=PROPERTY_DEFINITION_REPRESENTATION(#4740,#4744);
#4746=PROPERTY_DEFINITION('UNIT_OF_MEAS','user defined attribute',#4152);
#4750=REPRESENTATION('',(#4749),#4135);
#4751=PROPERTY_DEFINITION_REPRESENTATION(#4746,#4750);
#4752=PROPERTY_DEFINITION('NO1_POSTE','user defined attribute',#4152);
#4756=REPRESENTATION('',(#4755),#4135);
#4757=PROPERTY_DEFINITION_REPRESENTATION(#4752,#4756);
#4758=PROPERTY_DEFINITION('EP_PCB','user defined attribute',#4152);
#4762=REPRESENTATION('',(#4761),#4135);
#4763=PROPERTY_DEFINITION_REPRESENTATION(#4758,#4762);
#4764=PROPERTY_DEFINITION('NB_COUCHE','user defined attribute',#4152);
#4768=REPRESENTATION('',(#4767),#4135);
#4769=PROPERTY_DEFINITION_REPRESENTATION(#4764,#4768);
#4770=PROPERTY_DEFINITION('NB_FACE','user defined attribute',#4152);
#4774=REPRESENTATION('',(#4773),#4135);
#4775=PROPERTY_DEFINITION_REPRESENTATION(#4770,#4774);
#4776=PROPERTY_DEFINITION('MAT_PCB','user defined attribute',#4152);
#4780=REPRESENTATION('',(#4779),#4135);
#4781=PROPERTY_DEFINITION_REPRESENTATION(#4776,#4780);
#4782=PROPERTY_DEFINITION('ROUTAGE','user defined attribute',#4152);
#4786=REPRESENTATION('',(#4785),#4135);
#4787=PROPERTY_DEFINITION_REPRESENTATION(#4782,#4786);
#4788=PROPERTY_DEFINITION('SCHEMA_LABO','user defined attribute',#4152);
#4792=REPRESENTATION('',(#4791),#4135);
#4793=PROPERTY_DEFINITION_REPRESENTATION(#4788,#4792);
#4794=PROPERTY_DEFINITION('NOM_LABO','user defined attribute',#4152);
#4798=REPRESENTATION('',(#4797),#4135);
#4799=PROPERTY_DEFINITION_REPRESENTATION(#4794,#4798);
#4800=PROPERTY_DEFINITION('FABRIQUANT','user defined attribute',#4152);
#4804=REPRESENTATION('',(#4803),#4135);
#4805=PROPERTY_DEFINITION_REPRESENTATION(#4800,#4804);
#4806=PROPERTY_DEFINITION('PLANCHE','user defined attribute',#4152);
#4810=REPRESENTATION('',(#4809),#4135);
#4811=PROPERTY_DEFINITION_REPRESENTATION(#4806,#4810);
#4812=PROPERTY_DEFINITION('DIMCTQ','user defined attribute',#4152);
#4816=REPRESENTATION('',(#4815),#4135);
#4817=PROPERTY_DEFINITION_REPRESENTATION(#4812,#4816);
#4818=PROPERTY_DEFINITION('PDMREV','user defined attribute',#4152);
#4822=REPRESENTATION('',(#4821),#4135);
#4823=PROPERTY_DEFINITION_REPRESENTATION(#4818,#4822);
#4824=PROPERTY_DEFINITION('PDMDB','user defined attribute',#4152);
#4828=REPRESENTATION('',(#4827),#4135);
#4829=PROPERTY_DEFINITION_REPRESENTATION(#4824,#4828);
#4830=PROPERTY_DEFINITION('PDMRL','user defined attribute',#4152);
#4834=REPRESENTATION('',(#4833),#4135);
#4835=PROPERTY_DEFINITION_REPRESENTATION(#4830,#4834);
#4836=PROPERTY_DEFINITION('PROI_REVISION','user defined attribute',#4152);
#4840=REPRESENTATION('',(#4839),#4135);
#4841=PROPERTY_DEFINITION_REPRESENTATION(#4836,#4840);
#4842=PROPERTY_DEFINITION('PROI_VERSION','user defined attribute',#4152);
#4846=REPRESENTATION('',(#4845),#4135);
#4847=PROPERTY_DEFINITION_REPRESENTATION(#4842,#4846);
#4848=PROPERTY_DEFINITION('PROI_BRANCH','user defined attribute',#4152);
#4852=REPRESENTATION('',(#4851),#4135);
#4853=PROPERTY_DEFINITION_REPRESENTATION(#4848,#4852);
#4854=PROPERTY_DEFINITION('PROI_RELEASE','user defined attribute',#4152);
#4858=REPRESENTATION('',(#4857),#4135);
#4859=PROPERTY_DEFINITION_REPRESENTATION(#4854,#4858);
#4860=PROPERTY_DEFINITION('PTC_MODIFIED','user defined attribute',#4152);
#4864=REPRESENTATION('',(#4863),#4135);
#4865=PROPERTY_DEFINITION_REPRESENTATION(#4860,#4864);
#4867=REPRESENTATION('',(#4866),#4135);
#4868=PROPERTY_DEFINITION('attribute type designation','Yes No',#4861);
#4869=PROPERTY_DEFINITION_REPRESENTATION(#4868,#4867);
#4870=PROPERTY_DEFINITION('PROI_CREATED_BY','user defined attribute',#4152);
#4874=REPRESENTATION('',(#4873),#4135);
#4875=PROPERTY_DEFINITION_REPRESENTATION(#4870,#4874);
#4876=PROPERTY_DEFINITION('PROI_CREATED_ON','user defined attribute',#4152);
#4880=REPRESENTATION('',(#4879),#4135);
#4881=PROPERTY_DEFINITION_REPRESENTATION(#4876,#4880);
#4882=PROPERTY_DEFINITION('PROI_LOCATION','user defined attribute',#4152);
#4886=REPRESENTATION('',(#4885),#4135);
#4887=PROPERTY_DEFINITION_REPRESENTATION(#4882,#4886);
#4888=PROPERTY_DEFINITION('ERSTELLER','user defined attribute',#4152);
#4892=REPRESENTATION('',(#4891),#4135);
#4893=PROPERTY_DEFINITION_REPRESENTATION(#4888,#4892);
#4894=PROPERTY_DEFINITION('LANGAGE','user defined attribute',#4152);
#4898=REPRESENTATION('',(#4897),#4135);
#4899=PROPERTY_DEFINITION_REPRESENTATION(#4894,#4898);
#4900=PROPERTY_DEFINITION('PTC_ORGANIZATION_ID','user defined attribute',#4152);
#4904=REPRESENTATION('',(#4903),#4135);
#4905=PROPERTY_DEFINITION_REPRESENTATION(#4900,#4904);
#4906=PROPERTY_DEFINITION('PTC_WM_REVISION','user defined attribute',#4152);
#4910=REPRESENTATION('',(#4909),#4135);
#4911=PROPERTY_DEFINITION_REPRESENTATION(#4906,#4910);
#4912=PROPERTY_DEFINITION('PTC_WM_ITERATION','user defined attribute',#4152);
#4916=REPRESENTATION('',(#4915),#4135);
#4917=PROPERTY_DEFINITION_REPRESENTATION(#4912,#4916);
#4918=PROPERTY_DEFINITION('PTC_WM_VERSION','user defined attribute',#4152);
#4922=REPRESENTATION('',(#4921),#4135);
#4923=PROPERTY_DEFINITION_REPRESENTATION(#4918,#4922);
#4924=PROPERTY_DEFINITION('PTC_WM_LIFECYCLE_STATE','user defined attribute',
#4152);
#4928=REPRESENTATION('',(#4927),#4135);
#4929=PROPERTY_DEFINITION_REPRESENTATION(#4924,#4928);
#4930=PROPERTY_DEFINITION('PTC_WM_LIFECYCLE','user defined attribute',#4152);
#4934=REPRESENTATION('',(#4933),#4135);
#4935=PROPERTY_DEFINITION_REPRESENTATION(#4930,#4934);
#4936=PROPERTY_DEFINITION('PTC_WM_LOCATION','user defined attribute',#4152);
#4940=REPRESENTATION('',(#4939),#4135);
#4941=PROPERTY_DEFINITION_REPRESENTATION(#4936,#4940);
#4942=PROPERTY_DEFINITION('PTC_WM_CREATED_BY','user defined attribute',#4152);
#4946=REPRESENTATION('',(#4945),#4135);
#4947=PROPERTY_DEFINITION_REPRESENTATION(#4942,#4946);
#4948=PROPERTY_DEFINITION('PTC_WM_CREATED_ON','user defined attribute',#4152);
#4952=REPRESENTATION('',(#4951),#4135);
#4953=PROPERTY_DEFINITION_REPRESENTATION(#4948,#4952);
#4954=PROPERTY_DEFINITION('PTC_WM_MODIFIED_BY','user defined attribute',#4152);
#4958=REPRESENTATION('',(#4957),#4135);
#4959=PROPERTY_DEFINITION_REPRESENTATION(#4954,#4958);
#4960=PROPERTY_DEFINITION('PTC_WM_MODIFIED_ON','user defined attribute',#4152);
#4964=REPRESENTATION('',(#4963),#4135);
#4965=PROPERTY_DEFINITION_REPRESENTATION(#4960,#4964);
#4966=PROPERTY_DEFINITION('PTC_WM_TEAM','user defined attribute',#4152);
#4970=REPRESENTATION('',(#4969),#4135);
#4971=PROPERTY_DEFINITION_REPRESENTATION(#4966,#4970);
#4972=PROPERTY_DEFINITION('REFERENCE','user defined attribute',#4152);
#4976=REPRESENTATION('',(#4975),#4135);
#4977=PROPERTY_DEFINITION_REPRESENTATION(#4972,#4976);
#4978=PROPERTY_DEFINITION('NO_MACHINE','user defined attribute',#4152);
#4982=REPRESENTATION('',(#4981),#4135);
#4983=PROPERTY_DEFINITION_REPRESENTATION(#4978,#4982);
#4984=PROPERTY_DEFINITION('VAR_POSTE','user defined attribute',#4152);
#4988=REPRESENTATION('',(#4987),#4135);
#4989=PROPERTY_DEFINITION_REPRESENTATION(#4984,#4988);
#4990=PROPERTY_DEFINITION('PTC_WM_NAME','user defined attribute',#4152);
#4994=REPRESENTATION('',(#4993),#4135);
#4995=PROPERTY_DEFINITION_REPRESENTATION(#4990,#4994);
#4996=PROPERTY_DEFINITION('PTC_WM_NUMBER','user defined attribute',#4152);
#5000=REPRESENTATION('',(#4999),#4135);
#5001=PROPERTY_DEFINITION_REPRESENTATION(#4996,#5000);
ENDSEC;
END-ISO-10303-21;
