ISO-10303-21;
HEADER;
/* Generated by software containing ST-Developer
 * from STEP Tools, Inc. (www.steptools.com) 
 */
/* OPTION: using custom renumber hook */

FILE_DESCRIPTION(
/* description */ ('STEP AP214'),
/* implementation_level */ '2;1');

FILE_NAME(
/* name */ 'TFC-120-02-F-D-A',
/* time_stamp */ '2026-10-09T13:30:08+02:00',
/* author */ ('License CC BY-ND 4.0'),
/* organization */ ('CADENAS'),
/* preprocessor_version */ 'ST-DEVELOPER v20',
/* originating_system */ 'PARTsolutions',
/* authorisation */ '  ');

FILE_SCHEMA (('AUTOMOTIVE_DESIGN {1 0 10303 214 3 1 1}'));
ENDSEC;

DATA;
#10=PROPERTY_DEFINITION_REPRESENTATION(#14,#12);
#11=PROPERTY_DEFINITION_REPRESENTATION(#15,#13);
#12=REPRESENTATION('',(#16),#14252);
#13=REPRESENTATION('',(#17),#14252);
#14=PROPERTY_DEFINITION('pmi validation property','',#14266);
#15=PROPERTY_DEFINITION('pmi validation property','',#14266);
#16=VALUE_REPRESENTATION_ITEM('number of annotations',COUNT_MEASURE(0.));
#17=VALUE_REPRESENTATION_ITEM('number of views',COUNT_MEASURE(0.));
#18=CONTEXT_DEPENDENT_SHAPE_REPRESENTATION(#24,#14268);
#19=CONTEXT_DEPENDENT_SHAPE_REPRESENTATION(#25,#14270);
#20=CONTEXT_DEPENDENT_SHAPE_REPRESENTATION(#26,#14272);
#21=NEXT_ASSEMBLY_USAGE_OCCURRENCE('NAUO1','TFC-120-02-L-D-A_terminal',
'TFC-120-02-L-D-A_terminal',#14273,#14274,'');
#22=NEXT_ASSEMBLY_USAGE_OCCURRENCE('NAUO2','TFC-120-02-L-D_pins',
'TFC-120-02-L-D_pins',#14273,#14275,'');
#23=NEXT_ASSEMBLY_USAGE_OCCURRENCE('NAUO3','TFC-120-02-L-D2_pins',
'TFC-120-02-L-D2_pins',#14273,#14276,'');
#24=(
REPRESENTATION_RELATIONSHIP(' ',' ',#8663,#8662)
REPRESENTATION_RELATIONSHIP_WITH_TRANSFORMATION(#27)
SHAPE_REPRESENTATION_RELATIONSHIP()
);
#25=(
REPRESENTATION_RELATIONSHIP(' ',' ',#8664,#8662)
REPRESENTATION_RELATIONSHIP_WITH_TRANSFORMATION(#28)
SHAPE_REPRESENTATION_RELATIONSHIP()
);
#26=(
REPRESENTATION_RELATIONSHIP(' ',' ',#8665,#8662)
REPRESENTATION_RELATIONSHIP_WITH_TRANSFORMATION(#29)
SHAPE_REPRESENTATION_RELATIONSHIP()
);
#27=ITEM_DEFINED_TRANSFORMATION(' ',' ',#8666,#8717);
#28=ITEM_DEFINED_TRANSFORMATION(' ',' ',#8666,#9212);
#29=ITEM_DEFINED_TRANSFORMATION(' ',' ',#8666,#9379);
#30=SHAPE_REPRESENTATION_RELATIONSHIP('','',#8663,#33);
#31=SHAPE_REPRESENTATION_RELATIONSHIP('','',#8664,#34);
#32=SHAPE_REPRESENTATION_RELATIONSHIP('','',#8665,#35);
#33=ADVANCED_BREP_SHAPE_REPRESENTATION('',(#8655),#14253);
#34=ADVANCED_BREP_SHAPE_REPRESENTATION('',(#8656),#14254);
#35=ADVANCED_BREP_SHAPE_REPRESENTATION('',(#8657),#14255);
#36=SPHERICAL_SURFACE('',#8713,0.0249999999999999);
#37=SPHERICAL_SURFACE('',#8716,0.025);
#38=CYLINDRICAL_SURFACE('',#8711,0.0250000000000001);
#39=CYLINDRICAL_SURFACE('',#8714,0.025);
#40=CYLINDRICAL_SURFACE('',#9085,0.005);
#41=CYLINDRICAL_SURFACE('',#9087,0.005);
#42=CYLINDRICAL_SURFACE('',#9089,0.005);
#43=CYLINDRICAL_SURFACE('',#9091,0.005);
#44=CYLINDRICAL_SURFACE('',#9093,0.005);
#45=CYLINDRICAL_SURFACE('',#9095,0.005);
#46=CYLINDRICAL_SURFACE('',#9097,0.005);
#47=CYLINDRICAL_SURFACE('',#9099,0.005);
#48=CYLINDRICAL_SURFACE('',#9101,0.005);
#49=CYLINDRICAL_SURFACE('',#9103,0.005);
#50=CYLINDRICAL_SURFACE('',#9105,0.005);
#51=CYLINDRICAL_SURFACE('',#9107,0.005);
#52=CYLINDRICAL_SURFACE('',#9109,0.005);
#53=CYLINDRICAL_SURFACE('',#9111,0.005);
#54=CYLINDRICAL_SURFACE('',#9113,0.005);
#55=CYLINDRICAL_SURFACE('',#9115,0.005);
#56=CYLINDRICAL_SURFACE('',#9117,0.005);
#57=CYLINDRICAL_SURFACE('',#9119,0.005);
#58=CYLINDRICAL_SURFACE('',#9121,0.005);
#59=CYLINDRICAL_SURFACE('',#9123,0.005);
#60=CYLINDRICAL_SURFACE('',#9127,0.01);
#61=CYLINDRICAL_SURFACE('',#9128,0.01);
#62=CYLINDRICAL_SURFACE('',#9129,0.01);
#63=CYLINDRICAL_SURFACE('',#9130,0.01);
#64=CYLINDRICAL_SURFACE('',#9131,0.01);
#65=CYLINDRICAL_SURFACE('',#9132,0.01);
#66=CYLINDRICAL_SURFACE('',#9133,0.01);
#67=CYLINDRICAL_SURFACE('',#9134,0.01);
#68=CYLINDRICAL_SURFACE('',#9135,0.01);
#69=CYLINDRICAL_SURFACE('',#9136,0.01);
#70=CYLINDRICAL_SURFACE('',#9137,0.01);
#71=CYLINDRICAL_SURFACE('',#9138,0.01);
#72=CYLINDRICAL_SURFACE('',#9139,0.01);
#73=CYLINDRICAL_SURFACE('',#9140,0.01);
#74=CYLINDRICAL_SURFACE('',#9141,0.01);
#75=CYLINDRICAL_SURFACE('',#9142,0.01);
#76=CYLINDRICAL_SURFACE('',#9143,0.01);
#77=CYLINDRICAL_SURFACE('',#9144,0.01);
#78=CYLINDRICAL_SURFACE('',#9145,0.01);
#79=CYLINDRICAL_SURFACE('',#9146,0.01);
#80=CYLINDRICAL_SURFACE('',#9147,0.01);
#81=CYLINDRICAL_SURFACE('',#9149,0.01);
#82=CYLINDRICAL_SURFACE('',#9150,0.01);
#83=CYLINDRICAL_SURFACE('',#9151,0.01);
#84=CYLINDRICAL_SURFACE('',#9152,0.01);
#85=CYLINDRICAL_SURFACE('',#9153,0.01);
#86=CYLINDRICAL_SURFACE('',#9154,0.01);
#87=CYLINDRICAL_SURFACE('',#9155,0.01);
#88=CYLINDRICAL_SURFACE('',#9156,0.01);
#89=CYLINDRICAL_SURFACE('',#9157,0.01);
#90=CYLINDRICAL_SURFACE('',#9158,0.01);
#91=CYLINDRICAL_SURFACE('',#9159,0.01);
#92=CYLINDRICAL_SURFACE('',#9160,0.01);
#93=CYLINDRICAL_SURFACE('',#9161,0.01);
#94=CYLINDRICAL_SURFACE('',#9162,0.01);
#95=CYLINDRICAL_SURFACE('',#9163,0.01);
#96=CYLINDRICAL_SURFACE('',#9164,0.01);
#97=CYLINDRICAL_SURFACE('',#9165,0.01);
#98=CYLINDRICAL_SURFACE('',#9166,0.01);
#99=CYLINDRICAL_SURFACE('',#9167,0.01);
#100=CYLINDRICAL_SURFACE('',#9169,0.00500000000000001);
#101=CYLINDRICAL_SURFACE('',#9170,0.00500000000000001);
#102=CYLINDRICAL_SURFACE('',#9171,0.00500000000000001);
#103=CYLINDRICAL_SURFACE('',#9172,0.00500000000000001);
#104=CYLINDRICAL_SURFACE('',#9173,0.00500000000000001);
#105=CYLINDRICAL_SURFACE('',#9174,0.00500000000000001);
#106=CYLINDRICAL_SURFACE('',#9175,0.00500000000000001);
#107=CYLINDRICAL_SURFACE('',#9176,0.00500000000000001);
#108=CYLINDRICAL_SURFACE('',#9177,0.00500000000000001);
#109=CYLINDRICAL_SURFACE('',#9178,0.00500000000000001);
#110=CYLINDRICAL_SURFACE('',#9179,0.00500000000000001);
#111=CYLINDRICAL_SURFACE('',#9180,0.00500000000000001);
#112=CYLINDRICAL_SURFACE('',#9181,0.00500000000000001);
#113=CYLINDRICAL_SURFACE('',#9182,0.00500000000000001);
#114=CYLINDRICAL_SURFACE('',#9183,0.00500000000000001);
#115=CYLINDRICAL_SURFACE('',#9184,0.00500000000000001);
#116=CYLINDRICAL_SURFACE('',#9185,0.00500000000000001);
#117=CYLINDRICAL_SURFACE('',#9186,0.00500000000000001);
#118=CYLINDRICAL_SURFACE('',#9187,0.00500000000000001);
#119=CYLINDRICAL_SURFACE('',#9209,0.00500000000000001);
#120=CYLINDRICAL_SURFACE('',#9258,0.009);
#121=CYLINDRICAL_SURFACE('',#9260,0.009);
#122=CYLINDRICAL_SURFACE('',#9262,0.009);
#123=CYLINDRICAL_SURFACE('',#9264,0.009);
#124=CYLINDRICAL_SURFACE('',#9266,0.009);
#125=CYLINDRICAL_SURFACE('',#9268,0.009);
#126=CYLINDRICAL_SURFACE('',#9270,0.009);
#127=CYLINDRICAL_SURFACE('',#9272,0.009);
#128=CYLINDRICAL_SURFACE('',#9274,0.009);
#129=CYLINDRICAL_SURFACE('',#9276,0.009);
#130=CYLINDRICAL_SURFACE('',#9278,0.009);
#131=CYLINDRICAL_SURFACE('',#9280,0.009);
#132=CYLINDRICAL_SURFACE('',#9282,0.009);
#133=CYLINDRICAL_SURFACE('',#9284,0.009);
#134=CYLINDRICAL_SURFACE('',#9286,0.009);
#135=CYLINDRICAL_SURFACE('',#9288,0.009);
#136=CYLINDRICAL_SURFACE('',#9290,0.009);
#137=CYLINDRICAL_SURFACE('',#9292,0.009);
#138=CYLINDRICAL_SURFACE('',#9294,0.009);
#139=CYLINDRICAL_SURFACE('',#9296,0.009);
#140=CYLINDRICAL_SURFACE('',#9298,0.009);
#141=CYLINDRICAL_SURFACE('',#9300,0.009);
#142=CYLINDRICAL_SURFACE('',#9302,0.009);
#143=CYLINDRICAL_SURFACE('',#9304,0.009);
#144=CYLINDRICAL_SURFACE('',#9306,0.009);
#145=CYLINDRICAL_SURFACE('',#9308,0.009);
#146=CYLINDRICAL_SURFACE('',#9310,0.009);
#147=CYLINDRICAL_SURFACE('',#9312,0.009);
#148=CYLINDRICAL_SURFACE('',#9314,0.009);
#149=CYLINDRICAL_SURFACE('',#9316,0.009);
#150=CYLINDRICAL_SURFACE('',#9318,0.009);
#151=CYLINDRICAL_SURFACE('',#9320,0.009);
#152=CYLINDRICAL_SURFACE('',#9322,0.009);
#153=CYLINDRICAL_SURFACE('',#9324,0.009);
#154=CYLINDRICAL_SURFACE('',#9326,0.009);
#155=CYLINDRICAL_SURFACE('',#9328,0.009);
#156=CYLINDRICAL_SURFACE('',#9330,0.009);
#157=CYLINDRICAL_SURFACE('',#9332,0.009);
#158=CYLINDRICAL_SURFACE('',#9334,0.009);
#159=CYLINDRICAL_SURFACE('',#9336,0.009);
#160=LINE('',#11766,#1113);
#161=LINE('',#11768,#1114);
#162=LINE('',#11770,#1115);
#163=LINE('',#11772,#1116);
#164=LINE('',#11777,#1117);
#165=LINE('',#11779,#1118);
#166=LINE('',#11781,#1119);
#167=LINE('',#11783,#1120);
#168=LINE('',#11786,#1121);
#169=LINE('',#11788,#1122);
#170=LINE('',#11790,#1123);
#171=LINE('',#11792,#1124);
#172=LINE('',#11795,#1125);
#173=LINE('',#11797,#1126);
#174=LINE('',#11799,#1127);
#175=LINE('',#11801,#1128);
#176=LINE('',#11804,#1129);
#177=LINE('',#11806,#1130);
#178=LINE('',#11808,#1131);
#179=LINE('',#11810,#1132);
#180=LINE('',#11812,#1133);
#181=LINE('',#11814,#1134);
#182=LINE('',#11816,#1135);
#183=LINE('',#11818,#1136);
#184=LINE('',#11820,#1137);
#185=LINE('',#11822,#1138);
#186=LINE('',#11824,#1139);
#187=LINE('',#11827,#1140);
#188=LINE('',#11829,#1141);
#189=LINE('',#11831,#1142);
#190=LINE('',#11833,#1143);
#191=LINE('',#11835,#1144);
#192=LINE('',#11837,#1145);
#193=LINE('',#11839,#1146);
#194=LINE('',#11841,#1147);
#195=LINE('',#11843,#1148);
#196=LINE('',#11844,#1149);
#197=LINE('',#11845,#1150);
#198=LINE('',#11846,#1151);
#199=LINE('',#11847,#1152);
#200=LINE('',#11849,#1153);
#201=LINE('',#11851,#1154);
#202=LINE('',#11853,#1155);
#203=LINE('',#11855,#1156);
#204=LINE('',#11856,#1157);
#205=LINE('',#11857,#1158);
#206=LINE('',#11859,#1159);
#207=LINE('',#11861,#1160);
#208=LINE('',#11863,#1161);
#209=LINE('',#11865,#1162);
#210=LINE('',#11866,#1163);
#211=LINE('',#11868,#1164);
#212=LINE('',#11870,#1165);
#213=LINE('',#11872,#1166);
#214=LINE('',#11873,#1167);
#215=LINE('',#11875,#1168);
#216=LINE('',#11878,#1169);
#217=LINE('',#11879,#1170);
#218=LINE('',#11881,#1171);
#219=LINE('',#11883,#1172);
#220=LINE('',#11885,#1173);
#221=LINE('',#11887,#1174);
#222=LINE('',#11888,#1175);
#223=LINE('',#11890,#1176);
#224=LINE('',#11892,#1177);
#225=LINE('',#11894,#1178);
#226=LINE('',#11895,#1179);
#227=LINE('',#11897,#1180);
#228=LINE('',#11900,#1181);
#229=LINE('',#11902,#1182);
#230=LINE('',#11904,#1183);
#231=LINE('',#11906,#1184);
#232=LINE('',#11908,#1185);
#233=LINE('',#11909,#1186);
#234=LINE('',#11911,#1187);
#235=LINE('',#11914,#1188);
#236=LINE('',#11916,#1189);
#237=LINE('',#11918,#1190);
#238=LINE('',#11919,#1191);
#239=LINE('',#11921,#1192);
#240=LINE('',#11925,#1193);
#241=LINE('',#11927,#1194);
#242=LINE('',#11929,#1195);
#243=LINE('',#11931,#1196);
#244=LINE('',#11933,#1197);
#245=LINE('',#11935,#1198);
#246=LINE('',#11937,#1199);
#247=LINE('',#11939,#1200);
#248=LINE('',#11941,#1201);
#249=LINE('',#11943,#1202);
#250=LINE('',#11945,#1203);
#251=LINE('',#11946,#1204);
#252=LINE('',#11950,#1205);
#253=LINE('',#11952,#1206);
#254=LINE('',#11955,#1207);
#255=LINE('',#11956,#1208);
#256=LINE('',#11958,#1209);
#257=LINE('',#11960,#1210);
#258=LINE('',#11962,#1211);
#259=LINE('',#11964,#1212);
#260=LINE('',#11966,#1213);
#261=LINE('',#11968,#1214);
#262=LINE('',#11970,#1215);
#263=LINE('',#11972,#1216);
#264=LINE('',#11978,#1217);
#265=LINE('',#11990,#1218);
#266=LINE('',#11993,#1219);
#267=LINE('',#11995,#1220);
#268=LINE('',#11997,#1221);
#269=LINE('',#11999,#1222);
#270=LINE('',#12001,#1223);
#271=LINE('',#12003,#1224);
#272=LINE('',#12005,#1225);
#273=LINE('',#12007,#1226);
#274=LINE('',#12009,#1227);
#275=LINE('',#12011,#1228);
#276=LINE('',#12013,#1229);
#277=LINE('',#12015,#1230);
#278=LINE('',#12018,#1231);
#279=LINE('',#12020,#1232);
#280=LINE('',#12022,#1233);
#281=LINE('',#12024,#1234);
#282=LINE('',#12026,#1235);
#283=LINE('',#12028,#1236);
#284=LINE('',#12030,#1237);
#285=LINE('',#12032,#1238);
#286=LINE('',#12034,#1239);
#287=LINE('',#12036,#1240);
#288=LINE('',#12038,#1241);
#289=LINE('',#12040,#1242);
#290=LINE('',#12041,#1243);
#291=LINE('',#12043,#1244);
#292=LINE('',#12044,#1245);
#293=LINE('',#12046,#1246);
#294=LINE('',#12049,#1247);
#295=LINE('',#12051,#1248);
#296=LINE('',#12053,#1249);
#297=LINE('',#12055,#1250);
#298=LINE('',#12058,#1251);
#299=LINE('',#12060,#1252);
#300=LINE('',#12062,#1253);
#301=LINE('',#12064,#1254);
#302=LINE('',#12067,#1255);
#303=LINE('',#12069,#1256);
#304=LINE('',#12071,#1257);
#305=LINE('',#12073,#1258);
#306=LINE('',#12076,#1259);
#307=LINE('',#12078,#1260);
#308=LINE('',#12080,#1261);
#309=LINE('',#12082,#1262);
#310=LINE('',#12085,#1263);
#311=LINE('',#12087,#1264);
#312=LINE('',#12089,#1265);
#313=LINE('',#12091,#1266);
#314=LINE('',#12094,#1267);
#315=LINE('',#12096,#1268);
#316=LINE('',#12098,#1269);
#317=LINE('',#12100,#1270);
#318=LINE('',#12103,#1271);
#319=LINE('',#12105,#1272);
#320=LINE('',#12107,#1273);
#321=LINE('',#12109,#1274);
#322=LINE('',#12112,#1275);
#323=LINE('',#12114,#1276);
#324=LINE('',#12116,#1277);
#325=LINE('',#12118,#1278);
#326=LINE('',#12121,#1279);
#327=LINE('',#12123,#1280);
#328=LINE('',#12125,#1281);
#329=LINE('',#12127,#1282);
#330=LINE('',#12130,#1283);
#331=LINE('',#12132,#1284);
#332=LINE('',#12134,#1285);
#333=LINE('',#12136,#1286);
#334=LINE('',#12139,#1287);
#335=LINE('',#12141,#1288);
#336=LINE('',#12143,#1289);
#337=LINE('',#12145,#1290);
#338=LINE('',#12148,#1291);
#339=LINE('',#12150,#1292);
#340=LINE('',#12152,#1293);
#341=LINE('',#12154,#1294);
#342=LINE('',#12157,#1295);
#343=LINE('',#12159,#1296);
#344=LINE('',#12161,#1297);
#345=LINE('',#12163,#1298);
#346=LINE('',#12166,#1299);
#347=LINE('',#12168,#1300);
#348=LINE('',#12170,#1301);
#349=LINE('',#12172,#1302);
#350=LINE('',#12175,#1303);
#351=LINE('',#12177,#1304);
#352=LINE('',#12179,#1305);
#353=LINE('',#12181,#1306);
#354=LINE('',#12184,#1307);
#355=LINE('',#12186,#1308);
#356=LINE('',#12188,#1309);
#357=LINE('',#12190,#1310);
#358=LINE('',#12193,#1311);
#359=LINE('',#12195,#1312);
#360=LINE('',#12197,#1313);
#361=LINE('',#12199,#1314);
#362=LINE('',#12202,#1315);
#363=LINE('',#12204,#1316);
#364=LINE('',#12206,#1317);
#365=LINE('',#12208,#1318);
#366=LINE('',#12211,#1319);
#367=LINE('',#12213,#1320);
#368=LINE('',#12215,#1321);
#369=LINE('',#12217,#1322);
#370=LINE('',#12220,#1323);
#371=LINE('',#12222,#1324);
#372=LINE('',#12224,#1325);
#373=LINE('',#12226,#1326);
#374=LINE('',#12229,#1327);
#375=LINE('',#12231,#1328);
#376=LINE('',#12233,#1329);
#377=LINE('',#12235,#1330);
#378=LINE('',#12238,#1331);
#379=LINE('',#12240,#1332);
#380=LINE('',#12242,#1333);
#381=LINE('',#12244,#1334);
#382=LINE('',#12247,#1335);
#383=LINE('',#12249,#1336);
#384=LINE('',#12251,#1337);
#385=LINE('',#12253,#1338);
#386=LINE('',#12256,#1339);
#387=LINE('',#12258,#1340);
#388=LINE('',#12260,#1341);
#389=LINE('',#12262,#1342);
#390=LINE('',#12265,#1343);
#391=LINE('',#12267,#1344);
#392=LINE('',#12269,#1345);
#393=LINE('',#12271,#1346);
#394=LINE('',#12274,#1347);
#395=LINE('',#12276,#1348);
#396=LINE('',#12278,#1349);
#397=LINE('',#12280,#1350);
#398=LINE('',#12283,#1351);
#399=LINE('',#12285,#1352);
#400=LINE('',#12287,#1353);
#401=LINE('',#12289,#1354);
#402=LINE('',#12292,#1355);
#403=LINE('',#12294,#1356);
#404=LINE('',#12296,#1357);
#405=LINE('',#12298,#1358);
#406=LINE('',#12301,#1359);
#407=LINE('',#12303,#1360);
#408=LINE('',#12305,#1361);
#409=LINE('',#12307,#1362);
#410=LINE('',#12310,#1363);
#411=LINE('',#12312,#1364);
#412=LINE('',#12314,#1365);
#413=LINE('',#12316,#1366);
#414=LINE('',#12319,#1367);
#415=LINE('',#12321,#1368);
#416=LINE('',#12323,#1369);
#417=LINE('',#12325,#1370);
#418=LINE('',#12328,#1371);
#419=LINE('',#12330,#1372);
#420=LINE('',#12332,#1373);
#421=LINE('',#12334,#1374);
#422=LINE('',#12337,#1375);
#423=LINE('',#12339,#1376);
#424=LINE('',#12341,#1377);
#425=LINE('',#12343,#1378);
#426=LINE('',#12346,#1379);
#427=LINE('',#12348,#1380);
#428=LINE('',#12350,#1381);
#429=LINE('',#12352,#1382);
#430=LINE('',#12355,#1383);
#431=LINE('',#12357,#1384);
#432=LINE('',#12359,#1385);
#433=LINE('',#12361,#1386);
#434=LINE('',#12364,#1387);
#435=LINE('',#12366,#1388);
#436=LINE('',#12368,#1389);
#437=LINE('',#12370,#1390);
#438=LINE('',#12373,#1391);
#439=LINE('',#12375,#1392);
#440=LINE('',#12377,#1393);
#441=LINE('',#12379,#1394);
#442=LINE('',#12382,#1395);
#443=LINE('',#12384,#1396);
#444=LINE('',#12386,#1397);
#445=LINE('',#12388,#1398);
#446=LINE('',#12391,#1399);
#447=LINE('',#12393,#1400);
#448=LINE('',#12395,#1401);
#449=LINE('',#12397,#1402);
#450=LINE('',#12400,#1403);
#451=LINE('',#12402,#1404);
#452=LINE('',#12404,#1405);
#453=LINE('',#12406,#1406);
#454=LINE('',#12409,#1407);
#455=LINE('',#12410,#1408);
#456=LINE('',#12412,#1409);
#457=LINE('',#12415,#1410);
#458=LINE('',#12416,#1411);
#459=LINE('',#12418,#1412);
#460=LINE('',#12421,#1413);
#461=LINE('',#12422,#1414);
#462=LINE('',#12424,#1415);
#463=LINE('',#12427,#1416);
#464=LINE('',#12428,#1417);
#465=LINE('',#12430,#1418);
#466=LINE('',#12433,#1419);
#467=LINE('',#12434,#1420);
#468=LINE('',#12436,#1421);
#469=LINE('',#12439,#1422);
#470=LINE('',#12440,#1423);
#471=LINE('',#12442,#1424);
#472=LINE('',#12445,#1425);
#473=LINE('',#12446,#1426);
#474=LINE('',#12448,#1427);
#475=LINE('',#12451,#1428);
#476=LINE('',#12452,#1429);
#477=LINE('',#12454,#1430);
#478=LINE('',#12457,#1431);
#479=LINE('',#12458,#1432);
#480=LINE('',#12460,#1433);
#481=LINE('',#12463,#1434);
#482=LINE('',#12464,#1435);
#483=LINE('',#12466,#1436);
#484=LINE('',#12469,#1437);
#485=LINE('',#12470,#1438);
#486=LINE('',#12472,#1439);
#487=LINE('',#12475,#1440);
#488=LINE('',#12476,#1441);
#489=LINE('',#12478,#1442);
#490=LINE('',#12481,#1443);
#491=LINE('',#12482,#1444);
#492=LINE('',#12484,#1445);
#493=LINE('',#12487,#1446);
#494=LINE('',#12488,#1447);
#495=LINE('',#12490,#1448);
#496=LINE('',#12493,#1449);
#497=LINE('',#12494,#1450);
#498=LINE('',#12496,#1451);
#499=LINE('',#12499,#1452);
#500=LINE('',#12500,#1453);
#501=LINE('',#12502,#1454);
#502=LINE('',#12505,#1455);
#503=LINE('',#12506,#1456);
#504=LINE('',#12508,#1457);
#505=LINE('',#12511,#1458);
#506=LINE('',#12512,#1459);
#507=LINE('',#12514,#1460);
#508=LINE('',#12517,#1461);
#509=LINE('',#12518,#1462);
#510=LINE('',#12520,#1463);
#511=LINE('',#12523,#1464);
#512=LINE('',#12524,#1465);
#513=LINE('',#12526,#1466);
#514=LINE('',#12529,#1467);
#515=LINE('',#12533,#1468);
#516=LINE('',#12536,#1469);
#517=LINE('',#12538,#1470);
#518=LINE('',#12541,#1471);
#519=LINE('',#12545,#1472);
#520=LINE('',#12546,#1473);
#521=LINE('',#12550,#1474);
#522=LINE('',#12552,#1475);
#523=LINE('',#12553,#1476);
#524=LINE('',#12555,#1477);
#525=LINE('',#12556,#1478);
#526=LINE('',#12558,#1479);
#527=LINE('',#12561,#1480);
#528=LINE('',#12565,#1481);
#529=LINE('',#12568,#1482);
#530=LINE('',#12570,#1483);
#531=LINE('',#12573,#1484);
#532=LINE('',#12577,#1485);
#533=LINE('',#12578,#1486);
#534=LINE('',#12582,#1487);
#535=LINE('',#12587,#1488);
#536=LINE('',#12589,#1489);
#537=LINE('',#12591,#1490);
#538=LINE('',#12594,#1491);
#539=LINE('',#12599,#1492);
#540=LINE('',#12601,#1493);
#541=LINE('',#12603,#1494);
#542=LINE('',#12607,#1495);
#543=LINE('',#12608,#1496);
#544=LINE('',#12610,#1497);
#545=LINE('',#12611,#1498);
#546=LINE('',#12613,#1499);
#547=LINE('',#12614,#1500);
#548=LINE('',#12616,#1501);
#549=LINE('',#12619,#1502);
#550=LINE('',#12623,#1503);
#551=LINE('',#12626,#1504);
#552=LINE('',#12628,#1505);
#553=LINE('',#12631,#1506);
#554=LINE('',#12635,#1507);
#555=LINE('',#12636,#1508);
#556=LINE('',#12640,#1509);
#557=LINE('',#12645,#1510);
#558=LINE('',#12647,#1511);
#559=LINE('',#12649,#1512);
#560=LINE('',#12652,#1513);
#561=LINE('',#12657,#1514);
#562=LINE('',#12659,#1515);
#563=LINE('',#12661,#1516);
#564=LINE('',#12665,#1517);
#565=LINE('',#12666,#1518);
#566=LINE('',#12668,#1519);
#567=LINE('',#12669,#1520);
#568=LINE('',#12671,#1521);
#569=LINE('',#12672,#1522);
#570=LINE('',#12674,#1523);
#571=LINE('',#12677,#1524);
#572=LINE('',#12681,#1525);
#573=LINE('',#12684,#1526);
#574=LINE('',#12686,#1527);
#575=LINE('',#12689,#1528);
#576=LINE('',#12693,#1529);
#577=LINE('',#12694,#1530);
#578=LINE('',#12698,#1531);
#579=LINE('',#12703,#1532);
#580=LINE('',#12705,#1533);
#581=LINE('',#12707,#1534);
#582=LINE('',#12710,#1535);
#583=LINE('',#12715,#1536);
#584=LINE('',#12717,#1537);
#585=LINE('',#12719,#1538);
#586=LINE('',#12723,#1539);
#587=LINE('',#12724,#1540);
#588=LINE('',#12726,#1541);
#589=LINE('',#12727,#1542);
#590=LINE('',#12729,#1543);
#591=LINE('',#12730,#1544);
#592=LINE('',#12732,#1545);
#593=LINE('',#12735,#1546);
#594=LINE('',#12739,#1547);
#595=LINE('',#12742,#1548);
#596=LINE('',#12744,#1549);
#597=LINE('',#12747,#1550);
#598=LINE('',#12751,#1551);
#599=LINE('',#12752,#1552);
#600=LINE('',#12756,#1553);
#601=LINE('',#12761,#1554);
#602=LINE('',#12763,#1555);
#603=LINE('',#12765,#1556);
#604=LINE('',#12768,#1557);
#605=LINE('',#12773,#1558);
#606=LINE('',#12775,#1559);
#607=LINE('',#12777,#1560);
#608=LINE('',#12781,#1561);
#609=LINE('',#12782,#1562);
#610=LINE('',#12784,#1563);
#611=LINE('',#12785,#1564);
#612=LINE('',#12787,#1565);
#613=LINE('',#12788,#1566);
#614=LINE('',#12790,#1567);
#615=LINE('',#12793,#1568);
#616=LINE('',#12797,#1569);
#617=LINE('',#12800,#1570);
#618=LINE('',#12802,#1571);
#619=LINE('',#12805,#1572);
#620=LINE('',#12809,#1573);
#621=LINE('',#12810,#1574);
#622=LINE('',#12814,#1575);
#623=LINE('',#12819,#1576);
#624=LINE('',#12821,#1577);
#625=LINE('',#12823,#1578);
#626=LINE('',#12826,#1579);
#627=LINE('',#12831,#1580);
#628=LINE('',#12833,#1581);
#629=LINE('',#12835,#1582);
#630=LINE('',#12839,#1583);
#631=LINE('',#12840,#1584);
#632=LINE('',#12842,#1585);
#633=LINE('',#12843,#1586);
#634=LINE('',#12845,#1587);
#635=LINE('',#12846,#1588);
#636=LINE('',#12848,#1589);
#637=LINE('',#12851,#1590);
#638=LINE('',#12855,#1591);
#639=LINE('',#12858,#1592);
#640=LINE('',#12860,#1593);
#641=LINE('',#12863,#1594);
#642=LINE('',#12867,#1595);
#643=LINE('',#12868,#1596);
#644=LINE('',#12872,#1597);
#645=LINE('',#12877,#1598);
#646=LINE('',#12879,#1599);
#647=LINE('',#12881,#1600);
#648=LINE('',#12884,#1601);
#649=LINE('',#12889,#1602);
#650=LINE('',#12891,#1603);
#651=LINE('',#12893,#1604);
#652=LINE('',#12897,#1605);
#653=LINE('',#12898,#1606);
#654=LINE('',#12900,#1607);
#655=LINE('',#12901,#1608);
#656=LINE('',#12903,#1609);
#657=LINE('',#12904,#1610);
#658=LINE('',#12906,#1611);
#659=LINE('',#12909,#1612);
#660=LINE('',#12913,#1613);
#661=LINE('',#12916,#1614);
#662=LINE('',#12918,#1615);
#663=LINE('',#12921,#1616);
#664=LINE('',#12925,#1617);
#665=LINE('',#12926,#1618);
#666=LINE('',#12930,#1619);
#667=LINE('',#12935,#1620);
#668=LINE('',#12937,#1621);
#669=LINE('',#12939,#1622);
#670=LINE('',#12942,#1623);
#671=LINE('',#12947,#1624);
#672=LINE('',#12949,#1625);
#673=LINE('',#12951,#1626);
#674=LINE('',#12955,#1627);
#675=LINE('',#12956,#1628);
#676=LINE('',#12958,#1629);
#677=LINE('',#12959,#1630);
#678=LINE('',#12961,#1631);
#679=LINE('',#12962,#1632);
#680=LINE('',#12964,#1633);
#681=LINE('',#12967,#1634);
#682=LINE('',#12971,#1635);
#683=LINE('',#12974,#1636);
#684=LINE('',#12976,#1637);
#685=LINE('',#12979,#1638);
#686=LINE('',#12983,#1639);
#687=LINE('',#12984,#1640);
#688=LINE('',#12988,#1641);
#689=LINE('',#12993,#1642);
#690=LINE('',#12995,#1643);
#691=LINE('',#12997,#1644);
#692=LINE('',#13000,#1645);
#693=LINE('',#13005,#1646);
#694=LINE('',#13007,#1647);
#695=LINE('',#13009,#1648);
#696=LINE('',#13013,#1649);
#697=LINE('',#13014,#1650);
#698=LINE('',#13016,#1651);
#699=LINE('',#13017,#1652);
#700=LINE('',#13019,#1653);
#701=LINE('',#13020,#1654);
#702=LINE('',#13022,#1655);
#703=LINE('',#13025,#1656);
#704=LINE('',#13029,#1657);
#705=LINE('',#13032,#1658);
#706=LINE('',#13034,#1659);
#707=LINE('',#13037,#1660);
#708=LINE('',#13041,#1661);
#709=LINE('',#13042,#1662);
#710=LINE('',#13046,#1663);
#711=LINE('',#13051,#1664);
#712=LINE('',#13053,#1665);
#713=LINE('',#13055,#1666);
#714=LINE('',#13058,#1667);
#715=LINE('',#13063,#1668);
#716=LINE('',#13065,#1669);
#717=LINE('',#13067,#1670);
#718=LINE('',#13071,#1671);
#719=LINE('',#13072,#1672);
#720=LINE('',#13074,#1673);
#721=LINE('',#13075,#1674);
#722=LINE('',#13077,#1675);
#723=LINE('',#13078,#1676);
#724=LINE('',#13080,#1677);
#725=LINE('',#13083,#1678);
#726=LINE('',#13087,#1679);
#727=LINE('',#13090,#1680);
#728=LINE('',#13092,#1681);
#729=LINE('',#13095,#1682);
#730=LINE('',#13099,#1683);
#731=LINE('',#13100,#1684);
#732=LINE('',#13104,#1685);
#733=LINE('',#13109,#1686);
#734=LINE('',#13111,#1687);
#735=LINE('',#13113,#1688);
#736=LINE('',#13116,#1689);
#737=LINE('',#13121,#1690);
#738=LINE('',#13123,#1691);
#739=LINE('',#13125,#1692);
#740=LINE('',#13129,#1693);
#741=LINE('',#13130,#1694);
#742=LINE('',#13132,#1695);
#743=LINE('',#13133,#1696);
#744=LINE('',#13135,#1697);
#745=LINE('',#13136,#1698);
#746=LINE('',#13138,#1699);
#747=LINE('',#13141,#1700);
#748=LINE('',#13145,#1701);
#749=LINE('',#13148,#1702);
#750=LINE('',#13150,#1703);
#751=LINE('',#13153,#1704);
#752=LINE('',#13157,#1705);
#753=LINE('',#13158,#1706);
#754=LINE('',#13162,#1707);
#755=LINE('',#13167,#1708);
#756=LINE('',#13169,#1709);
#757=LINE('',#13171,#1710);
#758=LINE('',#13174,#1711);
#759=LINE('',#13179,#1712);
#760=LINE('',#13181,#1713);
#761=LINE('',#13183,#1714);
#762=LINE('',#13187,#1715);
#763=LINE('',#13188,#1716);
#764=LINE('',#13190,#1717);
#765=LINE('',#13191,#1718);
#766=LINE('',#13193,#1719);
#767=LINE('',#13194,#1720);
#768=LINE('',#13196,#1721);
#769=LINE('',#13199,#1722);
#770=LINE('',#13203,#1723);
#771=LINE('',#13206,#1724);
#772=LINE('',#13208,#1725);
#773=LINE('',#13211,#1726);
#774=LINE('',#13215,#1727);
#775=LINE('',#13216,#1728);
#776=LINE('',#13220,#1729);
#777=LINE('',#13225,#1730);
#778=LINE('',#13227,#1731);
#779=LINE('',#13229,#1732);
#780=LINE('',#13232,#1733);
#781=LINE('',#13237,#1734);
#782=LINE('',#13239,#1735);
#783=LINE('',#13241,#1736);
#784=LINE('',#13245,#1737);
#785=LINE('',#13246,#1738);
#786=LINE('',#13248,#1739);
#787=LINE('',#13249,#1740);
#788=LINE('',#13251,#1741);
#789=LINE('',#13252,#1742);
#790=LINE('',#13254,#1743);
#791=LINE('',#13257,#1744);
#792=LINE('',#13261,#1745);
#793=LINE('',#13264,#1746);
#794=LINE('',#13266,#1747);
#795=LINE('',#13269,#1748);
#796=LINE('',#13273,#1749);
#797=LINE('',#13274,#1750);
#798=LINE('',#13278,#1751);
#799=LINE('',#13283,#1752);
#800=LINE('',#13285,#1753);
#801=LINE('',#13287,#1754);
#802=LINE('',#13290,#1755);
#803=LINE('',#13295,#1756);
#804=LINE('',#13297,#1757);
#805=LINE('',#13299,#1758);
#806=LINE('',#13303,#1759);
#807=LINE('',#13304,#1760);
#808=LINE('',#13306,#1761);
#809=LINE('',#13307,#1762);
#810=LINE('',#13309,#1763);
#811=LINE('',#13310,#1764);
#812=LINE('',#13312,#1765);
#813=LINE('',#13315,#1766);
#814=LINE('',#13319,#1767);
#815=LINE('',#13322,#1768);
#816=LINE('',#13324,#1769);
#817=LINE('',#13327,#1770);
#818=LINE('',#13331,#1771);
#819=LINE('',#13332,#1772);
#820=LINE('',#13336,#1773);
#821=LINE('',#13341,#1774);
#822=LINE('',#13343,#1775);
#823=LINE('',#13345,#1776);
#824=LINE('',#13348,#1777);
#825=LINE('',#13353,#1778);
#826=LINE('',#13355,#1779);
#827=LINE('',#13357,#1780);
#828=LINE('',#13361,#1781);
#829=LINE('',#13362,#1782);
#830=LINE('',#13364,#1783);
#831=LINE('',#13365,#1784);
#832=LINE('',#13367,#1785);
#833=LINE('',#13368,#1786);
#834=LINE('',#13370,#1787);
#835=LINE('',#13373,#1788);
#836=LINE('',#13377,#1789);
#837=LINE('',#13380,#1790);
#838=LINE('',#13382,#1791);
#839=LINE('',#13385,#1792);
#840=LINE('',#13389,#1793);
#841=LINE('',#13390,#1794);
#842=LINE('',#13394,#1795);
#843=LINE('',#13399,#1796);
#844=LINE('',#13401,#1797);
#845=LINE('',#13403,#1798);
#846=LINE('',#13406,#1799);
#847=LINE('',#13411,#1800);
#848=LINE('',#13413,#1801);
#849=LINE('',#13415,#1802);
#850=LINE('',#13419,#1803);
#851=LINE('',#13420,#1804);
#852=LINE('',#13422,#1805);
#853=LINE('',#13423,#1806);
#854=LINE('',#13425,#1807);
#855=LINE('',#13426,#1808);
#856=LINE('',#13428,#1809);
#857=LINE('',#13431,#1810);
#858=LINE('',#13435,#1811);
#859=LINE('',#13438,#1812);
#860=LINE('',#13440,#1813);
#861=LINE('',#13443,#1814);
#862=LINE('',#13447,#1815);
#863=LINE('',#13448,#1816);
#864=LINE('',#13452,#1817);
#865=LINE('',#13457,#1818);
#866=LINE('',#13459,#1819);
#867=LINE('',#13461,#1820);
#868=LINE('',#13464,#1821);
#869=LINE('',#13469,#1822);
#870=LINE('',#13471,#1823);
#871=LINE('',#13473,#1824);
#872=LINE('',#13477,#1825);
#873=LINE('',#13478,#1826);
#874=LINE('',#13480,#1827);
#875=LINE('',#13481,#1828);
#876=LINE('',#13483,#1829);
#877=LINE('',#13484,#1830);
#878=LINE('',#13486,#1831);
#879=LINE('',#13489,#1832);
#880=LINE('',#13493,#1833);
#881=LINE('',#13496,#1834);
#882=LINE('',#13498,#1835);
#883=LINE('',#13501,#1836);
#884=LINE('',#13505,#1837);
#885=LINE('',#13506,#1838);
#886=LINE('',#13510,#1839);
#887=LINE('',#13515,#1840);
#888=LINE('',#13517,#1841);
#889=LINE('',#13519,#1842);
#890=LINE('',#13522,#1843);
#891=LINE('',#13527,#1844);
#892=LINE('',#13529,#1845);
#893=LINE('',#13531,#1846);
#894=LINE('',#13535,#1847);
#895=LINE('',#13536,#1848);
#896=LINE('',#13538,#1849);
#897=LINE('',#13539,#1850);
#898=LINE('',#13541,#1851);
#899=LINE('',#13542,#1852);
#900=LINE('',#13544,#1853);
#901=LINE('',#13547,#1854);
#902=LINE('',#13551,#1855);
#903=LINE('',#13554,#1856);
#904=LINE('',#13556,#1857);
#905=LINE('',#13559,#1858);
#906=LINE('',#13563,#1859);
#907=LINE('',#13564,#1860);
#908=LINE('',#13568,#1861);
#909=LINE('',#13573,#1862);
#910=LINE('',#13575,#1863);
#911=LINE('',#13577,#1864);
#912=LINE('',#13580,#1865);
#913=LINE('',#13585,#1866);
#914=LINE('',#13587,#1867);
#915=LINE('',#13589,#1868);
#916=LINE('',#13593,#1869);
#917=LINE('',#13594,#1870);
#918=LINE('',#13596,#1871);
#919=LINE('',#13597,#1872);
#920=LINE('',#13599,#1873);
#921=LINE('',#13600,#1874);
#922=LINE('',#13602,#1875);
#923=LINE('',#13605,#1876);
#924=LINE('',#13609,#1877);
#925=LINE('',#13612,#1878);
#926=LINE('',#13614,#1879);
#927=LINE('',#13617,#1880);
#928=LINE('',#13621,#1881);
#929=LINE('',#13622,#1882);
#930=LINE('',#13626,#1883);
#931=LINE('',#13631,#1884);
#932=LINE('',#13633,#1885);
#933=LINE('',#13635,#1886);
#934=LINE('',#13638,#1887);
#935=LINE('',#13643,#1888);
#936=LINE('',#13645,#1889);
#937=LINE('',#13647,#1890);
#938=LINE('',#13651,#1891);
#939=LINE('',#13652,#1892);
#940=LINE('',#13654,#1893);
#941=LINE('',#13655,#1894);
#942=LINE('',#13657,#1895);
#943=LINE('',#13658,#1896);
#944=LINE('',#13660,#1897);
#945=LINE('',#13663,#1898);
#946=LINE('',#13664,#1899);
#947=LINE('',#13666,#1900);
#948=LINE('',#13669,#1901);
#949=LINE('',#13670,#1902);
#950=LINE('',#13675,#1903);
#951=LINE('',#13676,#1904);
#952=LINE('',#13679,#1905);
#953=LINE('',#13684,#1906);
#954=LINE('',#13685,#1907);
#955=LINE('',#13689,#1908);
#956=LINE('',#13690,#1909);
#957=LINE('',#13692,#1910);
#958=LINE('',#13694,#1911);
#959=LINE('',#13696,#1912);
#960=LINE('',#13698,#1913);
#961=LINE('',#13700,#1914);
#962=LINE('',#13702,#1915);
#963=LINE('',#13704,#1916);
#964=LINE('',#13706,#1917);
#965=LINE('',#13708,#1918);
#966=LINE('',#13710,#1919);
#967=LINE('',#13712,#1920);
#968=LINE('',#13714,#1921);
#969=LINE('',#13716,#1922);
#970=LINE('',#13718,#1923);
#971=LINE('',#13720,#1924);
#972=LINE('',#13722,#1925);
#973=LINE('',#13724,#1926);
#974=LINE('',#13726,#1927);
#975=LINE('',#13728,#1928);
#976=LINE('',#13730,#1929);
#977=LINE('',#13732,#1930);
#978=LINE('',#13733,#1931);
#979=LINE('',#13734,#1932);
#980=LINE('',#13735,#1933);
#981=LINE('',#13736,#1934);
#982=LINE('',#13737,#1935);
#983=LINE('',#13738,#1936);
#984=LINE('',#13739,#1937);
#985=LINE('',#13740,#1938);
#986=LINE('',#13741,#1939);
#987=LINE('',#13742,#1940);
#988=LINE('',#13743,#1941);
#989=LINE('',#13744,#1942);
#990=LINE('',#13745,#1943);
#991=LINE('',#13746,#1944);
#992=LINE('',#13747,#1945);
#993=LINE('',#13748,#1946);
#994=LINE('',#13749,#1947);
#995=LINE('',#13750,#1948);
#996=LINE('',#13751,#1949);
#997=LINE('',#13752,#1950);
#998=LINE('',#13754,#1951);
#999=LINE('',#13757,#1952);
#1000=LINE('',#13760,#1953);
#1001=LINE('',#13763,#1954);
#1002=LINE('',#13766,#1955);
#1003=LINE('',#13769,#1956);
#1004=LINE('',#13772,#1957);
#1005=LINE('',#13775,#1958);
#1006=LINE('',#13778,#1959);
#1007=LINE('',#13781,#1960);
#1008=LINE('',#13784,#1961);
#1009=LINE('',#13787,#1962);
#1010=LINE('',#13790,#1963);
#1011=LINE('',#13793,#1964);
#1012=LINE('',#13796,#1965);
#1013=LINE('',#13799,#1966);
#1014=LINE('',#13802,#1967);
#1015=LINE('',#13805,#1968);
#1016=LINE('',#13808,#1969);
#1017=LINE('',#13811,#1970);
#1018=LINE('',#13815,#1971);
#1019=LINE('',#13816,#1972);
#1020=LINE('',#13817,#1973);
#1021=LINE('',#13818,#1974);
#1022=LINE('',#13819,#1975);
#1023=LINE('',#13820,#1976);
#1024=LINE('',#13821,#1977);
#1025=LINE('',#13822,#1978);
#1026=LINE('',#13823,#1979);
#1027=LINE('',#13824,#1980);
#1028=LINE('',#13825,#1981);
#1029=LINE('',#13826,#1982);
#1030=LINE('',#13827,#1983);
#1031=LINE('',#13828,#1984);
#1032=LINE('',#13829,#1985);
#1033=LINE('',#13830,#1986);
#1034=LINE('',#13831,#1987);
#1035=LINE('',#13832,#1988);
#1036=LINE('',#13833,#1989);
#1037=LINE('',#13834,#1990);
#1038=LINE('',#13835,#1991);
#1039=LINE('',#13857,#1992);
#1040=LINE('',#13859,#1993);
#1041=LINE('',#13860,#1994);
#1042=LINE('',#13861,#1995);
#1043=LINE('',#13862,#1996);
#1044=LINE('',#13863,#1997);
#1045=LINE('',#13864,#1998);
#1046=LINE('',#13865,#1999);
#1047=LINE('',#13866,#2000);
#1048=LINE('',#13867,#2001);
#1049=LINE('',#13868,#2002);
#1050=LINE('',#13869,#2003);
#1051=LINE('',#13870,#2004);
#1052=LINE('',#13871,#2005);
#1053=LINE('',#13872,#2006);
#1054=LINE('',#13873,#2007);
#1055=LINE('',#13874,#2008);
#1056=LINE('',#13875,#2009);
#1057=LINE('',#13876,#2010);
#1058=LINE('',#13877,#2011);
#1059=LINE('',#13878,#2012);
#1060=LINE('',#13900,#2013);
#1061=LINE('',#13901,#2014);
#1062=LINE('',#13903,#2015);
#1063=LINE('',#13904,#2016);
#1064=LINE('',#13906,#2017);
#1065=LINE('',#13907,#2018);
#1066=LINE('',#13909,#2019);
#1067=LINE('',#13910,#2020);
#1068=LINE('',#13912,#2021);
#1069=LINE('',#13913,#2022);
#1070=LINE('',#13915,#2023);
#1071=LINE('',#13916,#2024);
#1072=LINE('',#13918,#2025);
#1073=LINE('',#13919,#2026);
#1074=LINE('',#13921,#2027);
#1075=LINE('',#13922,#2028);
#1076=LINE('',#13924,#2029);
#1077=LINE('',#13925,#2030);
#1078=LINE('',#13927,#2031);
#1079=LINE('',#13928,#2032);
#1080=LINE('',#13930,#2033);
#1081=LINE('',#13931,#2034);
#1082=LINE('',#13933,#2035);
#1083=LINE('',#13934,#2036);
#1084=LINE('',#13936,#2037);
#1085=LINE('',#13937,#2038);
#1086=LINE('',#13939,#2039);
#1087=LINE('',#13940,#2040);
#1088=LINE('',#13942,#2041);
#1089=LINE('',#13943,#2042);
#1090=LINE('',#13945,#2043);
#1091=LINE('',#13946,#2044);
#1092=LINE('',#13948,#2045);
#1093=LINE('',#13949,#2046);
#1094=LINE('',#13951,#2047);
#1095=LINE('',#13952,#2048);
#1096=LINE('',#13954,#2049);
#1097=LINE('',#13955,#2050);
#1098=LINE('',#13957,#2051);
#1099=LINE('',#13977,#2052);
#1100=LINE('',#13979,#2053);
#1101=LINE('',#13985,#2054);
#1102=LINE('',#13988,#2055);
#1103=LINE('',#13990,#2056);
#1104=LINE('',#13992,#2057);
#1105=LINE('',#13994,#2058);
#1106=LINE('',#13997,#2059);
#1107=LINE('',#13999,#2060);
#1108=LINE('',#14001,#2061);
#1109=LINE('',#14003,#2062);
#1110=LINE('',#14004,#2063);
#1111=LINE('',#14006,#2064);
#1112=LINE('',#14007,#2065);
#1113=VECTOR('',#9386,39.3700787401575);
#1114=VECTOR('',#9387,39.3700787401575);
#1115=VECTOR('',#9388,39.3700787401575);
#1116=VECTOR('',#9389,39.3700787401575);
#1117=VECTOR('',#9394,39.3700787401575);
#1118=VECTOR('',#9395,39.3700787401575);
#1119=VECTOR('',#9396,39.3700787401575);
#1120=VECTOR('',#9399,39.3700787401575);
#1121=VECTOR('',#9400,39.3700787401575);
#1122=VECTOR('',#9401,39.3700787401575);
#1123=VECTOR('',#9402,39.3700787401575);
#1124=VECTOR('',#9405,39.3700787401575);
#1125=VECTOR('',#9406,39.3700787401575);
#1126=VECTOR('',#9407,39.3700787401575);
#1127=VECTOR('',#9408,39.3700787401575);
#1128=VECTOR('',#9411,39.3700787401575);
#1129=VECTOR('',#9412,39.3700787401575);
#1130=VECTOR('',#9413,39.3700787401575);
#1131=VECTOR('',#9414,39.3700787401575);
#1132=VECTOR('',#9415,39.3700787401575);
#1133=VECTOR('',#9416,39.3700787401575);
#1134=VECTOR('',#9417,39.3700787401575);
#1135=VECTOR('',#9418,39.3700787401575);
#1136=VECTOR('',#9419,39.3700787401575);
#1137=VECTOR('',#9420,39.3700787401575);
#1138=VECTOR('',#9421,39.3700787401575);
#1139=VECTOR('',#9424,39.3700787401575);
#1140=VECTOR('',#9425,39.3700787401575);
#1141=VECTOR('',#9426,39.3700787401575);
#1142=VECTOR('',#9427,39.3700787401575);
#1143=VECTOR('',#9428,39.3700787401575);
#1144=VECTOR('',#9429,39.3700787401575);
#1145=VECTOR('',#9430,39.3700787401575);
#1146=VECTOR('',#9431,39.3700787401575);
#1147=VECTOR('',#9432,39.3700787401575);
#1148=VECTOR('',#9435,39.3700787401575);
#1149=VECTOR('',#9436,39.3700787401575);
#1150=VECTOR('',#9437,39.3700787401575);
#1151=VECTOR('',#9438,39.3700787401575);
#1152=VECTOR('',#9439,39.3700787401575);
#1153=VECTOR('',#9440,39.3700787401575);
#1154=VECTOR('',#9443,39.3700787401575);
#1155=VECTOR('',#9444,39.3700787401575);
#1156=VECTOR('',#9445,39.3700787401575);
#1157=VECTOR('',#9446,39.3700787401575);
#1158=VECTOR('',#9447,39.3700787401575);
#1159=VECTOR('',#9448,39.3700787401575);
#1160=VECTOR('',#9449,39.3700787401575);
#1161=VECTOR('',#9450,39.3700787401575);
#1162=VECTOR('',#9453,39.3700787401575);
#1163=VECTOR('',#9454,39.3700787401575);
#1164=VECTOR('',#9455,39.3700787401575);
#1165=VECTOR('',#9458,39.3700787401575);
#1166=VECTOR('',#9459,39.3700787401575);
#1167=VECTOR('',#9460,39.3700787401575);
#1168=VECTOR('',#9463,39.3700787401575);
#1169=VECTOR('',#9464,39.3700787401575);
#1170=VECTOR('',#9465,39.3700787401575);
#1171=VECTOR('',#9468,39.3700787401575);
#1172=VECTOR('',#9469,39.3700787401575);
#1173=VECTOR('',#9470,39.3700787401575);
#1174=VECTOR('',#9473,39.3700787401575);
#1175=VECTOR('',#9474,39.3700787401575);
#1176=VECTOR('',#9475,39.3700787401575);
#1177=VECTOR('',#9478,39.3700787401575);
#1178=VECTOR('',#9479,39.3700787401575);
#1179=VECTOR('',#9480,39.3700787401575);
#1180=VECTOR('',#9483,39.3700787401575);
#1181=VECTOR('',#9488,39.3700787401575);
#1182=VECTOR('',#9489,39.3700787401575);
#1183=VECTOR('',#9492,39.3700787401575);
#1184=VECTOR('',#9493,39.3700787401575);
#1185=VECTOR('',#9494,39.3700787401575);
#1186=VECTOR('',#9495,39.3700787401575);
#1187=VECTOR('',#9498,39.3700787401575);
#1188=VECTOR('',#9499,39.3700787401575);
#1189=VECTOR('',#9500,39.3700787401575);
#1190=VECTOR('',#9501,39.3700787401575);
#1191=VECTOR('',#9502,39.3700787401575);
#1192=VECTOR('',#9505,39.3700787401575);
#1193=VECTOR('',#9512,39.3700787401575);
#1194=VECTOR('',#9515,39.3700787401575);
#1195=VECTOR('',#9516,39.3700787401575);
#1196=VECTOR('',#9519,39.3700787401575);
#1197=VECTOR('',#9522,39.3700787401575);
#1198=VECTOR('',#9523,39.3700787401575);
#1199=VECTOR('',#9524,39.3700787401575);
#1200=VECTOR('',#9527,39.3700787401575);
#1201=VECTOR('',#9528,39.3700787401575);
#1202=VECTOR('',#9529,39.3700787401575);
#1203=VECTOR('',#9532,39.3700787401575);
#1204=VECTOR('',#9533,39.3700787401575);
#1205=VECTOR('',#9540,39.3700787401575);
#1206=VECTOR('',#9543,39.3700787401575);
#1207=VECTOR('',#9544,39.3700787401575);
#1208=VECTOR('',#9545,39.3700787401575);
#1209=VECTOR('',#9548,39.3700787401575);
#1210=VECTOR('',#9549,39.3700787401575);
#1211=VECTOR('',#9552,39.3700787401575);
#1212=VECTOR('',#9553,39.3700787401575);
#1213=VECTOR('',#9556,39.3700787401575);
#1214=VECTOR('',#9557,39.3700787401575);
#1215=VECTOR('',#9560,39.3700787401575);
#1216=VECTOR('',#9561,39.3700787401575);
#1217=VECTOR('',#9572,39.3700787401575);
#1218=VECTOR('',#9591,39.3700787401575);
#1219=VECTOR('',#9592,39.3700787401575);
#1220=VECTOR('',#9593,39.3700787401575);
#1221=VECTOR('',#9594,39.3700787401575);
#1222=VECTOR('',#9595,39.3700787401575);
#1223=VECTOR('',#9596,39.3700787401575);
#1224=VECTOR('',#9597,39.3700787401575);
#1225=VECTOR('',#9598,39.3700787401575);
#1226=VECTOR('',#9599,39.3700787401575);
#1227=VECTOR('',#9600,39.3700787401575);
#1228=VECTOR('',#9601,39.3700787401575);
#1229=VECTOR('',#9602,39.3700787401575);
#1230=VECTOR('',#9605,39.3700787401575);
#1231=VECTOR('',#9606,39.3700787401575);
#1232=VECTOR('',#9607,39.3700787401575);
#1233=VECTOR('',#9608,39.3700787401575);
#1234=VECTOR('',#9609,39.3700787401575);
#1235=VECTOR('',#9610,39.3700787401575);
#1236=VECTOR('',#9611,39.3700787401575);
#1237=VECTOR('',#9612,39.3700787401575);
#1238=VECTOR('',#9613,39.3700787401575);
#1239=VECTOR('',#9614,39.3700787401575);
#1240=VECTOR('',#9615,39.3700787401575);
#1241=VECTOR('',#9616,39.3700787401575);
#1242=VECTOR('',#9619,39.3700787401575);
#1243=VECTOR('',#9620,39.3700787401575);
#1244=VECTOR('',#9623,39.3700787401575);
#1245=VECTOR('',#9624,39.3700787401575);
#1246=VECTOR('',#9627,39.3700787401575);
#1247=VECTOR('',#9628,39.3700787401575);
#1248=VECTOR('',#9629,39.3700787401575);
#1249=VECTOR('',#9630,39.3700787401575);
#1250=VECTOR('',#9633,39.3700787401575);
#1251=VECTOR('',#9634,39.3700787401575);
#1252=VECTOR('',#9635,39.3700787401575);
#1253=VECTOR('',#9636,39.3700787401575);
#1254=VECTOR('',#9639,39.3700787401575);
#1255=VECTOR('',#9640,39.3700787401575);
#1256=VECTOR('',#9641,39.3700787401575);
#1257=VECTOR('',#9642,39.3700787401575);
#1258=VECTOR('',#9645,39.3700787401575);
#1259=VECTOR('',#9646,39.3700787401575);
#1260=VECTOR('',#9647,39.3700787401575);
#1261=VECTOR('',#9648,39.3700787401575);
#1262=VECTOR('',#9651,39.3700787401575);
#1263=VECTOR('',#9652,39.3700787401575);
#1264=VECTOR('',#9653,39.3700787401575);
#1265=VECTOR('',#9654,39.3700787401575);
#1266=VECTOR('',#9657,39.3700787401575);
#1267=VECTOR('',#9658,39.3700787401575);
#1268=VECTOR('',#9659,39.3700787401575);
#1269=VECTOR('',#9660,39.3700787401575);
#1270=VECTOR('',#9663,39.3700787401575);
#1271=VECTOR('',#9664,39.3700787401575);
#1272=VECTOR('',#9665,39.3700787401575);
#1273=VECTOR('',#9666,39.3700787401575);
#1274=VECTOR('',#9669,39.3700787401575);
#1275=VECTOR('',#9670,39.3700787401575);
#1276=VECTOR('',#9671,39.3700787401575);
#1277=VECTOR('',#9672,39.3700787401575);
#1278=VECTOR('',#9675,39.3700787401575);
#1279=VECTOR('',#9676,39.3700787401575);
#1280=VECTOR('',#9677,39.3700787401575);
#1281=VECTOR('',#9678,39.3700787401575);
#1282=VECTOR('',#9681,39.3700787401575);
#1283=VECTOR('',#9682,39.3700787401575);
#1284=VECTOR('',#9683,39.3700787401575);
#1285=VECTOR('',#9684,39.3700787401575);
#1286=VECTOR('',#9687,39.3700787401575);
#1287=VECTOR('',#9688,39.3700787401575);
#1288=VECTOR('',#9689,39.3700787401575);
#1289=VECTOR('',#9690,39.3700787401575);
#1290=VECTOR('',#9693,39.3700787401575);
#1291=VECTOR('',#9694,39.3700787401575);
#1292=VECTOR('',#9695,39.3700787401575);
#1293=VECTOR('',#9696,39.3700787401575);
#1294=VECTOR('',#9699,39.3700787401575);
#1295=VECTOR('',#9700,39.3700787401575);
#1296=VECTOR('',#9701,39.3700787401575);
#1297=VECTOR('',#9702,39.3700787401575);
#1298=VECTOR('',#9705,39.3700787401575);
#1299=VECTOR('',#9706,39.3700787401575);
#1300=VECTOR('',#9707,39.3700787401575);
#1301=VECTOR('',#9708,39.3700787401575);
#1302=VECTOR('',#9711,39.3700787401575);
#1303=VECTOR('',#9712,39.3700787401575);
#1304=VECTOR('',#9713,39.3700787401575);
#1305=VECTOR('',#9714,39.3700787401575);
#1306=VECTOR('',#9717,39.3700787401575);
#1307=VECTOR('',#9718,39.3700787401575);
#1308=VECTOR('',#9719,39.3700787401575);
#1309=VECTOR('',#9720,39.3700787401575);
#1310=VECTOR('',#9723,39.3700787401575);
#1311=VECTOR('',#9724,39.3700787401575);
#1312=VECTOR('',#9725,39.3700787401575);
#1313=VECTOR('',#9726,39.3700787401575);
#1314=VECTOR('',#9729,39.3700787401575);
#1315=VECTOR('',#9730,39.3700787401575);
#1316=VECTOR('',#9731,39.3700787401575);
#1317=VECTOR('',#9732,39.3700787401575);
#1318=VECTOR('',#9735,39.3700787401575);
#1319=VECTOR('',#9736,39.3700787401575);
#1320=VECTOR('',#9737,39.3700787401575);
#1321=VECTOR('',#9738,39.3700787401575);
#1322=VECTOR('',#9741,39.3700787401575);
#1323=VECTOR('',#9742,39.3700787401575);
#1324=VECTOR('',#9743,39.3700787401575);
#1325=VECTOR('',#9744,39.3700787401575);
#1326=VECTOR('',#9747,39.3700787401575);
#1327=VECTOR('',#9748,39.3700787401575);
#1328=VECTOR('',#9749,39.3700787401575);
#1329=VECTOR('',#9750,39.3700787401575);
#1330=VECTOR('',#9753,39.3700787401575);
#1331=VECTOR('',#9754,39.3700787401575);
#1332=VECTOR('',#9755,39.3700787401575);
#1333=VECTOR('',#9756,39.3700787401575);
#1334=VECTOR('',#9759,39.3700787401575);
#1335=VECTOR('',#9760,39.3700787401575);
#1336=VECTOR('',#9761,39.3700787401575);
#1337=VECTOR('',#9762,39.3700787401575);
#1338=VECTOR('',#9765,39.3700787401575);
#1339=VECTOR('',#9766,39.3700787401575);
#1340=VECTOR('',#9767,39.3700787401575);
#1341=VECTOR('',#9768,39.3700787401575);
#1342=VECTOR('',#9771,39.3700787401575);
#1343=VECTOR('',#9772,39.3700787401575);
#1344=VECTOR('',#9773,39.3700787401575);
#1345=VECTOR('',#9774,39.3700787401575);
#1346=VECTOR('',#9777,39.3700787401575);
#1347=VECTOR('',#9778,39.3700787401575);
#1348=VECTOR('',#9779,39.3700787401575);
#1349=VECTOR('',#9780,39.3700787401575);
#1350=VECTOR('',#9783,39.3700787401575);
#1351=VECTOR('',#9784,39.3700787401575);
#1352=VECTOR('',#9785,39.3700787401575);
#1353=VECTOR('',#9786,39.3700787401575);
#1354=VECTOR('',#9789,39.3700787401575);
#1355=VECTOR('',#9790,39.3700787401575);
#1356=VECTOR('',#9791,39.3700787401575);
#1357=VECTOR('',#9792,39.3700787401575);
#1358=VECTOR('',#9795,39.3700787401575);
#1359=VECTOR('',#9796,39.3700787401575);
#1360=VECTOR('',#9797,39.3700787401575);
#1361=VECTOR('',#9798,39.3700787401575);
#1362=VECTOR('',#9801,39.3700787401575);
#1363=VECTOR('',#9802,39.3700787401575);
#1364=VECTOR('',#9803,39.3700787401575);
#1365=VECTOR('',#9804,39.3700787401575);
#1366=VECTOR('',#9807,39.3700787401575);
#1367=VECTOR('',#9808,39.3700787401575);
#1368=VECTOR('',#9809,39.3700787401575);
#1369=VECTOR('',#9810,39.3700787401575);
#1370=VECTOR('',#9813,39.3700787401575);
#1371=VECTOR('',#9814,39.3700787401575);
#1372=VECTOR('',#9815,39.3700787401575);
#1373=VECTOR('',#9816,39.3700787401575);
#1374=VECTOR('',#9819,39.3700787401575);
#1375=VECTOR('',#9820,39.3700787401575);
#1376=VECTOR('',#9821,39.3700787401575);
#1377=VECTOR('',#9822,39.3700787401575);
#1378=VECTOR('',#9825,39.3700787401575);
#1379=VECTOR('',#9826,39.3700787401575);
#1380=VECTOR('',#9827,39.3700787401575);
#1381=VECTOR('',#9828,39.3700787401575);
#1382=VECTOR('',#9831,39.3700787401575);
#1383=VECTOR('',#9832,39.3700787401575);
#1384=VECTOR('',#9833,39.3700787401575);
#1385=VECTOR('',#9834,39.3700787401575);
#1386=VECTOR('',#9837,39.3700787401575);
#1387=VECTOR('',#9838,39.3700787401575);
#1388=VECTOR('',#9839,39.3700787401575);
#1389=VECTOR('',#9840,39.3700787401575);
#1390=VECTOR('',#9843,39.3700787401575);
#1391=VECTOR('',#9844,39.3700787401575);
#1392=VECTOR('',#9845,39.3700787401575);
#1393=VECTOR('',#9846,39.3700787401575);
#1394=VECTOR('',#9849,39.3700787401575);
#1395=VECTOR('',#9850,39.3700787401575);
#1396=VECTOR('',#9851,39.3700787401575);
#1397=VECTOR('',#9852,39.3700787401575);
#1398=VECTOR('',#9855,39.3700787401575);
#1399=VECTOR('',#9856,39.3700787401575);
#1400=VECTOR('',#9857,39.3700787401575);
#1401=VECTOR('',#9858,39.3700787401575);
#1402=VECTOR('',#9861,39.3700787401575);
#1403=VECTOR('',#9862,39.3700787401575);
#1404=VECTOR('',#9863,39.3700787401575);
#1405=VECTOR('',#9864,39.3700787401575);
#1406=VECTOR('',#9867,39.3700787401575);
#1407=VECTOR('',#9868,39.3700787401575);
#1408=VECTOR('',#9869,39.3700787401575);
#1409=VECTOR('',#9872,39.3700787401575);
#1410=VECTOR('',#9873,39.3700787401575);
#1411=VECTOR('',#9874,39.3700787401575);
#1412=VECTOR('',#9877,39.3700787401575);
#1413=VECTOR('',#9878,39.3700787401575);
#1414=VECTOR('',#9879,39.3700787401575);
#1415=VECTOR('',#9882,39.3700787401575);
#1416=VECTOR('',#9883,39.3700787401575);
#1417=VECTOR('',#9884,39.3700787401575);
#1418=VECTOR('',#9887,39.3700787401575);
#1419=VECTOR('',#9888,39.3700787401575);
#1420=VECTOR('',#9889,39.3700787401575);
#1421=VECTOR('',#9892,39.3700787401575);
#1422=VECTOR('',#9893,39.3700787401575);
#1423=VECTOR('',#9894,39.3700787401575);
#1424=VECTOR('',#9897,39.3700787401575);
#1425=VECTOR('',#9898,39.3700787401575);
#1426=VECTOR('',#9899,39.3700787401575);
#1427=VECTOR('',#9902,39.3700787401575);
#1428=VECTOR('',#9903,39.3700787401575);
#1429=VECTOR('',#9904,39.3700787401575);
#1430=VECTOR('',#9907,39.3700787401575);
#1431=VECTOR('',#9908,39.3700787401575);
#1432=VECTOR('',#9909,39.3700787401575);
#1433=VECTOR('',#9912,39.3700787401575);
#1434=VECTOR('',#9913,39.3700787401575);
#1435=VECTOR('',#9914,39.3700787401575);
#1436=VECTOR('',#9917,39.3700787401575);
#1437=VECTOR('',#9918,39.3700787401575);
#1438=VECTOR('',#9919,39.3700787401575);
#1439=VECTOR('',#9922,39.3700787401575);
#1440=VECTOR('',#9923,39.3700787401575);
#1441=VECTOR('',#9924,39.3700787401575);
#1442=VECTOR('',#9927,39.3700787401575);
#1443=VECTOR('',#9928,39.3700787401575);
#1444=VECTOR('',#9929,39.3700787401575);
#1445=VECTOR('',#9932,39.3700787401575);
#1446=VECTOR('',#9933,39.3700787401575);
#1447=VECTOR('',#9934,39.3700787401575);
#1448=VECTOR('',#9937,39.3700787401575);
#1449=VECTOR('',#9938,39.3700787401575);
#1450=VECTOR('',#9939,39.3700787401575);
#1451=VECTOR('',#9942,39.3700787401575);
#1452=VECTOR('',#9943,39.3700787401575);
#1453=VECTOR('',#9944,39.3700787401575);
#1454=VECTOR('',#9947,39.3700787401575);
#1455=VECTOR('',#9948,39.3700787401575);
#1456=VECTOR('',#9949,39.3700787401575);
#1457=VECTOR('',#9952,39.3700787401575);
#1458=VECTOR('',#9953,39.3700787401575);
#1459=VECTOR('',#9954,39.3700787401575);
#1460=VECTOR('',#9957,39.3700787401575);
#1461=VECTOR('',#9958,39.3700787401575);
#1462=VECTOR('',#9959,39.3700787401575);
#1463=VECTOR('',#9962,39.3700787401575);
#1464=VECTOR('',#9963,39.3700787401575);
#1465=VECTOR('',#9964,39.3700787401575);
#1466=VECTOR('',#9967,39.3700787401575);
#1467=VECTOR('',#9968,39.3700787401575);
#1468=VECTOR('',#9971,39.3700787401575);
#1469=VECTOR('',#9974,39.3700787401575);
#1470=VECTOR('',#9977,39.3700787401575);
#1471=VECTOR('',#9978,39.3700787401575);
#1472=VECTOR('',#9981,39.3700787401575);
#1473=VECTOR('',#9982,39.3700787401575);
#1474=VECTOR('',#9985,39.3700787401575);
#1475=VECTOR('',#9988,39.3700787401575);
#1476=VECTOR('',#9989,39.3700787401575);
#1477=VECTOR('',#9992,39.3700787401575);
#1478=VECTOR('',#9993,39.3700787401575);
#1479=VECTOR('',#9996,39.3700787401575);
#1480=VECTOR('',#9997,39.3700787401575);
#1481=VECTOR('',#10000,39.3700787401575);
#1482=VECTOR('',#10003,39.3700787401575);
#1483=VECTOR('',#10006,39.3700787401575);
#1484=VECTOR('',#10007,39.3700787401575);
#1485=VECTOR('',#10010,39.3700787401575);
#1486=VECTOR('',#10011,39.3700787401575);
#1487=VECTOR('',#10014,39.3700787401575);
#1488=VECTOR('',#10019,39.3700787401575);
#1489=VECTOR('',#10020,39.3700787401575);
#1490=VECTOR('',#10021,39.3700787401575);
#1491=VECTOR('',#10024,39.3700787401575);
#1492=VECTOR('',#10029,39.3700787401575);
#1493=VECTOR('',#10030,39.3700787401575);
#1494=VECTOR('',#10031,39.3700787401575);
#1495=VECTOR('',#10034,39.3700787401575);
#1496=VECTOR('',#10035,39.3700787401575);
#1497=VECTOR('',#10038,39.3700787401575);
#1498=VECTOR('',#10039,39.3700787401575);
#1499=VECTOR('',#10042,39.3700787401575);
#1500=VECTOR('',#10043,39.3700787401575);
#1501=VECTOR('',#10046,39.3700787401575);
#1502=VECTOR('',#10047,39.3700787401575);
#1503=VECTOR('',#10050,39.3700787401575);
#1504=VECTOR('',#10053,39.3700787401575);
#1505=VECTOR('',#10056,39.3700787401575);
#1506=VECTOR('',#10057,39.3700787401575);
#1507=VECTOR('',#10060,39.3700787401575);
#1508=VECTOR('',#10061,39.3700787401575);
#1509=VECTOR('',#10064,39.3700787401575);
#1510=VECTOR('',#10069,39.3700787401575);
#1511=VECTOR('',#10070,39.3700787401575);
#1512=VECTOR('',#10071,39.3700787401575);
#1513=VECTOR('',#10074,39.3700787401575);
#1514=VECTOR('',#10079,39.3700787401575);
#1515=VECTOR('',#10080,39.3700787401575);
#1516=VECTOR('',#10081,39.3700787401575);
#1517=VECTOR('',#10084,39.3700787401575);
#1518=VECTOR('',#10085,39.3700787401575);
#1519=VECTOR('',#10088,39.3700787401575);
#1520=VECTOR('',#10089,39.3700787401575);
#1521=VECTOR('',#10092,39.3700787401575);
#1522=VECTOR('',#10093,39.3700787401575);
#1523=VECTOR('',#10096,39.3700787401575);
#1524=VECTOR('',#10097,39.3700787401575);
#1525=VECTOR('',#10100,39.3700787401575);
#1526=VECTOR('',#10103,39.3700787401575);
#1527=VECTOR('',#10106,39.3700787401575);
#1528=VECTOR('',#10107,39.3700787401575);
#1529=VECTOR('',#10110,39.3700787401575);
#1530=VECTOR('',#10111,39.3700787401575);
#1531=VECTOR('',#10114,39.3700787401575);
#1532=VECTOR('',#10119,39.3700787401575);
#1533=VECTOR('',#10120,39.3700787401575);
#1534=VECTOR('',#10121,39.3700787401575);
#1535=VECTOR('',#10124,39.3700787401575);
#1536=VECTOR('',#10129,39.3700787401575);
#1537=VECTOR('',#10130,39.3700787401575);
#1538=VECTOR('',#10131,39.3700787401575);
#1539=VECTOR('',#10134,39.3700787401575);
#1540=VECTOR('',#10135,39.3700787401575);
#1541=VECTOR('',#10138,39.3700787401575);
#1542=VECTOR('',#10139,39.3700787401575);
#1543=VECTOR('',#10142,39.3700787401575);
#1544=VECTOR('',#10143,39.3700787401575);
#1545=VECTOR('',#10146,39.3700787401575);
#1546=VECTOR('',#10147,39.3700787401575);
#1547=VECTOR('',#10150,39.3700787401575);
#1548=VECTOR('',#10153,39.3700787401575);
#1549=VECTOR('',#10156,39.3700787401575);
#1550=VECTOR('',#10157,39.3700787401575);
#1551=VECTOR('',#10160,39.3700787401575);
#1552=VECTOR('',#10161,39.3700787401575);
#1553=VECTOR('',#10164,39.3700787401575);
#1554=VECTOR('',#10169,39.3700787401575);
#1555=VECTOR('',#10170,39.3700787401575);
#1556=VECTOR('',#10171,39.3700787401575);
#1557=VECTOR('',#10174,39.3700787401575);
#1558=VECTOR('',#10179,39.3700787401575);
#1559=VECTOR('',#10180,39.3700787401575);
#1560=VECTOR('',#10181,39.3700787401575);
#1561=VECTOR('',#10184,39.3700787401575);
#1562=VECTOR('',#10185,39.3700787401575);
#1563=VECTOR('',#10188,39.3700787401575);
#1564=VECTOR('',#10189,39.3700787401575);
#1565=VECTOR('',#10192,39.3700787401575);
#1566=VECTOR('',#10193,39.3700787401575);
#1567=VECTOR('',#10196,39.3700787401575);
#1568=VECTOR('',#10197,39.3700787401575);
#1569=VECTOR('',#10200,39.3700787401575);
#1570=VECTOR('',#10203,39.3700787401575);
#1571=VECTOR('',#10206,39.3700787401575);
#1572=VECTOR('',#10207,39.3700787401575);
#1573=VECTOR('',#10210,39.3700787401575);
#1574=VECTOR('',#10211,39.3700787401575);
#1575=VECTOR('',#10214,39.3700787401575);
#1576=VECTOR('',#10219,39.3700787401575);
#1577=VECTOR('',#10220,39.3700787401575);
#1578=VECTOR('',#10221,39.3700787401575);
#1579=VECTOR('',#10224,39.3700787401575);
#1580=VECTOR('',#10229,39.3700787401575);
#1581=VECTOR('',#10230,39.3700787401575);
#1582=VECTOR('',#10231,39.3700787401575);
#1583=VECTOR('',#10234,39.3700787401575);
#1584=VECTOR('',#10235,39.3700787401575);
#1585=VECTOR('',#10238,39.3700787401575);
#1586=VECTOR('',#10239,39.3700787401575);
#1587=VECTOR('',#10242,39.3700787401575);
#1588=VECTOR('',#10243,39.3700787401575);
#1589=VECTOR('',#10246,39.3700787401575);
#1590=VECTOR('',#10247,39.3700787401575);
#1591=VECTOR('',#10250,39.3700787401575);
#1592=VECTOR('',#10253,39.3700787401575);
#1593=VECTOR('',#10256,39.3700787401575);
#1594=VECTOR('',#10257,39.3700787401575);
#1595=VECTOR('',#10260,39.3700787401575);
#1596=VECTOR('',#10261,39.3700787401575);
#1597=VECTOR('',#10264,39.3700787401575);
#1598=VECTOR('',#10269,39.3700787401575);
#1599=VECTOR('',#10270,39.3700787401575);
#1600=VECTOR('',#10271,39.3700787401575);
#1601=VECTOR('',#10274,39.3700787401575);
#1602=VECTOR('',#10279,39.3700787401575);
#1603=VECTOR('',#10280,39.3700787401575);
#1604=VECTOR('',#10281,39.3700787401575);
#1605=VECTOR('',#10284,39.3700787401575);
#1606=VECTOR('',#10285,39.3700787401575);
#1607=VECTOR('',#10288,39.3700787401575);
#1608=VECTOR('',#10289,39.3700787401575);
#1609=VECTOR('',#10292,39.3700787401575);
#1610=VECTOR('',#10293,39.3700787401575);
#1611=VECTOR('',#10296,39.3700787401575);
#1612=VECTOR('',#10297,39.3700787401575);
#1613=VECTOR('',#10300,39.3700787401575);
#1614=VECTOR('',#10303,39.3700787401575);
#1615=VECTOR('',#10306,39.3700787401575);
#1616=VECTOR('',#10307,39.3700787401575);
#1617=VECTOR('',#10310,39.3700787401575);
#1618=VECTOR('',#10311,39.3700787401575);
#1619=VECTOR('',#10314,39.3700787401575);
#1620=VECTOR('',#10319,39.3700787401575);
#1621=VECTOR('',#10320,39.3700787401575);
#1622=VECTOR('',#10321,39.3700787401575);
#1623=VECTOR('',#10324,39.3700787401575);
#1624=VECTOR('',#10329,39.3700787401575);
#1625=VECTOR('',#10330,39.3700787401575);
#1626=VECTOR('',#10331,39.3700787401575);
#1627=VECTOR('',#10334,39.3700787401575);
#1628=VECTOR('',#10335,39.3700787401575);
#1629=VECTOR('',#10338,39.3700787401575);
#1630=VECTOR('',#10339,39.3700787401575);
#1631=VECTOR('',#10342,39.3700787401575);
#1632=VECTOR('',#10343,39.3700787401575);
#1633=VECTOR('',#10346,39.3700787401575);
#1634=VECTOR('',#10347,39.3700787401575);
#1635=VECTOR('',#10350,39.3700787401575);
#1636=VECTOR('',#10353,39.3700787401575);
#1637=VECTOR('',#10356,39.3700787401575);
#1638=VECTOR('',#10357,39.3700787401575);
#1639=VECTOR('',#10360,39.3700787401575);
#1640=VECTOR('',#10361,39.3700787401575);
#1641=VECTOR('',#10364,39.3700787401575);
#1642=VECTOR('',#10369,39.3700787401575);
#1643=VECTOR('',#10370,39.3700787401575);
#1644=VECTOR('',#10371,39.3700787401575);
#1645=VECTOR('',#10374,39.3700787401575);
#1646=VECTOR('',#10379,39.3700787401575);
#1647=VECTOR('',#10380,39.3700787401575);
#1648=VECTOR('',#10381,39.3700787401575);
#1649=VECTOR('',#10384,39.3700787401575);
#1650=VECTOR('',#10385,39.3700787401575);
#1651=VECTOR('',#10388,39.3700787401575);
#1652=VECTOR('',#10389,39.3700787401575);
#1653=VECTOR('',#10392,39.3700787401575);
#1654=VECTOR('',#10393,39.3700787401575);
#1655=VECTOR('',#10396,39.3700787401575);
#1656=VECTOR('',#10397,39.3700787401575);
#1657=VECTOR('',#10400,39.3700787401575);
#1658=VECTOR('',#10403,39.3700787401575);
#1659=VECTOR('',#10406,39.3700787401575);
#1660=VECTOR('',#10407,39.3700787401575);
#1661=VECTOR('',#10410,39.3700787401575);
#1662=VECTOR('',#10411,39.3700787401575);
#1663=VECTOR('',#10414,39.3700787401575);
#1664=VECTOR('',#10419,39.3700787401575);
#1665=VECTOR('',#10420,39.3700787401575);
#1666=VECTOR('',#10421,39.3700787401575);
#1667=VECTOR('',#10424,39.3700787401575);
#1668=VECTOR('',#10429,39.3700787401575);
#1669=VECTOR('',#10430,39.3700787401575);
#1670=VECTOR('',#10431,39.3700787401575);
#1671=VECTOR('',#10434,39.3700787401575);
#1672=VECTOR('',#10435,39.3700787401575);
#1673=VECTOR('',#10438,39.3700787401575);
#1674=VECTOR('',#10439,39.3700787401575);
#1675=VECTOR('',#10442,39.3700787401575);
#1676=VECTOR('',#10443,39.3700787401575);
#1677=VECTOR('',#10446,39.3700787401575);
#1678=VECTOR('',#10447,39.3700787401575);
#1679=VECTOR('',#10450,39.3700787401575);
#1680=VECTOR('',#10453,39.3700787401575);
#1681=VECTOR('',#10456,39.3700787401575);
#1682=VECTOR('',#10457,39.3700787401575);
#1683=VECTOR('',#10460,39.3700787401575);
#1684=VECTOR('',#10461,39.3700787401575);
#1685=VECTOR('',#10464,39.3700787401575);
#1686=VECTOR('',#10469,39.3700787401575);
#1687=VECTOR('',#10470,39.3700787401575);
#1688=VECTOR('',#10471,39.3700787401575);
#1689=VECTOR('',#10474,39.3700787401575);
#1690=VECTOR('',#10479,39.3700787401575);
#1691=VECTOR('',#10480,39.3700787401575);
#1692=VECTOR('',#10481,39.3700787401575);
#1693=VECTOR('',#10484,39.3700787401575);
#1694=VECTOR('',#10485,39.3700787401575);
#1695=VECTOR('',#10488,39.3700787401575);
#1696=VECTOR('',#10489,39.3700787401575);
#1697=VECTOR('',#10492,39.3700787401575);
#1698=VECTOR('',#10493,39.3700787401575);
#1699=VECTOR('',#10496,39.3700787401575);
#1700=VECTOR('',#10497,39.3700787401575);
#1701=VECTOR('',#10500,39.3700787401575);
#1702=VECTOR('',#10503,39.3700787401575);
#1703=VECTOR('',#10506,39.3700787401575);
#1704=VECTOR('',#10507,39.3700787401575);
#1705=VECTOR('',#10510,39.3700787401575);
#1706=VECTOR('',#10511,39.3700787401575);
#1707=VECTOR('',#10514,39.3700787401575);
#1708=VECTOR('',#10519,39.3700787401575);
#1709=VECTOR('',#10520,39.3700787401575);
#1710=VECTOR('',#10521,39.3700787401575);
#1711=VECTOR('',#10524,39.3700787401575);
#1712=VECTOR('',#10529,39.3700787401575);
#1713=VECTOR('',#10530,39.3700787401575);
#1714=VECTOR('',#10531,39.3700787401575);
#1715=VECTOR('',#10534,39.3700787401575);
#1716=VECTOR('',#10535,39.3700787401575);
#1717=VECTOR('',#10538,39.3700787401575);
#1718=VECTOR('',#10539,39.3700787401575);
#1719=VECTOR('',#10542,39.3700787401575);
#1720=VECTOR('',#10543,39.3700787401575);
#1721=VECTOR('',#10546,39.3700787401575);
#1722=VECTOR('',#10547,39.3700787401575);
#1723=VECTOR('',#10550,39.3700787401575);
#1724=VECTOR('',#10553,39.3700787401575);
#1725=VECTOR('',#10556,39.3700787401575);
#1726=VECTOR('',#10557,39.3700787401575);
#1727=VECTOR('',#10560,39.3700787401575);
#1728=VECTOR('',#10561,39.3700787401575);
#1729=VECTOR('',#10564,39.3700787401575);
#1730=VECTOR('',#10569,39.3700787401575);
#1731=VECTOR('',#10570,39.3700787401575);
#1732=VECTOR('',#10571,39.3700787401575);
#1733=VECTOR('',#10574,39.3700787401575);
#1734=VECTOR('',#10579,39.3700787401575);
#1735=VECTOR('',#10580,39.3700787401575);
#1736=VECTOR('',#10581,39.3700787401575);
#1737=VECTOR('',#10584,39.3700787401575);
#1738=VECTOR('',#10585,39.3700787401575);
#1739=VECTOR('',#10588,39.3700787401575);
#1740=VECTOR('',#10589,39.3700787401575);
#1741=VECTOR('',#10592,39.3700787401575);
#1742=VECTOR('',#10593,39.3700787401575);
#1743=VECTOR('',#10596,39.3700787401575);
#1744=VECTOR('',#10597,39.3700787401575);
#1745=VECTOR('',#10600,39.3700787401575);
#1746=VECTOR('',#10603,39.3700787401575);
#1747=VECTOR('',#10606,39.3700787401575);
#1748=VECTOR('',#10607,39.3700787401575);
#1749=VECTOR('',#10610,39.3700787401575);
#1750=VECTOR('',#10611,39.3700787401575);
#1751=VECTOR('',#10614,39.3700787401575);
#1752=VECTOR('',#10619,39.3700787401575);
#1753=VECTOR('',#10620,39.3700787401575);
#1754=VECTOR('',#10621,39.3700787401575);
#1755=VECTOR('',#10624,39.3700787401575);
#1756=VECTOR('',#10629,39.3700787401575);
#1757=VECTOR('',#10630,39.3700787401575);
#1758=VECTOR('',#10631,39.3700787401575);
#1759=VECTOR('',#10634,39.3700787401575);
#1760=VECTOR('',#10635,39.3700787401575);
#1761=VECTOR('',#10638,39.3700787401575);
#1762=VECTOR('',#10639,39.3700787401575);
#1763=VECTOR('',#10642,39.3700787401575);
#1764=VECTOR('',#10643,39.3700787401575);
#1765=VECTOR('',#10646,39.3700787401575);
#1766=VECTOR('',#10647,39.3700787401575);
#1767=VECTOR('',#10650,39.3700787401575);
#1768=VECTOR('',#10653,39.3700787401575);
#1769=VECTOR('',#10656,39.3700787401575);
#1770=VECTOR('',#10657,39.3700787401575);
#1771=VECTOR('',#10660,39.3700787401575);
#1772=VECTOR('',#10661,39.3700787401575);
#1773=VECTOR('',#10664,39.3700787401575);
#1774=VECTOR('',#10669,39.3700787401575);
#1775=VECTOR('',#10670,39.3700787401575);
#1776=VECTOR('',#10671,39.3700787401575);
#1777=VECTOR('',#10674,39.3700787401575);
#1778=VECTOR('',#10679,39.3700787401575);
#1779=VECTOR('',#10680,39.3700787401575);
#1780=VECTOR('',#10681,39.3700787401575);
#1781=VECTOR('',#10684,39.3700787401575);
#1782=VECTOR('',#10685,39.3700787401575);
#1783=VECTOR('',#10688,39.3700787401575);
#1784=VECTOR('',#10689,39.3700787401575);
#1785=VECTOR('',#10692,39.3700787401575);
#1786=VECTOR('',#10693,39.3700787401575);
#1787=VECTOR('',#10696,39.3700787401575);
#1788=VECTOR('',#10697,39.3700787401575);
#1789=VECTOR('',#10700,39.3700787401575);
#1790=VECTOR('',#10703,39.3700787401575);
#1791=VECTOR('',#10706,39.3700787401575);
#1792=VECTOR('',#10707,39.3700787401575);
#1793=VECTOR('',#10710,39.3700787401575);
#1794=VECTOR('',#10711,39.3700787401575);
#1795=VECTOR('',#10714,39.3700787401575);
#1796=VECTOR('',#10719,39.3700787401575);
#1797=VECTOR('',#10720,39.3700787401575);
#1798=VECTOR('',#10721,39.3700787401575);
#1799=VECTOR('',#10724,39.3700787401575);
#1800=VECTOR('',#10729,39.3700787401575);
#1801=VECTOR('',#10730,39.3700787401575);
#1802=VECTOR('',#10731,39.3700787401575);
#1803=VECTOR('',#10734,39.3700787401575);
#1804=VECTOR('',#10735,39.3700787401575);
#1805=VECTOR('',#10738,39.3700787401575);
#1806=VECTOR('',#10739,39.3700787401575);
#1807=VECTOR('',#10742,39.3700787401575);
#1808=VECTOR('',#10743,39.3700787401575);
#1809=VECTOR('',#10746,39.3700787401575);
#1810=VECTOR('',#10747,39.3700787401575);
#1811=VECTOR('',#10750,39.3700787401575);
#1812=VECTOR('',#10753,39.3700787401575);
#1813=VECTOR('',#10756,39.3700787401575);
#1814=VECTOR('',#10757,39.3700787401575);
#1815=VECTOR('',#10760,39.3700787401575);
#1816=VECTOR('',#10761,39.3700787401575);
#1817=VECTOR('',#10764,39.3700787401575);
#1818=VECTOR('',#10769,39.3700787401575);
#1819=VECTOR('',#10770,39.3700787401575);
#1820=VECTOR('',#10771,39.3700787401575);
#1821=VECTOR('',#10774,39.3700787401575);
#1822=VECTOR('',#10779,39.3700787401575);
#1823=VECTOR('',#10780,39.3700787401575);
#1824=VECTOR('',#10781,39.3700787401575);
#1825=VECTOR('',#10784,39.3700787401575);
#1826=VECTOR('',#10785,39.3700787401575);
#1827=VECTOR('',#10788,39.3700787401575);
#1828=VECTOR('',#10789,39.3700787401575);
#1829=VECTOR('',#10792,39.3700787401575);
#1830=VECTOR('',#10793,39.3700787401575);
#1831=VECTOR('',#10796,39.3700787401575);
#1832=VECTOR('',#10797,39.3700787401575);
#1833=VECTOR('',#10800,39.3700787401575);
#1834=VECTOR('',#10803,39.3700787401575);
#1835=VECTOR('',#10806,39.3700787401575);
#1836=VECTOR('',#10807,39.3700787401575);
#1837=VECTOR('',#10810,39.3700787401575);
#1838=VECTOR('',#10811,39.3700787401575);
#1839=VECTOR('',#10814,39.3700787401575);
#1840=VECTOR('',#10819,39.3700787401575);
#1841=VECTOR('',#10820,39.3700787401575);
#1842=VECTOR('',#10821,39.3700787401575);
#1843=VECTOR('',#10824,39.3700787401575);
#1844=VECTOR('',#10829,39.3700787401575);
#1845=VECTOR('',#10830,39.3700787401575);
#1846=VECTOR('',#10831,39.3700787401575);
#1847=VECTOR('',#10834,39.3700787401575);
#1848=VECTOR('',#10835,39.3700787401575);
#1849=VECTOR('',#10838,39.3700787401575);
#1850=VECTOR('',#10839,39.3700787401575);
#1851=VECTOR('',#10842,39.3700787401575);
#1852=VECTOR('',#10843,39.3700787401575);
#1853=VECTOR('',#10846,39.3700787401575);
#1854=VECTOR('',#10847,39.3700787401575);
#1855=VECTOR('',#10850,39.3700787401575);
#1856=VECTOR('',#10853,39.3700787401575);
#1857=VECTOR('',#10856,39.3700787401575);
#1858=VECTOR('',#10857,39.3700787401575);
#1859=VECTOR('',#10860,39.3700787401575);
#1860=VECTOR('',#10861,39.3700787401575);
#1861=VECTOR('',#10864,39.3700787401575);
#1862=VECTOR('',#10869,39.3700787401575);
#1863=VECTOR('',#10870,39.3700787401575);
#1864=VECTOR('',#10871,39.3700787401575);
#1865=VECTOR('',#10874,39.3700787401575);
#1866=VECTOR('',#10879,39.3700787401575);
#1867=VECTOR('',#10880,39.3700787401575);
#1868=VECTOR('',#10881,39.3700787401575);
#1869=VECTOR('',#10884,39.3700787401575);
#1870=VECTOR('',#10885,39.3700787401575);
#1871=VECTOR('',#10888,39.3700787401575);
#1872=VECTOR('',#10889,39.3700787401575);
#1873=VECTOR('',#10892,39.3700787401575);
#1874=VECTOR('',#10893,39.3700787401575);
#1875=VECTOR('',#10896,39.3700787401575);
#1876=VECTOR('',#10897,39.3700787401575);
#1877=VECTOR('',#10900,39.3700787401575);
#1878=VECTOR('',#10903,39.3700787401575);
#1879=VECTOR('',#10906,39.3700787401575);
#1880=VECTOR('',#10907,39.3700787401575);
#1881=VECTOR('',#10910,39.3700787401575);
#1882=VECTOR('',#10911,39.3700787401575);
#1883=VECTOR('',#10914,39.3700787401575);
#1884=VECTOR('',#10919,39.3700787401575);
#1885=VECTOR('',#10920,39.3700787401575);
#1886=VECTOR('',#10921,39.3700787401575);
#1887=VECTOR('',#10924,39.3700787401575);
#1888=VECTOR('',#10929,39.3700787401575);
#1889=VECTOR('',#10930,39.3700787401575);
#1890=VECTOR('',#10931,39.3700787401575);
#1891=VECTOR('',#10934,39.3700787401575);
#1892=VECTOR('',#10935,39.3700787401575);
#1893=VECTOR('',#10938,39.3700787401575);
#1894=VECTOR('',#10939,39.3700787401575);
#1895=VECTOR('',#10942,39.3700787401575);
#1896=VECTOR('',#10943,39.3700787401575);
#1897=VECTOR('',#10946,39.3700787401575);
#1898=VECTOR('',#10947,39.3700787401575);
#1899=VECTOR('',#10948,39.3700787401575);
#1900=VECTOR('',#10951,39.3700787401575);
#1901=VECTOR('',#10952,39.3700787401575);
#1902=VECTOR('',#10953,39.3700787401575);
#1903=VECTOR('',#10958,39.3700787401575);
#1904=VECTOR('',#10959,39.3700787401575);
#1905=VECTOR('',#10962,39.3700787401575);
#1906=VECTOR('',#10967,39.3700787401575);
#1907=VECTOR('',#10968,39.3700787401575);
#1908=VECTOR('',#10971,39.3700787401575);
#1909=VECTOR('',#10972,39.3700787401575);
#1910=VECTOR('',#10975,39.3700787401575);
#1911=VECTOR('',#10978,39.3700787401575);
#1912=VECTOR('',#10981,39.3700787401575);
#1913=VECTOR('',#10984,39.3700787401575);
#1914=VECTOR('',#10987,39.3700787401575);
#1915=VECTOR('',#10990,39.3700787401575);
#1916=VECTOR('',#10993,39.3700787401575);
#1917=VECTOR('',#10996,39.3700787401575);
#1918=VECTOR('',#10999,39.3700787401575);
#1919=VECTOR('',#11002,39.3700787401575);
#1920=VECTOR('',#11005,39.3700787401575);
#1921=VECTOR('',#11008,39.3700787401575);
#1922=VECTOR('',#11011,39.3700787401575);
#1923=VECTOR('',#11014,39.3700787401575);
#1924=VECTOR('',#11017,39.3700787401575);
#1925=VECTOR('',#11020,39.3700787401575);
#1926=VECTOR('',#11023,39.3700787401575);
#1927=VECTOR('',#11026,39.3700787401575);
#1928=VECTOR('',#11029,39.3700787401575);
#1929=VECTOR('',#11032,39.3700787401575);
#1930=VECTOR('',#11035,39.3700787401575);
#1931=VECTOR('',#11036,39.3700787401575);
#1932=VECTOR('',#11037,39.3700787401575);
#1933=VECTOR('',#11038,39.3700787401575);
#1934=VECTOR('',#11039,39.3700787401575);
#1935=VECTOR('',#11040,39.3700787401575);
#1936=VECTOR('',#11041,39.3700787401575);
#1937=VECTOR('',#11042,39.3700787401575);
#1938=VECTOR('',#11043,39.3700787401575);
#1939=VECTOR('',#11044,39.3700787401575);
#1940=VECTOR('',#11045,39.3700787401575);
#1941=VECTOR('',#11046,39.3700787401575);
#1942=VECTOR('',#11047,39.3700787401575);
#1943=VECTOR('',#11048,39.3700787401575);
#1944=VECTOR('',#11049,39.3700787401575);
#1945=VECTOR('',#11050,39.3700787401575);
#1946=VECTOR('',#11051,39.3700787401575);
#1947=VECTOR('',#11052,39.3700787401575);
#1948=VECTOR('',#11053,39.3700787401575);
#1949=VECTOR('',#11054,39.3700787401575);
#1950=VECTOR('',#11055,39.3700787401575);
#1951=VECTOR('',#11058,39.3700787401575);
#1952=VECTOR('',#11063,39.3700787401575);
#1953=VECTOR('',#11068,39.3700787401575);
#1954=VECTOR('',#11073,39.3700787401575);
#1955=VECTOR('',#11078,39.3700787401575);
#1956=VECTOR('',#11083,39.3700787401575);
#1957=VECTOR('',#11088,39.3700787401575);
#1958=VECTOR('',#11093,39.3700787401575);
#1959=VECTOR('',#11098,39.3700787401575);
#1960=VECTOR('',#11103,39.3700787401575);
#1961=VECTOR('',#11108,39.3700787401575);
#1962=VECTOR('',#11113,39.3700787401575);
#1963=VECTOR('',#11118,39.3700787401575);
#1964=VECTOR('',#11123,39.3700787401575);
#1965=VECTOR('',#11128,39.3700787401575);
#1966=VECTOR('',#11133,39.3700787401575);
#1967=VECTOR('',#11138,39.3700787401575);
#1968=VECTOR('',#11143,39.3700787401575);
#1969=VECTOR('',#11148,39.3700787401575);
#1970=VECTOR('',#11153,39.3700787401575);
#1971=VECTOR('',#11160,39.3700787401575);
#1972=VECTOR('',#11161,39.3700787401575);
#1973=VECTOR('',#11162,39.3700787401575);
#1974=VECTOR('',#11163,39.3700787401575);
#1975=VECTOR('',#11164,39.3700787401575);
#1976=VECTOR('',#11165,39.3700787401575);
#1977=VECTOR('',#11166,39.3700787401575);
#1978=VECTOR('',#11167,39.3700787401575);
#1979=VECTOR('',#11168,39.3700787401575);
#1980=VECTOR('',#11169,39.3700787401575);
#1981=VECTOR('',#11170,39.3700787401575);
#1982=VECTOR('',#11171,39.3700787401575);
#1983=VECTOR('',#11172,39.3700787401575);
#1984=VECTOR('',#11173,39.3700787401575);
#1985=VECTOR('',#11174,39.3700787401575);
#1986=VECTOR('',#11175,39.3700787401575);
#1987=VECTOR('',#11176,39.3700787401575);
#1988=VECTOR('',#11177,39.3700787401575);
#1989=VECTOR('',#11178,39.3700787401575);
#1990=VECTOR('',#11179,39.3700787401575);
#1991=VECTOR('',#11180,39.3700787401575);
#1992=VECTOR('',#11223,39.3700787401575);
#1993=VECTOR('',#11226,39.3700787401575);
#1994=VECTOR('',#11227,39.3700787401575);
#1995=VECTOR('',#11228,39.3700787401575);
#1996=VECTOR('',#11229,39.3700787401575);
#1997=VECTOR('',#11230,39.3700787401575);
#1998=VECTOR('',#11231,39.3700787401575);
#1999=VECTOR('',#11232,39.3700787401575);
#2000=VECTOR('',#11233,39.3700787401575);
#2001=VECTOR('',#11234,39.3700787401575);
#2002=VECTOR('',#11235,39.3700787401575);
#2003=VECTOR('',#11236,39.3700787401575);
#2004=VECTOR('',#11237,39.3700787401575);
#2005=VECTOR('',#11238,39.3700787401575);
#2006=VECTOR('',#11239,39.3700787401575);
#2007=VECTOR('',#11240,39.3700787401575);
#2008=VECTOR('',#11241,39.3700787401575);
#2009=VECTOR('',#11242,39.3700787401575);
#2010=VECTOR('',#11243,39.3700787401575);
#2011=VECTOR('',#11244,39.3700787401575);
#2012=VECTOR('',#11245,39.3700787401575);
#2013=VECTOR('',#11288,39.3700787401575);
#2014=VECTOR('',#11289,39.3700787401575);
#2015=VECTOR('',#11292,39.3700787401575);
#2016=VECTOR('',#11293,39.3700787401575);
#2017=VECTOR('',#11296,39.3700787401575);
#2018=VECTOR('',#11297,39.3700787401575);
#2019=VECTOR('',#11300,39.3700787401575);
#2020=VECTOR('',#11301,39.3700787401575);
#2021=VECTOR('',#11304,39.3700787401575);
#2022=VECTOR('',#11305,39.3700787401575);
#2023=VECTOR('',#11308,39.3700787401575);
#2024=VECTOR('',#11309,39.3700787401575);
#2025=VECTOR('',#11312,39.3700787401575);
#2026=VECTOR('',#11313,39.3700787401575);
#2027=VECTOR('',#11316,39.3700787401575);
#2028=VECTOR('',#11317,39.3700787401575);
#2029=VECTOR('',#11320,39.3700787401575);
#2030=VECTOR('',#11321,39.3700787401575);
#2031=VECTOR('',#11324,39.3700787401575);
#2032=VECTOR('',#11325,39.3700787401575);
#2033=VECTOR('',#11328,39.3700787401575);
#2034=VECTOR('',#11329,39.3700787401575);
#2035=VECTOR('',#11332,39.3700787401575);
#2036=VECTOR('',#11333,39.3700787401575);
#2037=VECTOR('',#11336,39.3700787401575);
#2038=VECTOR('',#11337,39.3700787401575);
#2039=VECTOR('',#11340,39.3700787401575);
#2040=VECTOR('',#11341,39.3700787401575);
#2041=VECTOR('',#11344,39.3700787401575);
#2042=VECTOR('',#11345,39.3700787401575);
#2043=VECTOR('',#11348,39.3700787401575);
#2044=VECTOR('',#11349,39.3700787401575);
#2045=VECTOR('',#11352,39.3700787401575);
#2046=VECTOR('',#11353,39.3700787401575);
#2047=VECTOR('',#11356,39.3700787401575);
#2048=VECTOR('',#11357,39.3700787401575);
#2049=VECTOR('',#11360,39.3700787401575);
#2050=VECTOR('',#11361,39.3700787401575);
#2051=VECTOR('',#11364,39.3700787401575);
#2052=VECTOR('',#11403,39.3700787401575);
#2053=VECTOR('',#11406,39.3700787401575);
#2054=VECTOR('',#11417,39.3700787401575);
#2055=VECTOR('',#11418,39.3700787401575);
#2056=VECTOR('',#11419,39.3700787401575);
#2057=VECTOR('',#11420,39.3700787401575);
#2058=VECTOR('',#11423,39.3700787401575);
#2059=VECTOR('',#11424,39.3700787401575);
#2060=VECTOR('',#11425,39.3700787401575);
#2061=VECTOR('',#11426,39.3700787401575);
#2062=VECTOR('',#11429,39.3700787401575);
#2063=VECTOR('',#11430,39.3700787401575);
#2064=VECTOR('',#11433,39.3700787401575);
#2065=VECTOR('',#11434,39.3700787401575);
#2066=ORIENTED_EDGE('',*,*,#4464,.F.);
#2067=ORIENTED_EDGE('',*,*,#4465,.T.);
#2068=ORIENTED_EDGE('',*,*,#4466,.F.);
#2069=ORIENTED_EDGE('',*,*,#4467,.F.);
#2070=ORIENTED_EDGE('',*,*,#4468,.F.);
#2071=ORIENTED_EDGE('',*,*,#4469,.F.);
#2072=ORIENTED_EDGE('',*,*,#4470,.F.);
#2073=ORIENTED_EDGE('',*,*,#4471,.F.);
#2074=ORIENTED_EDGE('',*,*,#4472,.F.);
#2075=ORIENTED_EDGE('',*,*,#4473,.F.);
#2076=ORIENTED_EDGE('',*,*,#4474,.T.);
#2077=ORIENTED_EDGE('',*,*,#4475,.T.);
#2078=ORIENTED_EDGE('',*,*,#4476,.F.);
#2079=ORIENTED_EDGE('',*,*,#4477,.F.);
#2080=ORIENTED_EDGE('',*,*,#4478,.F.);
#2081=ORIENTED_EDGE('',*,*,#4479,.F.);
#2082=ORIENTED_EDGE('',*,*,#4480,.F.);
#2083=ORIENTED_EDGE('',*,*,#4481,.F.);
#2084=ORIENTED_EDGE('',*,*,#4482,.F.);
#2085=ORIENTED_EDGE('',*,*,#4483,.F.);
#2086=ORIENTED_EDGE('',*,*,#4484,.F.);
#2087=ORIENTED_EDGE('',*,*,#4485,.T.);
#2088=ORIENTED_EDGE('',*,*,#4486,.T.);
#2089=ORIENTED_EDGE('',*,*,#4487,.T.);
#2090=ORIENTED_EDGE('',*,*,#4488,.T.);
#2091=ORIENTED_EDGE('',*,*,#4489,.F.);
#2092=ORIENTED_EDGE('',*,*,#4490,.F.);
#2093=ORIENTED_EDGE('',*,*,#4491,.F.);
#2094=ORIENTED_EDGE('',*,*,#4492,.T.);
#2095=ORIENTED_EDGE('',*,*,#4493,.T.);
#2096=ORIENTED_EDGE('',*,*,#4494,.F.);
#2097=ORIENTED_EDGE('',*,*,#4495,.F.);
#2098=ORIENTED_EDGE('',*,*,#4496,.F.);
#2099=ORIENTED_EDGE('',*,*,#4497,.T.);
#2100=ORIENTED_EDGE('',*,*,#4498,.T.);
#2101=ORIENTED_EDGE('',*,*,#4499,.T.);
#2102=ORIENTED_EDGE('',*,*,#4500,.T.);
#2103=ORIENTED_EDGE('',*,*,#4501,.T.);
#2104=ORIENTED_EDGE('',*,*,#4477,.T.);
#2105=ORIENTED_EDGE('',*,*,#4502,.F.);
#2106=ORIENTED_EDGE('',*,*,#4475,.F.);
#2107=ORIENTED_EDGE('',*,*,#4503,.T.);
#2108=ORIENTED_EDGE('',*,*,#4488,.F.);
#2109=ORIENTED_EDGE('',*,*,#4504,.T.);
#2110=ORIENTED_EDGE('',*,*,#4470,.T.);
#2111=ORIENTED_EDGE('',*,*,#4505,.T.);
#2112=ORIENTED_EDGE('',*,*,#4506,.F.);
#2113=ORIENTED_EDGE('',*,*,#4498,.F.);
#2114=ORIENTED_EDGE('',*,*,#4507,.F.);
#2115=ORIENTED_EDGE('',*,*,#4492,.F.);
#2116=ORIENTED_EDGE('',*,*,#4508,.T.);
#2117=ORIENTED_EDGE('',*,*,#4509,.T.);
#2118=ORIENTED_EDGE('',*,*,#4468,.T.);
#2119=ORIENTED_EDGE('',*,*,#4510,.F.);
#2120=ORIENTED_EDGE('',*,*,#4485,.F.);
#2121=ORIENTED_EDGE('',*,*,#4511,.F.);
#2122=ORIENTED_EDGE('',*,*,#4512,.T.);
#2123=ORIENTED_EDGE('',*,*,#4513,.F.);
#2124=ORIENTED_EDGE('',*,*,#4514,.F.);
#2125=ORIENTED_EDGE('',*,*,#4490,.T.);
#2126=ORIENTED_EDGE('',*,*,#4515,.T.);
#2127=ORIENTED_EDGE('',*,*,#4516,.F.);
#2128=ORIENTED_EDGE('',*,*,#4517,.F.);
#2129=ORIENTED_EDGE('',*,*,#4518,.F.);
#2130=ORIENTED_EDGE('',*,*,#4519,.T.);
#2131=ORIENTED_EDGE('',*,*,#4496,.T.);
#2132=ORIENTED_EDGE('',*,*,#4520,.T.);
#2133=ORIENTED_EDGE('',*,*,#4521,.F.);
#2134=ORIENTED_EDGE('',*,*,#4522,.T.);
#2135=ORIENTED_EDGE('',*,*,#4483,.T.);
#2136=ORIENTED_EDGE('',*,*,#4523,.F.);
#2137=ORIENTED_EDGE('',*,*,#4494,.T.);
#2138=ORIENTED_EDGE('',*,*,#4524,.T.);
#2139=ORIENTED_EDGE('',*,*,#4525,.F.);
#2140=ORIENTED_EDGE('',*,*,#4526,.F.);
#2141=ORIENTED_EDGE('',*,*,#4512,.F.);
#2142=ORIENTED_EDGE('',*,*,#4527,.T.);
#2143=ORIENTED_EDGE('',*,*,#4528,.F.);
#2144=ORIENTED_EDGE('',*,*,#4529,.F.);
#2145=ORIENTED_EDGE('',*,*,#4530,.F.);
#2146=ORIENTED_EDGE('',*,*,#4531,.F.);
#2147=ORIENTED_EDGE('',*,*,#4514,.T.);
#2148=ORIENTED_EDGE('',*,*,#4532,.F.);
#2149=ORIENTED_EDGE('',*,*,#4533,.F.);
#2150=ORIENTED_EDGE('',*,*,#4476,.T.);
#2151=ORIENTED_EDGE('',*,*,#4502,.T.);
#2152=ORIENTED_EDGE('',*,*,#4480,.T.);
#2153=ORIENTED_EDGE('',*,*,#4534,.F.);
#2154=ORIENTED_EDGE('',*,*,#4535,.F.);
#2155=ORIENTED_EDGE('',*,*,#4536,.F.);
#2156=ORIENTED_EDGE('',*,*,#4505,.F.);
#2157=ORIENTED_EDGE('',*,*,#4466,.T.);
#2158=ORIENTED_EDGE('',*,*,#4537,.T.);
#2159=ORIENTED_EDGE('',*,*,#4538,.T.);
#2160=ORIENTED_EDGE('',*,*,#4539,.F.);
#2161=ORIENTED_EDGE('',*,*,#4471,.T.);
#2162=ORIENTED_EDGE('',*,*,#4504,.F.);
#2163=ORIENTED_EDGE('',*,*,#4487,.F.);
#2164=ORIENTED_EDGE('',*,*,#4540,.T.);
#2165=ORIENTED_EDGE('',*,*,#4541,.F.);
#2166=ORIENTED_EDGE('',*,*,#4542,.T.);
#2167=ORIENTED_EDGE('',*,*,#4543,.T.);
#2168=ORIENTED_EDGE('',*,*,#4544,.F.);
#2169=ORIENTED_EDGE('',*,*,#4499,.F.);
#2170=ORIENTED_EDGE('',*,*,#4506,.T.);
#2171=ORIENTED_EDGE('',*,*,#4536,.T.);
#2172=ORIENTED_EDGE('',*,*,#4545,.F.);
#2173=ORIENTED_EDGE('',*,*,#4546,.T.);
#2174=ORIENTED_EDGE('',*,*,#4508,.F.);
#2175=ORIENTED_EDGE('',*,*,#4500,.F.);
#2176=ORIENTED_EDGE('',*,*,#4544,.T.);
#2177=ORIENTED_EDGE('',*,*,#4467,.T.);
#2178=ORIENTED_EDGE('',*,*,#4540,.F.);
#2179=ORIENTED_EDGE('',*,*,#4486,.F.);
#2180=ORIENTED_EDGE('',*,*,#4510,.T.);
#2181=ORIENTED_EDGE('',*,*,#4547,.F.);
#2182=ORIENTED_EDGE('',*,*,#4509,.F.);
#2183=ORIENTED_EDGE('',*,*,#4546,.F.);
#2184=ORIENTED_EDGE('',*,*,#4543,.F.);
#2185=ORIENTED_EDGE('',*,*,#4548,.T.);
#2186=ORIENTED_EDGE('',*,*,#4549,.F.);
#2187=ORIENTED_EDGE('',*,*,#4491,.T.);
#2188=ORIENTED_EDGE('',*,*,#4517,.T.);
#2189=ORIENTED_EDGE('',*,*,#4550,.F.);
#2190=ORIENTED_EDGE('',*,*,#4551,.F.);
#2191=ORIENTED_EDGE('',*,*,#4520,.F.);
#2192=ORIENTED_EDGE('',*,*,#4495,.T.);
#2193=ORIENTED_EDGE('',*,*,#4526,.T.);
#2194=ORIENTED_EDGE('',*,*,#4552,.F.);
#2195=ORIENTED_EDGE('',*,*,#4553,.F.);
#2196=ORIENTED_EDGE('',*,*,#4554,.T.);
#2197=ORIENTED_EDGE('',*,*,#4541,.T.);
#2198=ORIENTED_EDGE('',*,*,#4555,.F.);
#2199=ORIENTED_EDGE('',*,*,#4538,.F.);
#2200=ORIENTED_EDGE('',*,*,#4556,.T.);
#2201=ORIENTED_EDGE('',*,*,#4557,.T.);
#2202=ORIENTED_EDGE('',*,*,#4558,.F.);
#2203=ORIENTED_EDGE('',*,*,#4557,.F.);
#2204=ORIENTED_EDGE('',*,*,#4559,.T.);
#2205=ORIENTED_EDGE('',*,*,#4553,.T.);
#2206=ORIENTED_EDGE('',*,*,#4554,.F.);
#2207=ORIENTED_EDGE('',*,*,#4559,.F.);
#2208=ORIENTED_EDGE('',*,*,#4556,.F.);
#2209=ORIENTED_EDGE('',*,*,#4537,.F.);
#2210=ORIENTED_EDGE('',*,*,#4465,.F.);
#2211=ORIENTED_EDGE('',*,*,#4548,.F.);
#2212=ORIENTED_EDGE('',*,*,#4542,.F.);
#2213=ORIENTED_EDGE('',*,*,#4552,.T.);
#2214=ORIENTED_EDGE('',*,*,#4545,.T.);
#2215=ORIENTED_EDGE('',*,*,#4535,.T.);
#2216=ORIENTED_EDGE('',*,*,#4472,.T.);
#2217=ORIENTED_EDGE('',*,*,#4539,.T.);
#2218=ORIENTED_EDGE('',*,*,#4555,.T.);
#2219=ORIENTED_EDGE('',*,*,#4558,.T.);
#2220=ORIENTED_EDGE('',*,*,#4560,.F.);
#2221=ORIENTED_EDGE('',*,*,#4532,.T.);
#2222=ORIENTED_EDGE('',*,*,#4513,.T.);
#2223=ORIENTED_EDGE('',*,*,#4529,.T.);
#2224=ORIENTED_EDGE('',*,*,#4561,.F.);
#2225=ORIENTED_EDGE('',*,*,#4562,.T.);
#2226=ORIENTED_EDGE('',*,*,#4550,.T.);
#2227=ORIENTED_EDGE('',*,*,#4563,.F.);
#2228=ORIENTED_EDGE('',*,*,#4516,.T.);
#2229=ORIENTED_EDGE('',*,*,#4473,.T.);
#2230=ORIENTED_EDGE('',*,*,#4533,.T.);
#2231=ORIENTED_EDGE('',*,*,#4479,.T.);
#2232=ORIENTED_EDGE('',*,*,#4518,.T.);
#2233=ORIENTED_EDGE('',*,*,#4564,.F.);
#2234=ORIENTED_EDGE('',*,*,#4565,.F.);
#2235=ORIENTED_EDGE('',*,*,#4563,.T.);
#2236=ORIENTED_EDGE('',*,*,#4551,.T.);
#2237=ORIENTED_EDGE('',*,*,#4566,.F.);
#2238=ORIENTED_EDGE('',*,*,#4567,.F.);
#2239=ORIENTED_EDGE('',*,*,#4564,.T.);
#2240=ORIENTED_EDGE('',*,*,#4560,.T.);
#2241=ORIENTED_EDGE('',*,*,#4528,.T.);
#2242=ORIENTED_EDGE('',*,*,#4521,.T.);
#2243=ORIENTED_EDGE('',*,*,#4568,.F.);
#2244=ORIENTED_EDGE('',*,*,#4569,.F.);
#2245=ORIENTED_EDGE('',*,*,#4566,.T.);
#2246=ORIENTED_EDGE('',*,*,#4525,.T.);
#2247=ORIENTED_EDGE('',*,*,#4530,.T.);
#2248=ORIENTED_EDGE('',*,*,#4569,.T.);
#2249=ORIENTED_EDGE('',*,*,#4570,.F.);
#2250=ORIENTED_EDGE('',*,*,#4571,.T.);
#2251=ORIENTED_EDGE('',*,*,#4561,.T.);
#2252=ORIENTED_EDGE('',*,*,#4565,.T.);
#2253=ORIENTED_EDGE('',*,*,#4567,.T.);
#2254=ORIENTED_EDGE('',*,*,#4493,.F.);
#2255=ORIENTED_EDGE('',*,*,#4507,.T.);
#2256=ORIENTED_EDGE('',*,*,#4531,.T.);
#2257=ORIENTED_EDGE('',*,*,#4524,.F.);
#2258=ORIENTED_EDGE('',*,*,#4527,.F.);
#2259=ORIENTED_EDGE('',*,*,#4511,.T.);
#2260=ORIENTED_EDGE('',*,*,#4484,.T.);
#2261=ORIENTED_EDGE('',*,*,#4522,.F.);
#2262=ORIENTED_EDGE('',*,*,#4478,.T.);
#2263=ORIENTED_EDGE('',*,*,#4501,.F.);
#2264=ORIENTED_EDGE('',*,*,#4497,.F.);
#2265=ORIENTED_EDGE('',*,*,#4519,.F.);
#2266=ORIENTED_EDGE('',*,*,#4489,.T.);
#2267=ORIENTED_EDGE('',*,*,#4503,.F.);
#2268=ORIENTED_EDGE('',*,*,#4474,.F.);
#2269=ORIENTED_EDGE('',*,*,#4515,.F.);
#2270=ORIENTED_EDGE('',*,*,#4549,.T.);
#2271=ORIENTED_EDGE('',*,*,#4562,.F.);
#2272=ORIENTED_EDGE('',*,*,#4571,.F.);
#2273=ORIENTED_EDGE('',*,*,#4572,.F.);
#2274=ORIENTED_EDGE('',*,*,#4481,.T.);
#2275=ORIENTED_EDGE('',*,*,#4482,.T.);
#2276=ORIENTED_EDGE('',*,*,#4572,.T.);
#2277=ORIENTED_EDGE('',*,*,#4570,.T.);
#2278=ORIENTED_EDGE('',*,*,#4568,.T.);
#2279=ORIENTED_EDGE('',*,*,#4523,.T.);
#2280=ORIENTED_EDGE('',*,*,#4573,.F.);
#2281=ORIENTED_EDGE('',*,*,#4534,.T.);
#2282=ORIENTED_EDGE('',*,*,#4469,.T.);
#2283=ORIENTED_EDGE('',*,*,#4573,.T.);
#2284=ORIENTED_EDGE('',*,*,#4574,.F.);
#2285=ORIENTED_EDGE('',*,*,#4547,.T.);
#2286=ORIENTED_EDGE('',*,*,#4464,.T.);
#2287=ORIENTED_EDGE('',*,*,#4574,.T.);
#2288=ORIENTED_EDGE('',*,*,#4575,.F.);
#2289=ORIENTED_EDGE('',*,*,#4576,.T.);
#2290=ORIENTED_EDGE('',*,*,#4577,.T.);
#2291=ORIENTED_EDGE('',*,*,#4578,.T.);
#2292=ORIENTED_EDGE('',*,*,#4579,.F.);
#2293=ORIENTED_EDGE('',*,*,#4580,.T.);
#2294=ORIENTED_EDGE('',*,*,#4581,.T.);
#2295=ORIENTED_EDGE('',*,*,#4582,.T.);
#2296=ORIENTED_EDGE('',*,*,#4583,.F.);
#2297=ORIENTED_EDGE('',*,*,#4584,.T.);
#2298=ORIENTED_EDGE('',*,*,#4585,.T.);
#2299=ORIENTED_EDGE('',*,*,#4586,.T.);
#2300=ORIENTED_EDGE('',*,*,#4587,.F.);
#2301=ORIENTED_EDGE('',*,*,#4588,.F.);
#2302=ORIENTED_EDGE('',*,*,#4589,.F.);
#2303=ORIENTED_EDGE('',*,*,#4590,.F.);
#2304=ORIENTED_EDGE('',*,*,#4591,.F.);
#2305=ORIENTED_EDGE('',*,*,#4592,.F.);
#2306=ORIENTED_EDGE('',*,*,#4593,.F.);
#2307=ORIENTED_EDGE('',*,*,#4594,.F.);
#2308=ORIENTED_EDGE('',*,*,#4595,.F.);
#2309=ORIENTED_EDGE('',*,*,#4596,.F.);
#2310=ORIENTED_EDGE('',*,*,#4597,.F.);
#2311=ORIENTED_EDGE('',*,*,#4598,.F.);
#2312=ORIENTED_EDGE('',*,*,#4588,.T.);
#2313=ORIENTED_EDGE('',*,*,#4599,.T.);
#2314=ORIENTED_EDGE('',*,*,#4586,.F.);
#2315=ORIENTED_EDGE('',*,*,#4600,.F.);
#2316=ORIENTED_EDGE('',*,*,#4576,.F.);
#2317=ORIENTED_EDGE('',*,*,#4601,.T.);
#2318=ORIENTED_EDGE('',*,*,#4598,.T.);
#2319=ORIENTED_EDGE('',*,*,#4602,.T.);
#2320=ORIENTED_EDGE('',*,*,#4603,.F.);
#2321=ORIENTED_EDGE('',*,*,#4604,.F.);
#2322=ORIENTED_EDGE('',*,*,#4605,.T.);
#2323=ORIENTED_EDGE('',*,*,#4606,.F.);
#2324=ORIENTED_EDGE('',*,*,#4607,.F.);
#2325=ORIENTED_EDGE('',*,*,#4608,.F.);
#2326=ORIENTED_EDGE('',*,*,#4609,.T.);
#2327=ORIENTED_EDGE('',*,*,#4610,.F.);
#2328=ORIENTED_EDGE('',*,*,#4611,.F.);
#2329=ORIENTED_EDGE('',*,*,#4612,.F.);
#2330=ORIENTED_EDGE('',*,*,#4613,.T.);
#2331=ORIENTED_EDGE('',*,*,#4614,.F.);
#2332=ORIENTED_EDGE('',*,*,#4615,.F.);
#2333=ORIENTED_EDGE('',*,*,#4616,.F.);
#2334=ORIENTED_EDGE('',*,*,#4617,.T.);
#2335=ORIENTED_EDGE('',*,*,#4618,.F.);
#2336=ORIENTED_EDGE('',*,*,#4619,.F.);
#2337=ORIENTED_EDGE('',*,*,#4620,.F.);
#2338=ORIENTED_EDGE('',*,*,#4621,.T.);
#2339=ORIENTED_EDGE('',*,*,#4622,.F.);
#2340=ORIENTED_EDGE('',*,*,#4623,.F.);
#2341=ORIENTED_EDGE('',*,*,#4624,.F.);
#2342=ORIENTED_EDGE('',*,*,#4625,.T.);
#2343=ORIENTED_EDGE('',*,*,#4626,.F.);
#2344=ORIENTED_EDGE('',*,*,#4627,.F.);
#2345=ORIENTED_EDGE('',*,*,#4628,.F.);
#2346=ORIENTED_EDGE('',*,*,#4629,.T.);
#2347=ORIENTED_EDGE('',*,*,#4630,.F.);
#2348=ORIENTED_EDGE('',*,*,#4631,.F.);
#2349=ORIENTED_EDGE('',*,*,#4632,.F.);
#2350=ORIENTED_EDGE('',*,*,#4633,.T.);
#2351=ORIENTED_EDGE('',*,*,#4634,.F.);
#2352=ORIENTED_EDGE('',*,*,#4635,.F.);
#2353=ORIENTED_EDGE('',*,*,#4636,.F.);
#2354=ORIENTED_EDGE('',*,*,#4637,.T.);
#2355=ORIENTED_EDGE('',*,*,#4638,.F.);
#2356=ORIENTED_EDGE('',*,*,#4639,.F.);
#2357=ORIENTED_EDGE('',*,*,#4640,.F.);
#2358=ORIENTED_EDGE('',*,*,#4641,.T.);
#2359=ORIENTED_EDGE('',*,*,#4642,.F.);
#2360=ORIENTED_EDGE('',*,*,#4643,.F.);
#2361=ORIENTED_EDGE('',*,*,#4644,.F.);
#2362=ORIENTED_EDGE('',*,*,#4645,.T.);
#2363=ORIENTED_EDGE('',*,*,#4646,.F.);
#2364=ORIENTED_EDGE('',*,*,#4647,.F.);
#2365=ORIENTED_EDGE('',*,*,#4648,.F.);
#2366=ORIENTED_EDGE('',*,*,#4649,.T.);
#2367=ORIENTED_EDGE('',*,*,#4650,.F.);
#2368=ORIENTED_EDGE('',*,*,#4651,.F.);
#2369=ORIENTED_EDGE('',*,*,#4652,.F.);
#2370=ORIENTED_EDGE('',*,*,#4653,.T.);
#2371=ORIENTED_EDGE('',*,*,#4654,.F.);
#2372=ORIENTED_EDGE('',*,*,#4655,.F.);
#2373=ORIENTED_EDGE('',*,*,#4656,.F.);
#2374=ORIENTED_EDGE('',*,*,#4657,.T.);
#2375=ORIENTED_EDGE('',*,*,#4658,.F.);
#2376=ORIENTED_EDGE('',*,*,#4659,.F.);
#2377=ORIENTED_EDGE('',*,*,#4660,.F.);
#2378=ORIENTED_EDGE('',*,*,#4661,.T.);
#2379=ORIENTED_EDGE('',*,*,#4662,.F.);
#2380=ORIENTED_EDGE('',*,*,#4663,.F.);
#2381=ORIENTED_EDGE('',*,*,#4664,.F.);
#2382=ORIENTED_EDGE('',*,*,#4665,.T.);
#2383=ORIENTED_EDGE('',*,*,#4666,.F.);
#2384=ORIENTED_EDGE('',*,*,#4667,.F.);
#2385=ORIENTED_EDGE('',*,*,#4668,.F.);
#2386=ORIENTED_EDGE('',*,*,#4669,.T.);
#2387=ORIENTED_EDGE('',*,*,#4670,.F.);
#2388=ORIENTED_EDGE('',*,*,#4671,.F.);
#2389=ORIENTED_EDGE('',*,*,#4672,.F.);
#2390=ORIENTED_EDGE('',*,*,#4673,.T.);
#2391=ORIENTED_EDGE('',*,*,#4674,.F.);
#2392=ORIENTED_EDGE('',*,*,#4675,.F.);
#2393=ORIENTED_EDGE('',*,*,#4676,.F.);
#2394=ORIENTED_EDGE('',*,*,#4677,.T.);
#2395=ORIENTED_EDGE('',*,*,#4678,.F.);
#2396=ORIENTED_EDGE('',*,*,#4679,.F.);
#2397=ORIENTED_EDGE('',*,*,#4680,.F.);
#2398=ORIENTED_EDGE('',*,*,#4681,.T.);
#2399=ORIENTED_EDGE('',*,*,#4682,.F.);
#2400=ORIENTED_EDGE('',*,*,#4683,.F.);
#2401=ORIENTED_EDGE('',*,*,#4684,.F.);
#2402=ORIENTED_EDGE('',*,*,#4685,.T.);
#2403=ORIENTED_EDGE('',*,*,#4686,.F.);
#2404=ORIENTED_EDGE('',*,*,#4687,.F.);
#2405=ORIENTED_EDGE('',*,*,#4688,.F.);
#2406=ORIENTED_EDGE('',*,*,#4689,.T.);
#2407=ORIENTED_EDGE('',*,*,#4690,.F.);
#2408=ORIENTED_EDGE('',*,*,#4691,.F.);
#2409=ORIENTED_EDGE('',*,*,#4692,.F.);
#2410=ORIENTED_EDGE('',*,*,#4693,.T.);
#2411=ORIENTED_EDGE('',*,*,#4694,.F.);
#2412=ORIENTED_EDGE('',*,*,#4695,.F.);
#2413=ORIENTED_EDGE('',*,*,#4696,.F.);
#2414=ORIENTED_EDGE('',*,*,#4697,.T.);
#2415=ORIENTED_EDGE('',*,*,#4698,.F.);
#2416=ORIENTED_EDGE('',*,*,#4699,.F.);
#2417=ORIENTED_EDGE('',*,*,#4700,.F.);
#2418=ORIENTED_EDGE('',*,*,#4701,.T.);
#2419=ORIENTED_EDGE('',*,*,#4702,.F.);
#2420=ORIENTED_EDGE('',*,*,#4703,.F.);
#2421=ORIENTED_EDGE('',*,*,#4704,.F.);
#2422=ORIENTED_EDGE('',*,*,#4705,.T.);
#2423=ORIENTED_EDGE('',*,*,#4706,.F.);
#2424=ORIENTED_EDGE('',*,*,#4707,.F.);
#2425=ORIENTED_EDGE('',*,*,#4708,.F.);
#2426=ORIENTED_EDGE('',*,*,#4709,.T.);
#2427=ORIENTED_EDGE('',*,*,#4710,.F.);
#2428=ORIENTED_EDGE('',*,*,#4711,.F.);
#2429=ORIENTED_EDGE('',*,*,#4712,.F.);
#2430=ORIENTED_EDGE('',*,*,#4713,.T.);
#2431=ORIENTED_EDGE('',*,*,#4714,.F.);
#2432=ORIENTED_EDGE('',*,*,#4715,.F.);
#2433=ORIENTED_EDGE('',*,*,#4716,.F.);
#2434=ORIENTED_EDGE('',*,*,#4717,.T.);
#2435=ORIENTED_EDGE('',*,*,#4718,.F.);
#2436=ORIENTED_EDGE('',*,*,#4719,.F.);
#2437=ORIENTED_EDGE('',*,*,#4720,.F.);
#2438=ORIENTED_EDGE('',*,*,#4721,.T.);
#2439=ORIENTED_EDGE('',*,*,#4722,.F.);
#2440=ORIENTED_EDGE('',*,*,#4723,.F.);
#2441=ORIENTED_EDGE('',*,*,#4724,.F.);
#2442=ORIENTED_EDGE('',*,*,#4725,.T.);
#2443=ORIENTED_EDGE('',*,*,#4726,.F.);
#2444=ORIENTED_EDGE('',*,*,#4727,.F.);
#2445=ORIENTED_EDGE('',*,*,#4728,.F.);
#2446=ORIENTED_EDGE('',*,*,#4729,.T.);
#2447=ORIENTED_EDGE('',*,*,#4730,.F.);
#2448=ORIENTED_EDGE('',*,*,#4731,.F.);
#2449=ORIENTED_EDGE('',*,*,#4732,.F.);
#2450=ORIENTED_EDGE('',*,*,#4733,.T.);
#2451=ORIENTED_EDGE('',*,*,#4734,.F.);
#2452=ORIENTED_EDGE('',*,*,#4735,.F.);
#2453=ORIENTED_EDGE('',*,*,#4736,.F.);
#2454=ORIENTED_EDGE('',*,*,#4737,.T.);
#2455=ORIENTED_EDGE('',*,*,#4738,.F.);
#2456=ORIENTED_EDGE('',*,*,#4739,.F.);
#2457=ORIENTED_EDGE('',*,*,#4740,.F.);
#2458=ORIENTED_EDGE('',*,*,#4741,.T.);
#2459=ORIENTED_EDGE('',*,*,#4742,.F.);
#2460=ORIENTED_EDGE('',*,*,#4743,.F.);
#2461=ORIENTED_EDGE('',*,*,#4744,.F.);
#2462=ORIENTED_EDGE('',*,*,#4745,.T.);
#2463=ORIENTED_EDGE('',*,*,#4746,.F.);
#2464=ORIENTED_EDGE('',*,*,#4747,.F.);
#2465=ORIENTED_EDGE('',*,*,#4748,.F.);
#2466=ORIENTED_EDGE('',*,*,#4749,.T.);
#2467=ORIENTED_EDGE('',*,*,#4750,.F.);
#2468=ORIENTED_EDGE('',*,*,#4751,.F.);
#2469=ORIENTED_EDGE('',*,*,#4752,.F.);
#2470=ORIENTED_EDGE('',*,*,#4753,.T.);
#2471=ORIENTED_EDGE('',*,*,#4754,.F.);
#2472=ORIENTED_EDGE('',*,*,#4755,.F.);
#2473=ORIENTED_EDGE('',*,*,#4756,.F.);
#2474=ORIENTED_EDGE('',*,*,#4757,.T.);
#2475=ORIENTED_EDGE('',*,*,#4758,.F.);
#2476=ORIENTED_EDGE('',*,*,#4759,.F.);
#2477=ORIENTED_EDGE('',*,*,#4760,.F.);
#2478=ORIENTED_EDGE('',*,*,#4761,.T.);
#2479=ORIENTED_EDGE('',*,*,#4762,.F.);
#2480=ORIENTED_EDGE('',*,*,#4763,.T.);
#2481=ORIENTED_EDGE('',*,*,#4764,.F.);
#2482=ORIENTED_EDGE('',*,*,#4605,.F.);
#2483=ORIENTED_EDGE('',*,*,#4765,.F.);
#2484=ORIENTED_EDGE('',*,*,#4766,.T.);
#2485=ORIENTED_EDGE('',*,*,#4767,.F.);
#2486=ORIENTED_EDGE('',*,*,#4609,.F.);
#2487=ORIENTED_EDGE('',*,*,#4768,.F.);
#2488=ORIENTED_EDGE('',*,*,#4769,.T.);
#2489=ORIENTED_EDGE('',*,*,#4770,.F.);
#2490=ORIENTED_EDGE('',*,*,#4613,.F.);
#2491=ORIENTED_EDGE('',*,*,#4771,.F.);
#2492=ORIENTED_EDGE('',*,*,#4772,.T.);
#2493=ORIENTED_EDGE('',*,*,#4773,.F.);
#2494=ORIENTED_EDGE('',*,*,#4617,.F.);
#2495=ORIENTED_EDGE('',*,*,#4774,.F.);
#2496=ORIENTED_EDGE('',*,*,#4775,.T.);
#2497=ORIENTED_EDGE('',*,*,#4776,.F.);
#2498=ORIENTED_EDGE('',*,*,#4621,.F.);
#2499=ORIENTED_EDGE('',*,*,#4777,.F.);
#2500=ORIENTED_EDGE('',*,*,#4778,.T.);
#2501=ORIENTED_EDGE('',*,*,#4779,.F.);
#2502=ORIENTED_EDGE('',*,*,#4625,.F.);
#2503=ORIENTED_EDGE('',*,*,#4780,.F.);
#2504=ORIENTED_EDGE('',*,*,#4781,.T.);
#2505=ORIENTED_EDGE('',*,*,#4782,.F.);
#2506=ORIENTED_EDGE('',*,*,#4629,.F.);
#2507=ORIENTED_EDGE('',*,*,#4783,.F.);
#2508=ORIENTED_EDGE('',*,*,#4784,.T.);
#2509=ORIENTED_EDGE('',*,*,#4785,.F.);
#2510=ORIENTED_EDGE('',*,*,#4633,.F.);
#2511=ORIENTED_EDGE('',*,*,#4786,.F.);
#2512=ORIENTED_EDGE('',*,*,#4787,.T.);
#2513=ORIENTED_EDGE('',*,*,#4788,.F.);
#2514=ORIENTED_EDGE('',*,*,#4637,.F.);
#2515=ORIENTED_EDGE('',*,*,#4789,.F.);
#2516=ORIENTED_EDGE('',*,*,#4790,.T.);
#2517=ORIENTED_EDGE('',*,*,#4791,.F.);
#2518=ORIENTED_EDGE('',*,*,#4641,.F.);
#2519=ORIENTED_EDGE('',*,*,#4792,.F.);
#2520=ORIENTED_EDGE('',*,*,#4793,.T.);
#2521=ORIENTED_EDGE('',*,*,#4794,.F.);
#2522=ORIENTED_EDGE('',*,*,#4645,.F.);
#2523=ORIENTED_EDGE('',*,*,#4795,.F.);
#2524=ORIENTED_EDGE('',*,*,#4796,.T.);
#2525=ORIENTED_EDGE('',*,*,#4797,.F.);
#2526=ORIENTED_EDGE('',*,*,#4649,.F.);
#2527=ORIENTED_EDGE('',*,*,#4798,.F.);
#2528=ORIENTED_EDGE('',*,*,#4799,.T.);
#2529=ORIENTED_EDGE('',*,*,#4800,.F.);
#2530=ORIENTED_EDGE('',*,*,#4653,.F.);
#2531=ORIENTED_EDGE('',*,*,#4801,.F.);
#2532=ORIENTED_EDGE('',*,*,#4802,.T.);
#2533=ORIENTED_EDGE('',*,*,#4803,.F.);
#2534=ORIENTED_EDGE('',*,*,#4657,.F.);
#2535=ORIENTED_EDGE('',*,*,#4804,.F.);
#2536=ORIENTED_EDGE('',*,*,#4805,.T.);
#2537=ORIENTED_EDGE('',*,*,#4806,.F.);
#2538=ORIENTED_EDGE('',*,*,#4661,.F.);
#2539=ORIENTED_EDGE('',*,*,#4807,.F.);
#2540=ORIENTED_EDGE('',*,*,#4808,.T.);
#2541=ORIENTED_EDGE('',*,*,#4809,.F.);
#2542=ORIENTED_EDGE('',*,*,#4665,.F.);
#2543=ORIENTED_EDGE('',*,*,#4810,.F.);
#2544=ORIENTED_EDGE('',*,*,#4811,.T.);
#2545=ORIENTED_EDGE('',*,*,#4812,.F.);
#2546=ORIENTED_EDGE('',*,*,#4669,.F.);
#2547=ORIENTED_EDGE('',*,*,#4813,.F.);
#2548=ORIENTED_EDGE('',*,*,#4814,.T.);
#2549=ORIENTED_EDGE('',*,*,#4815,.F.);
#2550=ORIENTED_EDGE('',*,*,#4673,.F.);
#2551=ORIENTED_EDGE('',*,*,#4816,.F.);
#2552=ORIENTED_EDGE('',*,*,#4817,.T.);
#2553=ORIENTED_EDGE('',*,*,#4818,.F.);
#2554=ORIENTED_EDGE('',*,*,#4677,.F.);
#2555=ORIENTED_EDGE('',*,*,#4819,.F.);
#2556=ORIENTED_EDGE('',*,*,#4820,.T.);
#2557=ORIENTED_EDGE('',*,*,#4821,.F.);
#2558=ORIENTED_EDGE('',*,*,#4681,.F.);
#2559=ORIENTED_EDGE('',*,*,#4822,.F.);
#2560=ORIENTED_EDGE('',*,*,#4823,.T.);
#2561=ORIENTED_EDGE('',*,*,#4824,.T.);
#2562=ORIENTED_EDGE('',*,*,#4825,.T.);
#2563=ORIENTED_EDGE('',*,*,#4826,.T.);
#2564=ORIENTED_EDGE('',*,*,#4682,.T.);
#2565=ORIENTED_EDGE('',*,*,#4821,.T.);
#2566=ORIENTED_EDGE('',*,*,#4827,.F.);
#2567=ORIENTED_EDGE('',*,*,#4828,.T.);
#2568=ORIENTED_EDGE('',*,*,#4829,.T.);
#2569=ORIENTED_EDGE('',*,*,#4830,.T.);
#2570=ORIENTED_EDGE('',*,*,#4831,.F.);
#2571=ORIENTED_EDGE('',*,*,#4832,.T.);
#2572=ORIENTED_EDGE('',*,*,#4684,.T.);
#2573=ORIENTED_EDGE('',*,*,#4833,.T.);
#2574=ORIENTED_EDGE('',*,*,#4834,.T.);
#2575=ORIENTED_EDGE('',*,*,#4835,.T.);
#2576=ORIENTED_EDGE('',*,*,#4579,.T.);
#2577=ORIENTED_EDGE('',*,*,#4836,.T.);
#2578=ORIENTED_EDGE('',*,*,#4823,.F.);
#2579=ORIENTED_EDGE('',*,*,#4837,.T.);
#2580=ORIENTED_EDGE('',*,*,#4583,.T.);
#2581=ORIENTED_EDGE('',*,*,#4838,.T.);
#2582=ORIENTED_EDGE('',*,*,#4829,.F.);
#2583=ORIENTED_EDGE('',*,*,#4839,.T.);
#2584=ORIENTED_EDGE('',*,*,#4840,.T.);
#2585=ORIENTED_EDGE('',*,*,#4841,.T.);
#2586=ORIENTED_EDGE('',*,*,#4842,.T.);
#2587=ORIENTED_EDGE('',*,*,#4843,.T.);
#2588=ORIENTED_EDGE('',*,*,#4678,.T.);
#2589=ORIENTED_EDGE('',*,*,#4818,.T.);
#2590=ORIENTED_EDGE('',*,*,#4844,.F.);
#2591=ORIENTED_EDGE('',*,*,#4845,.T.);
#2592=ORIENTED_EDGE('',*,*,#4846,.T.);
#2593=ORIENTED_EDGE('',*,*,#4847,.T.);
#2594=ORIENTED_EDGE('',*,*,#4848,.F.);
#2595=ORIENTED_EDGE('',*,*,#4849,.T.);
#2596=ORIENTED_EDGE('',*,*,#4688,.T.);
#2597=ORIENTED_EDGE('',*,*,#4850,.T.);
#2598=ORIENTED_EDGE('',*,*,#4851,.T.);
#2599=ORIENTED_EDGE('',*,*,#4852,.T.);
#2600=ORIENTED_EDGE('',*,*,#4853,.T.);
#2601=ORIENTED_EDGE('',*,*,#4854,.T.);
#2602=ORIENTED_EDGE('',*,*,#4855,.F.);
#2603=ORIENTED_EDGE('',*,*,#4856,.T.);
#2604=ORIENTED_EDGE('',*,*,#4857,.F.);
#2605=ORIENTED_EDGE('',*,*,#4822,.T.);
#2606=ORIENTED_EDGE('',*,*,#4680,.T.);
#2607=ORIENTED_EDGE('',*,*,#4858,.T.);
#2608=ORIENTED_EDGE('',*,*,#4859,.F.);
#2609=ORIENTED_EDGE('',*,*,#4860,.T.);
#2610=ORIENTED_EDGE('',*,*,#4861,.F.);
#2611=ORIENTED_EDGE('',*,*,#4862,.T.);
#2612=ORIENTED_EDGE('',*,*,#4863,.T.);
#2613=ORIENTED_EDGE('',*,*,#4864,.T.);
#2614=ORIENTED_EDGE('',*,*,#4686,.T.);
#2615=ORIENTED_EDGE('',*,*,#4865,.T.);
#2616=ORIENTED_EDGE('',*,*,#4855,.T.);
#2617=ORIENTED_EDGE('',*,*,#4866,.T.);
#2618=ORIENTED_EDGE('',*,*,#4840,.F.);
#2619=ORIENTED_EDGE('',*,*,#4867,.T.);
#2620=ORIENTED_EDGE('',*,*,#4861,.T.);
#2621=ORIENTED_EDGE('',*,*,#4868,.T.);
#2622=ORIENTED_EDGE('',*,*,#4846,.F.);
#2623=ORIENTED_EDGE('',*,*,#4869,.T.);
#2624=ORIENTED_EDGE('',*,*,#4870,.T.);
#2625=ORIENTED_EDGE('',*,*,#4871,.T.);
#2626=ORIENTED_EDGE('',*,*,#4872,.T.);
#2627=ORIENTED_EDGE('',*,*,#4873,.T.);
#2628=ORIENTED_EDGE('',*,*,#4674,.T.);
#2629=ORIENTED_EDGE('',*,*,#4815,.T.);
#2630=ORIENTED_EDGE('',*,*,#4874,.F.);
#2631=ORIENTED_EDGE('',*,*,#4875,.T.);
#2632=ORIENTED_EDGE('',*,*,#4876,.T.);
#2633=ORIENTED_EDGE('',*,*,#4877,.T.);
#2634=ORIENTED_EDGE('',*,*,#4878,.F.);
#2635=ORIENTED_EDGE('',*,*,#4879,.T.);
#2636=ORIENTED_EDGE('',*,*,#4692,.T.);
#2637=ORIENTED_EDGE('',*,*,#4880,.T.);
#2638=ORIENTED_EDGE('',*,*,#4881,.T.);
#2639=ORIENTED_EDGE('',*,*,#4882,.T.);
#2640=ORIENTED_EDGE('',*,*,#4883,.T.);
#2641=ORIENTED_EDGE('',*,*,#4884,.T.);
#2642=ORIENTED_EDGE('',*,*,#4885,.F.);
#2643=ORIENTED_EDGE('',*,*,#4886,.T.);
#2644=ORIENTED_EDGE('',*,*,#4887,.F.);
#2645=ORIENTED_EDGE('',*,*,#4819,.T.);
#2646=ORIENTED_EDGE('',*,*,#4676,.T.);
#2647=ORIENTED_EDGE('',*,*,#4888,.T.);
#2648=ORIENTED_EDGE('',*,*,#4889,.F.);
#2649=ORIENTED_EDGE('',*,*,#4890,.T.);
#2650=ORIENTED_EDGE('',*,*,#4891,.F.);
#2651=ORIENTED_EDGE('',*,*,#4892,.T.);
#2652=ORIENTED_EDGE('',*,*,#4893,.T.);
#2653=ORIENTED_EDGE('',*,*,#4894,.T.);
#2654=ORIENTED_EDGE('',*,*,#4690,.T.);
#2655=ORIENTED_EDGE('',*,*,#4895,.T.);
#2656=ORIENTED_EDGE('',*,*,#4885,.T.);
#2657=ORIENTED_EDGE('',*,*,#4896,.T.);
#2658=ORIENTED_EDGE('',*,*,#4870,.F.);
#2659=ORIENTED_EDGE('',*,*,#4897,.T.);
#2660=ORIENTED_EDGE('',*,*,#4891,.T.);
#2661=ORIENTED_EDGE('',*,*,#4898,.T.);
#2662=ORIENTED_EDGE('',*,*,#4876,.F.);
#2663=ORIENTED_EDGE('',*,*,#4899,.T.);
#2664=ORIENTED_EDGE('',*,*,#4900,.T.);
#2665=ORIENTED_EDGE('',*,*,#4901,.T.);
#2666=ORIENTED_EDGE('',*,*,#4902,.T.);
#2667=ORIENTED_EDGE('',*,*,#4903,.T.);
#2668=ORIENTED_EDGE('',*,*,#4670,.T.);
#2669=ORIENTED_EDGE('',*,*,#4812,.T.);
#2670=ORIENTED_EDGE('',*,*,#4904,.F.);
#2671=ORIENTED_EDGE('',*,*,#4905,.T.);
#2672=ORIENTED_EDGE('',*,*,#4906,.T.);
#2673=ORIENTED_EDGE('',*,*,#4907,.T.);
#2674=ORIENTED_EDGE('',*,*,#4908,.F.);
#2675=ORIENTED_EDGE('',*,*,#4909,.T.);
#2676=ORIENTED_EDGE('',*,*,#4696,.T.);
#2677=ORIENTED_EDGE('',*,*,#4910,.T.);
#2678=ORIENTED_EDGE('',*,*,#4911,.T.);
#2679=ORIENTED_EDGE('',*,*,#4912,.T.);
#2680=ORIENTED_EDGE('',*,*,#4913,.T.);
#2681=ORIENTED_EDGE('',*,*,#4914,.T.);
#2682=ORIENTED_EDGE('',*,*,#4915,.F.);
#2683=ORIENTED_EDGE('',*,*,#4916,.T.);
#2684=ORIENTED_EDGE('',*,*,#4917,.F.);
#2685=ORIENTED_EDGE('',*,*,#4816,.T.);
#2686=ORIENTED_EDGE('',*,*,#4672,.T.);
#2687=ORIENTED_EDGE('',*,*,#4918,.T.);
#2688=ORIENTED_EDGE('',*,*,#4919,.F.);
#2689=ORIENTED_EDGE('',*,*,#4920,.T.);
#2690=ORIENTED_EDGE('',*,*,#4921,.F.);
#2691=ORIENTED_EDGE('',*,*,#4922,.T.);
#2692=ORIENTED_EDGE('',*,*,#4923,.T.);
#2693=ORIENTED_EDGE('',*,*,#4924,.T.);
#2694=ORIENTED_EDGE('',*,*,#4694,.T.);
#2695=ORIENTED_EDGE('',*,*,#4925,.T.);
#2696=ORIENTED_EDGE('',*,*,#4915,.T.);
#2697=ORIENTED_EDGE('',*,*,#4926,.T.);
#2698=ORIENTED_EDGE('',*,*,#4900,.F.);
#2699=ORIENTED_EDGE('',*,*,#4927,.T.);
#2700=ORIENTED_EDGE('',*,*,#4921,.T.);
#2701=ORIENTED_EDGE('',*,*,#4928,.T.);
#2702=ORIENTED_EDGE('',*,*,#4906,.F.);
#2703=ORIENTED_EDGE('',*,*,#4929,.T.);
#2704=ORIENTED_EDGE('',*,*,#4930,.T.);
#2705=ORIENTED_EDGE('',*,*,#4931,.T.);
#2706=ORIENTED_EDGE('',*,*,#4932,.T.);
#2707=ORIENTED_EDGE('',*,*,#4933,.T.);
#2708=ORIENTED_EDGE('',*,*,#4666,.T.);
#2709=ORIENTED_EDGE('',*,*,#4809,.T.);
#2710=ORIENTED_EDGE('',*,*,#4934,.F.);
#2711=ORIENTED_EDGE('',*,*,#4935,.T.);
#2712=ORIENTED_EDGE('',*,*,#4936,.T.);
#2713=ORIENTED_EDGE('',*,*,#4937,.T.);
#2714=ORIENTED_EDGE('',*,*,#4938,.F.);
#2715=ORIENTED_EDGE('',*,*,#4939,.T.);
#2716=ORIENTED_EDGE('',*,*,#4700,.T.);
#2717=ORIENTED_EDGE('',*,*,#4940,.T.);
#2718=ORIENTED_EDGE('',*,*,#4941,.T.);
#2719=ORIENTED_EDGE('',*,*,#4942,.T.);
#2720=ORIENTED_EDGE('',*,*,#4943,.T.);
#2721=ORIENTED_EDGE('',*,*,#4944,.T.);
#2722=ORIENTED_EDGE('',*,*,#4945,.F.);
#2723=ORIENTED_EDGE('',*,*,#4946,.T.);
#2724=ORIENTED_EDGE('',*,*,#4947,.F.);
#2725=ORIENTED_EDGE('',*,*,#4813,.T.);
#2726=ORIENTED_EDGE('',*,*,#4668,.T.);
#2727=ORIENTED_EDGE('',*,*,#4948,.T.);
#2728=ORIENTED_EDGE('',*,*,#4949,.F.);
#2729=ORIENTED_EDGE('',*,*,#4950,.T.);
#2730=ORIENTED_EDGE('',*,*,#4951,.F.);
#2731=ORIENTED_EDGE('',*,*,#4952,.T.);
#2732=ORIENTED_EDGE('',*,*,#4953,.T.);
#2733=ORIENTED_EDGE('',*,*,#4954,.T.);
#2734=ORIENTED_EDGE('',*,*,#4698,.T.);
#2735=ORIENTED_EDGE('',*,*,#4955,.T.);
#2736=ORIENTED_EDGE('',*,*,#4945,.T.);
#2737=ORIENTED_EDGE('',*,*,#4956,.T.);
#2738=ORIENTED_EDGE('',*,*,#4930,.F.);
#2739=ORIENTED_EDGE('',*,*,#4957,.T.);
#2740=ORIENTED_EDGE('',*,*,#4951,.T.);
#2741=ORIENTED_EDGE('',*,*,#4958,.T.);
#2742=ORIENTED_EDGE('',*,*,#4936,.F.);
#2743=ORIENTED_EDGE('',*,*,#4959,.T.);
#2744=ORIENTED_EDGE('',*,*,#4960,.T.);
#2745=ORIENTED_EDGE('',*,*,#4961,.T.);
#2746=ORIENTED_EDGE('',*,*,#4962,.T.);
#2747=ORIENTED_EDGE('',*,*,#4963,.T.);
#2748=ORIENTED_EDGE('',*,*,#4662,.T.);
#2749=ORIENTED_EDGE('',*,*,#4806,.T.);
#2750=ORIENTED_EDGE('',*,*,#4964,.F.);
#2751=ORIENTED_EDGE('',*,*,#4965,.T.);
#2752=ORIENTED_EDGE('',*,*,#4966,.T.);
#2753=ORIENTED_EDGE('',*,*,#4967,.T.);
#2754=ORIENTED_EDGE('',*,*,#4968,.F.);
#2755=ORIENTED_EDGE('',*,*,#4969,.T.);
#2756=ORIENTED_EDGE('',*,*,#4704,.T.);
#2757=ORIENTED_EDGE('',*,*,#4970,.T.);
#2758=ORIENTED_EDGE('',*,*,#4971,.T.);
#2759=ORIENTED_EDGE('',*,*,#4972,.T.);
#2760=ORIENTED_EDGE('',*,*,#4973,.T.);
#2761=ORIENTED_EDGE('',*,*,#4974,.T.);
#2762=ORIENTED_EDGE('',*,*,#4975,.F.);
#2763=ORIENTED_EDGE('',*,*,#4976,.T.);
#2764=ORIENTED_EDGE('',*,*,#4977,.F.);
#2765=ORIENTED_EDGE('',*,*,#4810,.T.);
#2766=ORIENTED_EDGE('',*,*,#4664,.T.);
#2767=ORIENTED_EDGE('',*,*,#4978,.T.);
#2768=ORIENTED_EDGE('',*,*,#4979,.F.);
#2769=ORIENTED_EDGE('',*,*,#4980,.T.);
#2770=ORIENTED_EDGE('',*,*,#4981,.F.);
#2771=ORIENTED_EDGE('',*,*,#4982,.T.);
#2772=ORIENTED_EDGE('',*,*,#4983,.T.);
#2773=ORIENTED_EDGE('',*,*,#4984,.T.);
#2774=ORIENTED_EDGE('',*,*,#4702,.T.);
#2775=ORIENTED_EDGE('',*,*,#4985,.T.);
#2776=ORIENTED_EDGE('',*,*,#4975,.T.);
#2777=ORIENTED_EDGE('',*,*,#4986,.T.);
#2778=ORIENTED_EDGE('',*,*,#4960,.F.);
#2779=ORIENTED_EDGE('',*,*,#4987,.T.);
#2780=ORIENTED_EDGE('',*,*,#4981,.T.);
#2781=ORIENTED_EDGE('',*,*,#4988,.T.);
#2782=ORIENTED_EDGE('',*,*,#4966,.F.);
#2783=ORIENTED_EDGE('',*,*,#4989,.T.);
#2784=ORIENTED_EDGE('',*,*,#4990,.T.);
#2785=ORIENTED_EDGE('',*,*,#4991,.T.);
#2786=ORIENTED_EDGE('',*,*,#4992,.T.);
#2787=ORIENTED_EDGE('',*,*,#4993,.T.);
#2788=ORIENTED_EDGE('',*,*,#4658,.T.);
#2789=ORIENTED_EDGE('',*,*,#4803,.T.);
#2790=ORIENTED_EDGE('',*,*,#4994,.F.);
#2791=ORIENTED_EDGE('',*,*,#4995,.T.);
#2792=ORIENTED_EDGE('',*,*,#4996,.T.);
#2793=ORIENTED_EDGE('',*,*,#4997,.T.);
#2794=ORIENTED_EDGE('',*,*,#4998,.F.);
#2795=ORIENTED_EDGE('',*,*,#4999,.T.);
#2796=ORIENTED_EDGE('',*,*,#4708,.T.);
#2797=ORIENTED_EDGE('',*,*,#5000,.T.);
#2798=ORIENTED_EDGE('',*,*,#5001,.T.);
#2799=ORIENTED_EDGE('',*,*,#5002,.T.);
#2800=ORIENTED_EDGE('',*,*,#5003,.T.);
#2801=ORIENTED_EDGE('',*,*,#5004,.T.);
#2802=ORIENTED_EDGE('',*,*,#5005,.F.);
#2803=ORIENTED_EDGE('',*,*,#5006,.T.);
#2804=ORIENTED_EDGE('',*,*,#5007,.F.);
#2805=ORIENTED_EDGE('',*,*,#4807,.T.);
#2806=ORIENTED_EDGE('',*,*,#4660,.T.);
#2807=ORIENTED_EDGE('',*,*,#5008,.T.);
#2808=ORIENTED_EDGE('',*,*,#5009,.F.);
#2809=ORIENTED_EDGE('',*,*,#5010,.T.);
#2810=ORIENTED_EDGE('',*,*,#5011,.F.);
#2811=ORIENTED_EDGE('',*,*,#5012,.T.);
#2812=ORIENTED_EDGE('',*,*,#5013,.T.);
#2813=ORIENTED_EDGE('',*,*,#5014,.T.);
#2814=ORIENTED_EDGE('',*,*,#4706,.T.);
#2815=ORIENTED_EDGE('',*,*,#5015,.T.);
#2816=ORIENTED_EDGE('',*,*,#5005,.T.);
#2817=ORIENTED_EDGE('',*,*,#5016,.T.);
#2818=ORIENTED_EDGE('',*,*,#4990,.F.);
#2819=ORIENTED_EDGE('',*,*,#5017,.T.);
#2820=ORIENTED_EDGE('',*,*,#5011,.T.);
#2821=ORIENTED_EDGE('',*,*,#5018,.T.);
#2822=ORIENTED_EDGE('',*,*,#4996,.F.);
#2823=ORIENTED_EDGE('',*,*,#5019,.T.);
#2824=ORIENTED_EDGE('',*,*,#5020,.T.);
#2825=ORIENTED_EDGE('',*,*,#5021,.T.);
#2826=ORIENTED_EDGE('',*,*,#5022,.T.);
#2827=ORIENTED_EDGE('',*,*,#5023,.T.);
#2828=ORIENTED_EDGE('',*,*,#4654,.T.);
#2829=ORIENTED_EDGE('',*,*,#4800,.T.);
#2830=ORIENTED_EDGE('',*,*,#5024,.F.);
#2831=ORIENTED_EDGE('',*,*,#5025,.T.);
#2832=ORIENTED_EDGE('',*,*,#5026,.T.);
#2833=ORIENTED_EDGE('',*,*,#5027,.T.);
#2834=ORIENTED_EDGE('',*,*,#5028,.F.);
#2835=ORIENTED_EDGE('',*,*,#5029,.T.);
#2836=ORIENTED_EDGE('',*,*,#4712,.T.);
#2837=ORIENTED_EDGE('',*,*,#5030,.T.);
#2838=ORIENTED_EDGE('',*,*,#5031,.T.);
#2839=ORIENTED_EDGE('',*,*,#5032,.T.);
#2840=ORIENTED_EDGE('',*,*,#5033,.T.);
#2841=ORIENTED_EDGE('',*,*,#5034,.T.);
#2842=ORIENTED_EDGE('',*,*,#5035,.F.);
#2843=ORIENTED_EDGE('',*,*,#5036,.T.);
#2844=ORIENTED_EDGE('',*,*,#5037,.F.);
#2845=ORIENTED_EDGE('',*,*,#4804,.T.);
#2846=ORIENTED_EDGE('',*,*,#4656,.T.);
#2847=ORIENTED_EDGE('',*,*,#5038,.T.);
#2848=ORIENTED_EDGE('',*,*,#5039,.F.);
#2849=ORIENTED_EDGE('',*,*,#5040,.T.);
#2850=ORIENTED_EDGE('',*,*,#5041,.F.);
#2851=ORIENTED_EDGE('',*,*,#5042,.T.);
#2852=ORIENTED_EDGE('',*,*,#5043,.T.);
#2853=ORIENTED_EDGE('',*,*,#5044,.T.);
#2854=ORIENTED_EDGE('',*,*,#4710,.T.);
#2855=ORIENTED_EDGE('',*,*,#5045,.T.);
#2856=ORIENTED_EDGE('',*,*,#5035,.T.);
#2857=ORIENTED_EDGE('',*,*,#5046,.T.);
#2858=ORIENTED_EDGE('',*,*,#5020,.F.);
#2859=ORIENTED_EDGE('',*,*,#5047,.T.);
#2860=ORIENTED_EDGE('',*,*,#5041,.T.);
#2861=ORIENTED_EDGE('',*,*,#5048,.T.);
#2862=ORIENTED_EDGE('',*,*,#5026,.F.);
#2863=ORIENTED_EDGE('',*,*,#5049,.T.);
#2864=ORIENTED_EDGE('',*,*,#5050,.T.);
#2865=ORIENTED_EDGE('',*,*,#5051,.T.);
#2866=ORIENTED_EDGE('',*,*,#5052,.T.);
#2867=ORIENTED_EDGE('',*,*,#5053,.T.);
#2868=ORIENTED_EDGE('',*,*,#4650,.T.);
#2869=ORIENTED_EDGE('',*,*,#4797,.T.);
#2870=ORIENTED_EDGE('',*,*,#5054,.F.);
#2871=ORIENTED_EDGE('',*,*,#5055,.T.);
#2872=ORIENTED_EDGE('',*,*,#5056,.T.);
#2873=ORIENTED_EDGE('',*,*,#5057,.T.);
#2874=ORIENTED_EDGE('',*,*,#5058,.F.);
#2875=ORIENTED_EDGE('',*,*,#5059,.T.);
#2876=ORIENTED_EDGE('',*,*,#4716,.T.);
#2877=ORIENTED_EDGE('',*,*,#5060,.T.);
#2878=ORIENTED_EDGE('',*,*,#5061,.T.);
#2879=ORIENTED_EDGE('',*,*,#5062,.T.);
#2880=ORIENTED_EDGE('',*,*,#5063,.T.);
#2881=ORIENTED_EDGE('',*,*,#5064,.T.);
#2882=ORIENTED_EDGE('',*,*,#5065,.F.);
#2883=ORIENTED_EDGE('',*,*,#5066,.T.);
#2884=ORIENTED_EDGE('',*,*,#5067,.F.);
#2885=ORIENTED_EDGE('',*,*,#4801,.T.);
#2886=ORIENTED_EDGE('',*,*,#4652,.T.);
#2887=ORIENTED_EDGE('',*,*,#5068,.T.);
#2888=ORIENTED_EDGE('',*,*,#5069,.F.);
#2889=ORIENTED_EDGE('',*,*,#5070,.T.);
#2890=ORIENTED_EDGE('',*,*,#5071,.F.);
#2891=ORIENTED_EDGE('',*,*,#5072,.T.);
#2892=ORIENTED_EDGE('',*,*,#5073,.T.);
#2893=ORIENTED_EDGE('',*,*,#5074,.T.);
#2894=ORIENTED_EDGE('',*,*,#4714,.T.);
#2895=ORIENTED_EDGE('',*,*,#5075,.T.);
#2896=ORIENTED_EDGE('',*,*,#5065,.T.);
#2897=ORIENTED_EDGE('',*,*,#5076,.T.);
#2898=ORIENTED_EDGE('',*,*,#5050,.F.);
#2899=ORIENTED_EDGE('',*,*,#5077,.T.);
#2900=ORIENTED_EDGE('',*,*,#5071,.T.);
#2901=ORIENTED_EDGE('',*,*,#5078,.T.);
#2902=ORIENTED_EDGE('',*,*,#5056,.F.);
#2903=ORIENTED_EDGE('',*,*,#5079,.T.);
#2904=ORIENTED_EDGE('',*,*,#5080,.T.);
#2905=ORIENTED_EDGE('',*,*,#5081,.T.);
#2906=ORIENTED_EDGE('',*,*,#5082,.T.);
#2907=ORIENTED_EDGE('',*,*,#5083,.T.);
#2908=ORIENTED_EDGE('',*,*,#4646,.T.);
#2909=ORIENTED_EDGE('',*,*,#4794,.T.);
#2910=ORIENTED_EDGE('',*,*,#5084,.F.);
#2911=ORIENTED_EDGE('',*,*,#5085,.T.);
#2912=ORIENTED_EDGE('',*,*,#5086,.T.);
#2913=ORIENTED_EDGE('',*,*,#5087,.T.);
#2914=ORIENTED_EDGE('',*,*,#5088,.F.);
#2915=ORIENTED_EDGE('',*,*,#5089,.T.);
#2916=ORIENTED_EDGE('',*,*,#4720,.T.);
#2917=ORIENTED_EDGE('',*,*,#5090,.T.);
#2918=ORIENTED_EDGE('',*,*,#5091,.T.);
#2919=ORIENTED_EDGE('',*,*,#5092,.T.);
#2920=ORIENTED_EDGE('',*,*,#5093,.T.);
#2921=ORIENTED_EDGE('',*,*,#5094,.T.);
#2922=ORIENTED_EDGE('',*,*,#5095,.F.);
#2923=ORIENTED_EDGE('',*,*,#5096,.T.);
#2924=ORIENTED_EDGE('',*,*,#5097,.F.);
#2925=ORIENTED_EDGE('',*,*,#4798,.T.);
#2926=ORIENTED_EDGE('',*,*,#4648,.T.);
#2927=ORIENTED_EDGE('',*,*,#5098,.T.);
#2928=ORIENTED_EDGE('',*,*,#5099,.F.);
#2929=ORIENTED_EDGE('',*,*,#5100,.T.);
#2930=ORIENTED_EDGE('',*,*,#5101,.F.);
#2931=ORIENTED_EDGE('',*,*,#5102,.T.);
#2932=ORIENTED_EDGE('',*,*,#5103,.T.);
#2933=ORIENTED_EDGE('',*,*,#5104,.T.);
#2934=ORIENTED_EDGE('',*,*,#4718,.T.);
#2935=ORIENTED_EDGE('',*,*,#5105,.T.);
#2936=ORIENTED_EDGE('',*,*,#5095,.T.);
#2937=ORIENTED_EDGE('',*,*,#5106,.T.);
#2938=ORIENTED_EDGE('',*,*,#5080,.F.);
#2939=ORIENTED_EDGE('',*,*,#5107,.T.);
#2940=ORIENTED_EDGE('',*,*,#5101,.T.);
#2941=ORIENTED_EDGE('',*,*,#5108,.T.);
#2942=ORIENTED_EDGE('',*,*,#5086,.F.);
#2943=ORIENTED_EDGE('',*,*,#5109,.T.);
#2944=ORIENTED_EDGE('',*,*,#5110,.T.);
#2945=ORIENTED_EDGE('',*,*,#5111,.T.);
#2946=ORIENTED_EDGE('',*,*,#5112,.T.);
#2947=ORIENTED_EDGE('',*,*,#5113,.T.);
#2948=ORIENTED_EDGE('',*,*,#4642,.T.);
#2949=ORIENTED_EDGE('',*,*,#4791,.T.);
#2950=ORIENTED_EDGE('',*,*,#5114,.F.);
#2951=ORIENTED_EDGE('',*,*,#5115,.T.);
#2952=ORIENTED_EDGE('',*,*,#5116,.T.);
#2953=ORIENTED_EDGE('',*,*,#5117,.T.);
#2954=ORIENTED_EDGE('',*,*,#5118,.F.);
#2955=ORIENTED_EDGE('',*,*,#5119,.T.);
#2956=ORIENTED_EDGE('',*,*,#4724,.T.);
#2957=ORIENTED_EDGE('',*,*,#5120,.T.);
#2958=ORIENTED_EDGE('',*,*,#5121,.T.);
#2959=ORIENTED_EDGE('',*,*,#5122,.T.);
#2960=ORIENTED_EDGE('',*,*,#5123,.T.);
#2961=ORIENTED_EDGE('',*,*,#5124,.T.);
#2962=ORIENTED_EDGE('',*,*,#5125,.F.);
#2963=ORIENTED_EDGE('',*,*,#5126,.T.);
#2964=ORIENTED_EDGE('',*,*,#5127,.F.);
#2965=ORIENTED_EDGE('',*,*,#4795,.T.);
#2966=ORIENTED_EDGE('',*,*,#4644,.T.);
#2967=ORIENTED_EDGE('',*,*,#5128,.T.);
#2968=ORIENTED_EDGE('',*,*,#5129,.F.);
#2969=ORIENTED_EDGE('',*,*,#5130,.T.);
#2970=ORIENTED_EDGE('',*,*,#5131,.F.);
#2971=ORIENTED_EDGE('',*,*,#5132,.T.);
#2972=ORIENTED_EDGE('',*,*,#5133,.T.);
#2973=ORIENTED_EDGE('',*,*,#5134,.T.);
#2974=ORIENTED_EDGE('',*,*,#4722,.T.);
#2975=ORIENTED_EDGE('',*,*,#5135,.T.);
#2976=ORIENTED_EDGE('',*,*,#5125,.T.);
#2977=ORIENTED_EDGE('',*,*,#5136,.T.);
#2978=ORIENTED_EDGE('',*,*,#5110,.F.);
#2979=ORIENTED_EDGE('',*,*,#5137,.T.);
#2980=ORIENTED_EDGE('',*,*,#5131,.T.);
#2981=ORIENTED_EDGE('',*,*,#5138,.T.);
#2982=ORIENTED_EDGE('',*,*,#5116,.F.);
#2983=ORIENTED_EDGE('',*,*,#5139,.T.);
#2984=ORIENTED_EDGE('',*,*,#5140,.T.);
#2985=ORIENTED_EDGE('',*,*,#5141,.T.);
#2986=ORIENTED_EDGE('',*,*,#5142,.T.);
#2987=ORIENTED_EDGE('',*,*,#5143,.T.);
#2988=ORIENTED_EDGE('',*,*,#4638,.T.);
#2989=ORIENTED_EDGE('',*,*,#4788,.T.);
#2990=ORIENTED_EDGE('',*,*,#5144,.F.);
#2991=ORIENTED_EDGE('',*,*,#5145,.T.);
#2992=ORIENTED_EDGE('',*,*,#5146,.T.);
#2993=ORIENTED_EDGE('',*,*,#5147,.T.);
#2994=ORIENTED_EDGE('',*,*,#5148,.F.);
#2995=ORIENTED_EDGE('',*,*,#5149,.T.);
#2996=ORIENTED_EDGE('',*,*,#4728,.T.);
#2997=ORIENTED_EDGE('',*,*,#5150,.T.);
#2998=ORIENTED_EDGE('',*,*,#5151,.T.);
#2999=ORIENTED_EDGE('',*,*,#5152,.T.);
#3000=ORIENTED_EDGE('',*,*,#5153,.T.);
#3001=ORIENTED_EDGE('',*,*,#5154,.T.);
#3002=ORIENTED_EDGE('',*,*,#5155,.F.);
#3003=ORIENTED_EDGE('',*,*,#5156,.T.);
#3004=ORIENTED_EDGE('',*,*,#5157,.F.);
#3005=ORIENTED_EDGE('',*,*,#4792,.T.);
#3006=ORIENTED_EDGE('',*,*,#4640,.T.);
#3007=ORIENTED_EDGE('',*,*,#5158,.T.);
#3008=ORIENTED_EDGE('',*,*,#5159,.F.);
#3009=ORIENTED_EDGE('',*,*,#5160,.T.);
#3010=ORIENTED_EDGE('',*,*,#5161,.F.);
#3011=ORIENTED_EDGE('',*,*,#5162,.T.);
#3012=ORIENTED_EDGE('',*,*,#5163,.T.);
#3013=ORIENTED_EDGE('',*,*,#5164,.T.);
#3014=ORIENTED_EDGE('',*,*,#4726,.T.);
#3015=ORIENTED_EDGE('',*,*,#5165,.T.);
#3016=ORIENTED_EDGE('',*,*,#5155,.T.);
#3017=ORIENTED_EDGE('',*,*,#5166,.T.);
#3018=ORIENTED_EDGE('',*,*,#5140,.F.);
#3019=ORIENTED_EDGE('',*,*,#5167,.T.);
#3020=ORIENTED_EDGE('',*,*,#5161,.T.);
#3021=ORIENTED_EDGE('',*,*,#5168,.T.);
#3022=ORIENTED_EDGE('',*,*,#5146,.F.);
#3023=ORIENTED_EDGE('',*,*,#5169,.T.);
#3024=ORIENTED_EDGE('',*,*,#5170,.T.);
#3025=ORIENTED_EDGE('',*,*,#5171,.T.);
#3026=ORIENTED_EDGE('',*,*,#5172,.T.);
#3027=ORIENTED_EDGE('',*,*,#5173,.T.);
#3028=ORIENTED_EDGE('',*,*,#4634,.T.);
#3029=ORIENTED_EDGE('',*,*,#4785,.T.);
#3030=ORIENTED_EDGE('',*,*,#5174,.F.);
#3031=ORIENTED_EDGE('',*,*,#5175,.T.);
#3032=ORIENTED_EDGE('',*,*,#5176,.T.);
#3033=ORIENTED_EDGE('',*,*,#5177,.T.);
#3034=ORIENTED_EDGE('',*,*,#5178,.F.);
#3035=ORIENTED_EDGE('',*,*,#5179,.T.);
#3036=ORIENTED_EDGE('',*,*,#4732,.T.);
#3037=ORIENTED_EDGE('',*,*,#5180,.T.);
#3038=ORIENTED_EDGE('',*,*,#5181,.T.);
#3039=ORIENTED_EDGE('',*,*,#5182,.T.);
#3040=ORIENTED_EDGE('',*,*,#5183,.T.);
#3041=ORIENTED_EDGE('',*,*,#5184,.T.);
#3042=ORIENTED_EDGE('',*,*,#5185,.F.);
#3043=ORIENTED_EDGE('',*,*,#5186,.T.);
#3044=ORIENTED_EDGE('',*,*,#5187,.F.);
#3045=ORIENTED_EDGE('',*,*,#4789,.T.);
#3046=ORIENTED_EDGE('',*,*,#4636,.T.);
#3047=ORIENTED_EDGE('',*,*,#5188,.T.);
#3048=ORIENTED_EDGE('',*,*,#5189,.F.);
#3049=ORIENTED_EDGE('',*,*,#5190,.T.);
#3050=ORIENTED_EDGE('',*,*,#5191,.F.);
#3051=ORIENTED_EDGE('',*,*,#5192,.T.);
#3052=ORIENTED_EDGE('',*,*,#5193,.T.);
#3053=ORIENTED_EDGE('',*,*,#5194,.T.);
#3054=ORIENTED_EDGE('',*,*,#4730,.T.);
#3055=ORIENTED_EDGE('',*,*,#5195,.T.);
#3056=ORIENTED_EDGE('',*,*,#5185,.T.);
#3057=ORIENTED_EDGE('',*,*,#5196,.T.);
#3058=ORIENTED_EDGE('',*,*,#5170,.F.);
#3059=ORIENTED_EDGE('',*,*,#5197,.T.);
#3060=ORIENTED_EDGE('',*,*,#5191,.T.);
#3061=ORIENTED_EDGE('',*,*,#5198,.T.);
#3062=ORIENTED_EDGE('',*,*,#5176,.F.);
#3063=ORIENTED_EDGE('',*,*,#5199,.T.);
#3064=ORIENTED_EDGE('',*,*,#5200,.T.);
#3065=ORIENTED_EDGE('',*,*,#5201,.T.);
#3066=ORIENTED_EDGE('',*,*,#5202,.T.);
#3067=ORIENTED_EDGE('',*,*,#5203,.T.);
#3068=ORIENTED_EDGE('',*,*,#4630,.T.);
#3069=ORIENTED_EDGE('',*,*,#4782,.T.);
#3070=ORIENTED_EDGE('',*,*,#5204,.F.);
#3071=ORIENTED_EDGE('',*,*,#5205,.T.);
#3072=ORIENTED_EDGE('',*,*,#5206,.T.);
#3073=ORIENTED_EDGE('',*,*,#5207,.T.);
#3074=ORIENTED_EDGE('',*,*,#5208,.F.);
#3075=ORIENTED_EDGE('',*,*,#5209,.T.);
#3076=ORIENTED_EDGE('',*,*,#4736,.T.);
#3077=ORIENTED_EDGE('',*,*,#5210,.T.);
#3078=ORIENTED_EDGE('',*,*,#5211,.T.);
#3079=ORIENTED_EDGE('',*,*,#5212,.T.);
#3080=ORIENTED_EDGE('',*,*,#5213,.T.);
#3081=ORIENTED_EDGE('',*,*,#5214,.T.);
#3082=ORIENTED_EDGE('',*,*,#5215,.F.);
#3083=ORIENTED_EDGE('',*,*,#5216,.T.);
#3084=ORIENTED_EDGE('',*,*,#5217,.F.);
#3085=ORIENTED_EDGE('',*,*,#4786,.T.);
#3086=ORIENTED_EDGE('',*,*,#4632,.T.);
#3087=ORIENTED_EDGE('',*,*,#5218,.T.);
#3088=ORIENTED_EDGE('',*,*,#5219,.F.);
#3089=ORIENTED_EDGE('',*,*,#5220,.T.);
#3090=ORIENTED_EDGE('',*,*,#5221,.F.);
#3091=ORIENTED_EDGE('',*,*,#5222,.T.);
#3092=ORIENTED_EDGE('',*,*,#5223,.T.);
#3093=ORIENTED_EDGE('',*,*,#5224,.T.);
#3094=ORIENTED_EDGE('',*,*,#4734,.T.);
#3095=ORIENTED_EDGE('',*,*,#5225,.T.);
#3096=ORIENTED_EDGE('',*,*,#5215,.T.);
#3097=ORIENTED_EDGE('',*,*,#5226,.T.);
#3098=ORIENTED_EDGE('',*,*,#5200,.F.);
#3099=ORIENTED_EDGE('',*,*,#5227,.T.);
#3100=ORIENTED_EDGE('',*,*,#5221,.T.);
#3101=ORIENTED_EDGE('',*,*,#5228,.T.);
#3102=ORIENTED_EDGE('',*,*,#5206,.F.);
#3103=ORIENTED_EDGE('',*,*,#5229,.T.);
#3104=ORIENTED_EDGE('',*,*,#5230,.T.);
#3105=ORIENTED_EDGE('',*,*,#5231,.T.);
#3106=ORIENTED_EDGE('',*,*,#5232,.T.);
#3107=ORIENTED_EDGE('',*,*,#5233,.T.);
#3108=ORIENTED_EDGE('',*,*,#4626,.T.);
#3109=ORIENTED_EDGE('',*,*,#4779,.T.);
#3110=ORIENTED_EDGE('',*,*,#5234,.F.);
#3111=ORIENTED_EDGE('',*,*,#5235,.T.);
#3112=ORIENTED_EDGE('',*,*,#5236,.T.);
#3113=ORIENTED_EDGE('',*,*,#5237,.T.);
#3114=ORIENTED_EDGE('',*,*,#5238,.F.);
#3115=ORIENTED_EDGE('',*,*,#5239,.T.);
#3116=ORIENTED_EDGE('',*,*,#4740,.T.);
#3117=ORIENTED_EDGE('',*,*,#5240,.T.);
#3118=ORIENTED_EDGE('',*,*,#5241,.T.);
#3119=ORIENTED_EDGE('',*,*,#5242,.T.);
#3120=ORIENTED_EDGE('',*,*,#5243,.T.);
#3121=ORIENTED_EDGE('',*,*,#5244,.T.);
#3122=ORIENTED_EDGE('',*,*,#5245,.F.);
#3123=ORIENTED_EDGE('',*,*,#5246,.T.);
#3124=ORIENTED_EDGE('',*,*,#5247,.F.);
#3125=ORIENTED_EDGE('',*,*,#4783,.T.);
#3126=ORIENTED_EDGE('',*,*,#4628,.T.);
#3127=ORIENTED_EDGE('',*,*,#5248,.T.);
#3128=ORIENTED_EDGE('',*,*,#5249,.F.);
#3129=ORIENTED_EDGE('',*,*,#5250,.T.);
#3130=ORIENTED_EDGE('',*,*,#5251,.F.);
#3131=ORIENTED_EDGE('',*,*,#5252,.T.);
#3132=ORIENTED_EDGE('',*,*,#5253,.T.);
#3133=ORIENTED_EDGE('',*,*,#5254,.T.);
#3134=ORIENTED_EDGE('',*,*,#4738,.T.);
#3135=ORIENTED_EDGE('',*,*,#5255,.T.);
#3136=ORIENTED_EDGE('',*,*,#5245,.T.);
#3137=ORIENTED_EDGE('',*,*,#5256,.T.);
#3138=ORIENTED_EDGE('',*,*,#5230,.F.);
#3139=ORIENTED_EDGE('',*,*,#5257,.T.);
#3140=ORIENTED_EDGE('',*,*,#5251,.T.);
#3141=ORIENTED_EDGE('',*,*,#5258,.T.);
#3142=ORIENTED_EDGE('',*,*,#5236,.F.);
#3143=ORIENTED_EDGE('',*,*,#5259,.T.);
#3144=ORIENTED_EDGE('',*,*,#5260,.T.);
#3145=ORIENTED_EDGE('',*,*,#5261,.T.);
#3146=ORIENTED_EDGE('',*,*,#5262,.T.);
#3147=ORIENTED_EDGE('',*,*,#5263,.T.);
#3148=ORIENTED_EDGE('',*,*,#4622,.T.);
#3149=ORIENTED_EDGE('',*,*,#4776,.T.);
#3150=ORIENTED_EDGE('',*,*,#5264,.F.);
#3151=ORIENTED_EDGE('',*,*,#5265,.T.);
#3152=ORIENTED_EDGE('',*,*,#5266,.T.);
#3153=ORIENTED_EDGE('',*,*,#5267,.T.);
#3154=ORIENTED_EDGE('',*,*,#5268,.F.);
#3155=ORIENTED_EDGE('',*,*,#5269,.T.);
#3156=ORIENTED_EDGE('',*,*,#4744,.T.);
#3157=ORIENTED_EDGE('',*,*,#5270,.T.);
#3158=ORIENTED_EDGE('',*,*,#5271,.T.);
#3159=ORIENTED_EDGE('',*,*,#5272,.T.);
#3160=ORIENTED_EDGE('',*,*,#5273,.T.);
#3161=ORIENTED_EDGE('',*,*,#5274,.T.);
#3162=ORIENTED_EDGE('',*,*,#5275,.F.);
#3163=ORIENTED_EDGE('',*,*,#5276,.T.);
#3164=ORIENTED_EDGE('',*,*,#5277,.F.);
#3165=ORIENTED_EDGE('',*,*,#4780,.T.);
#3166=ORIENTED_EDGE('',*,*,#4624,.T.);
#3167=ORIENTED_EDGE('',*,*,#5278,.T.);
#3168=ORIENTED_EDGE('',*,*,#5279,.F.);
#3169=ORIENTED_EDGE('',*,*,#5280,.T.);
#3170=ORIENTED_EDGE('',*,*,#5281,.F.);
#3171=ORIENTED_EDGE('',*,*,#5282,.T.);
#3172=ORIENTED_EDGE('',*,*,#5283,.T.);
#3173=ORIENTED_EDGE('',*,*,#5284,.T.);
#3174=ORIENTED_EDGE('',*,*,#4742,.T.);
#3175=ORIENTED_EDGE('',*,*,#5285,.T.);
#3176=ORIENTED_EDGE('',*,*,#5275,.T.);
#3177=ORIENTED_EDGE('',*,*,#5286,.T.);
#3178=ORIENTED_EDGE('',*,*,#5260,.F.);
#3179=ORIENTED_EDGE('',*,*,#5287,.T.);
#3180=ORIENTED_EDGE('',*,*,#5281,.T.);
#3181=ORIENTED_EDGE('',*,*,#5288,.T.);
#3182=ORIENTED_EDGE('',*,*,#5266,.F.);
#3183=ORIENTED_EDGE('',*,*,#5289,.T.);
#3184=ORIENTED_EDGE('',*,*,#5290,.T.);
#3185=ORIENTED_EDGE('',*,*,#5291,.T.);
#3186=ORIENTED_EDGE('',*,*,#5292,.T.);
#3187=ORIENTED_EDGE('',*,*,#5293,.T.);
#3188=ORIENTED_EDGE('',*,*,#4618,.T.);
#3189=ORIENTED_EDGE('',*,*,#4773,.T.);
#3190=ORIENTED_EDGE('',*,*,#5294,.F.);
#3191=ORIENTED_EDGE('',*,*,#5295,.T.);
#3192=ORIENTED_EDGE('',*,*,#5296,.T.);
#3193=ORIENTED_EDGE('',*,*,#5297,.T.);
#3194=ORIENTED_EDGE('',*,*,#5298,.F.);
#3195=ORIENTED_EDGE('',*,*,#5299,.T.);
#3196=ORIENTED_EDGE('',*,*,#4748,.T.);
#3197=ORIENTED_EDGE('',*,*,#5300,.T.);
#3198=ORIENTED_EDGE('',*,*,#5301,.T.);
#3199=ORIENTED_EDGE('',*,*,#5302,.T.);
#3200=ORIENTED_EDGE('',*,*,#5303,.T.);
#3201=ORIENTED_EDGE('',*,*,#5304,.T.);
#3202=ORIENTED_EDGE('',*,*,#5305,.F.);
#3203=ORIENTED_EDGE('',*,*,#5306,.T.);
#3204=ORIENTED_EDGE('',*,*,#5307,.F.);
#3205=ORIENTED_EDGE('',*,*,#4777,.T.);
#3206=ORIENTED_EDGE('',*,*,#4620,.T.);
#3207=ORIENTED_EDGE('',*,*,#5308,.T.);
#3208=ORIENTED_EDGE('',*,*,#5309,.F.);
#3209=ORIENTED_EDGE('',*,*,#5310,.T.);
#3210=ORIENTED_EDGE('',*,*,#5311,.F.);
#3211=ORIENTED_EDGE('',*,*,#5312,.T.);
#3212=ORIENTED_EDGE('',*,*,#5313,.T.);
#3213=ORIENTED_EDGE('',*,*,#5314,.T.);
#3214=ORIENTED_EDGE('',*,*,#4746,.T.);
#3215=ORIENTED_EDGE('',*,*,#5315,.T.);
#3216=ORIENTED_EDGE('',*,*,#5305,.T.);
#3217=ORIENTED_EDGE('',*,*,#5316,.T.);
#3218=ORIENTED_EDGE('',*,*,#5290,.F.);
#3219=ORIENTED_EDGE('',*,*,#5317,.T.);
#3220=ORIENTED_EDGE('',*,*,#5311,.T.);
#3221=ORIENTED_EDGE('',*,*,#5318,.T.);
#3222=ORIENTED_EDGE('',*,*,#5296,.F.);
#3223=ORIENTED_EDGE('',*,*,#5319,.T.);
#3224=ORIENTED_EDGE('',*,*,#5320,.T.);
#3225=ORIENTED_EDGE('',*,*,#5321,.T.);
#3226=ORIENTED_EDGE('',*,*,#5322,.T.);
#3227=ORIENTED_EDGE('',*,*,#5323,.T.);
#3228=ORIENTED_EDGE('',*,*,#4614,.T.);
#3229=ORIENTED_EDGE('',*,*,#4770,.T.);
#3230=ORIENTED_EDGE('',*,*,#5324,.F.);
#3231=ORIENTED_EDGE('',*,*,#5325,.T.);
#3232=ORIENTED_EDGE('',*,*,#5326,.T.);
#3233=ORIENTED_EDGE('',*,*,#5327,.T.);
#3234=ORIENTED_EDGE('',*,*,#5328,.F.);
#3235=ORIENTED_EDGE('',*,*,#5329,.T.);
#3236=ORIENTED_EDGE('',*,*,#4752,.T.);
#3237=ORIENTED_EDGE('',*,*,#5330,.T.);
#3238=ORIENTED_EDGE('',*,*,#5331,.T.);
#3239=ORIENTED_EDGE('',*,*,#5332,.T.);
#3240=ORIENTED_EDGE('',*,*,#5333,.T.);
#3241=ORIENTED_EDGE('',*,*,#5334,.T.);
#3242=ORIENTED_EDGE('',*,*,#5335,.F.);
#3243=ORIENTED_EDGE('',*,*,#5336,.T.);
#3244=ORIENTED_EDGE('',*,*,#5337,.F.);
#3245=ORIENTED_EDGE('',*,*,#4774,.T.);
#3246=ORIENTED_EDGE('',*,*,#4616,.T.);
#3247=ORIENTED_EDGE('',*,*,#5338,.T.);
#3248=ORIENTED_EDGE('',*,*,#5339,.F.);
#3249=ORIENTED_EDGE('',*,*,#5340,.T.);
#3250=ORIENTED_EDGE('',*,*,#5341,.F.);
#3251=ORIENTED_EDGE('',*,*,#5342,.T.);
#3252=ORIENTED_EDGE('',*,*,#5343,.T.);
#3253=ORIENTED_EDGE('',*,*,#5344,.T.);
#3254=ORIENTED_EDGE('',*,*,#4750,.T.);
#3255=ORIENTED_EDGE('',*,*,#5345,.T.);
#3256=ORIENTED_EDGE('',*,*,#5335,.T.);
#3257=ORIENTED_EDGE('',*,*,#5346,.T.);
#3258=ORIENTED_EDGE('',*,*,#5320,.F.);
#3259=ORIENTED_EDGE('',*,*,#5347,.T.);
#3260=ORIENTED_EDGE('',*,*,#5341,.T.);
#3261=ORIENTED_EDGE('',*,*,#5348,.T.);
#3262=ORIENTED_EDGE('',*,*,#5326,.F.);
#3263=ORIENTED_EDGE('',*,*,#5349,.T.);
#3264=ORIENTED_EDGE('',*,*,#5350,.T.);
#3265=ORIENTED_EDGE('',*,*,#5351,.T.);
#3266=ORIENTED_EDGE('',*,*,#5352,.T.);
#3267=ORIENTED_EDGE('',*,*,#5353,.T.);
#3268=ORIENTED_EDGE('',*,*,#4610,.T.);
#3269=ORIENTED_EDGE('',*,*,#4767,.T.);
#3270=ORIENTED_EDGE('',*,*,#5354,.F.);
#3271=ORIENTED_EDGE('',*,*,#5355,.T.);
#3272=ORIENTED_EDGE('',*,*,#5356,.T.);
#3273=ORIENTED_EDGE('',*,*,#5357,.T.);
#3274=ORIENTED_EDGE('',*,*,#5358,.F.);
#3275=ORIENTED_EDGE('',*,*,#5359,.T.);
#3276=ORIENTED_EDGE('',*,*,#4756,.T.);
#3277=ORIENTED_EDGE('',*,*,#5360,.T.);
#3278=ORIENTED_EDGE('',*,*,#5361,.T.);
#3279=ORIENTED_EDGE('',*,*,#5362,.T.);
#3280=ORIENTED_EDGE('',*,*,#5363,.T.);
#3281=ORIENTED_EDGE('',*,*,#5364,.T.);
#3282=ORIENTED_EDGE('',*,*,#5365,.F.);
#3283=ORIENTED_EDGE('',*,*,#5366,.T.);
#3284=ORIENTED_EDGE('',*,*,#5367,.F.);
#3285=ORIENTED_EDGE('',*,*,#4771,.T.);
#3286=ORIENTED_EDGE('',*,*,#4612,.T.);
#3287=ORIENTED_EDGE('',*,*,#5368,.T.);
#3288=ORIENTED_EDGE('',*,*,#5369,.F.);
#3289=ORIENTED_EDGE('',*,*,#5370,.T.);
#3290=ORIENTED_EDGE('',*,*,#5371,.F.);
#3291=ORIENTED_EDGE('',*,*,#5372,.T.);
#3292=ORIENTED_EDGE('',*,*,#5373,.T.);
#3293=ORIENTED_EDGE('',*,*,#5374,.T.);
#3294=ORIENTED_EDGE('',*,*,#4754,.T.);
#3295=ORIENTED_EDGE('',*,*,#5375,.T.);
#3296=ORIENTED_EDGE('',*,*,#5365,.T.);
#3297=ORIENTED_EDGE('',*,*,#5376,.T.);
#3298=ORIENTED_EDGE('',*,*,#5350,.F.);
#3299=ORIENTED_EDGE('',*,*,#5377,.T.);
#3300=ORIENTED_EDGE('',*,*,#5371,.T.);
#3301=ORIENTED_EDGE('',*,*,#5378,.T.);
#3302=ORIENTED_EDGE('',*,*,#5356,.F.);
#3303=ORIENTED_EDGE('',*,*,#5379,.T.);
#3304=ORIENTED_EDGE('',*,*,#5380,.T.);
#3305=ORIENTED_EDGE('',*,*,#5381,.T.);
#3306=ORIENTED_EDGE('',*,*,#5382,.T.);
#3307=ORIENTED_EDGE('',*,*,#5383,.T.);
#3308=ORIENTED_EDGE('',*,*,#4606,.T.);
#3309=ORIENTED_EDGE('',*,*,#4764,.T.);
#3310=ORIENTED_EDGE('',*,*,#5384,.F.);
#3311=ORIENTED_EDGE('',*,*,#5385,.T.);
#3312=ORIENTED_EDGE('',*,*,#5386,.T.);
#3313=ORIENTED_EDGE('',*,*,#5387,.T.);
#3314=ORIENTED_EDGE('',*,*,#5388,.F.);
#3315=ORIENTED_EDGE('',*,*,#5389,.T.);
#3316=ORIENTED_EDGE('',*,*,#4760,.T.);
#3317=ORIENTED_EDGE('',*,*,#5390,.T.);
#3318=ORIENTED_EDGE('',*,*,#5391,.T.);
#3319=ORIENTED_EDGE('',*,*,#5392,.T.);
#3320=ORIENTED_EDGE('',*,*,#5393,.T.);
#3321=ORIENTED_EDGE('',*,*,#5394,.T.);
#3322=ORIENTED_EDGE('',*,*,#5395,.F.);
#3323=ORIENTED_EDGE('',*,*,#5396,.T.);
#3324=ORIENTED_EDGE('',*,*,#5397,.F.);
#3325=ORIENTED_EDGE('',*,*,#4768,.T.);
#3326=ORIENTED_EDGE('',*,*,#4608,.T.);
#3327=ORIENTED_EDGE('',*,*,#5398,.T.);
#3328=ORIENTED_EDGE('',*,*,#5399,.F.);
#3329=ORIENTED_EDGE('',*,*,#5400,.T.);
#3330=ORIENTED_EDGE('',*,*,#5401,.F.);
#3331=ORIENTED_EDGE('',*,*,#5402,.T.);
#3332=ORIENTED_EDGE('',*,*,#5403,.T.);
#3333=ORIENTED_EDGE('',*,*,#5404,.T.);
#3334=ORIENTED_EDGE('',*,*,#4758,.T.);
#3335=ORIENTED_EDGE('',*,*,#5405,.T.);
#3336=ORIENTED_EDGE('',*,*,#5395,.T.);
#3337=ORIENTED_EDGE('',*,*,#5406,.T.);
#3338=ORIENTED_EDGE('',*,*,#5380,.F.);
#3339=ORIENTED_EDGE('',*,*,#5407,.T.);
#3340=ORIENTED_EDGE('',*,*,#5401,.T.);
#3341=ORIENTED_EDGE('',*,*,#5408,.T.);
#3342=ORIENTED_EDGE('',*,*,#5386,.F.);
#3343=ORIENTED_EDGE('',*,*,#5409,.T.);
#3344=ORIENTED_EDGE('',*,*,#5410,.T.);
#3345=ORIENTED_EDGE('',*,*,#5411,.T.);
#3346=ORIENTED_EDGE('',*,*,#4595,.T.);
#3347=ORIENTED_EDGE('',*,*,#5412,.T.);
#3348=ORIENTED_EDGE('',*,*,#5413,.T.);
#3349=ORIENTED_EDGE('',*,*,#5414,.T.);
#3350=ORIENTED_EDGE('',*,*,#4591,.T.);
#3351=ORIENTED_EDGE('',*,*,#5415,.T.);
#3352=ORIENTED_EDGE('',*,*,#5416,.T.);
#3353=ORIENTED_EDGE('',*,*,#5417,.T.);
#3354=ORIENTED_EDGE('',*,*,#5410,.F.);
#3355=ORIENTED_EDGE('',*,*,#5418,.T.);
#3356=ORIENTED_EDGE('',*,*,#5419,.F.);
#3357=ORIENTED_EDGE('',*,*,#4765,.T.);
#3358=ORIENTED_EDGE('',*,*,#4604,.T.);
#3359=ORIENTED_EDGE('',*,*,#5420,.T.);
#3360=ORIENTED_EDGE('',*,*,#5421,.F.);
#3361=ORIENTED_EDGE('',*,*,#5422,.T.);
#3362=ORIENTED_EDGE('',*,*,#5413,.F.);
#3363=ORIENTED_EDGE('',*,*,#5423,.T.);
#3364=ORIENTED_EDGE('',*,*,#5424,.T.);
#3365=ORIENTED_EDGE('',*,*,#5425,.T.);
#3366=ORIENTED_EDGE('',*,*,#4762,.T.);
#3367=ORIENTED_EDGE('',*,*,#5426,.T.);
#3368=ORIENTED_EDGE('',*,*,#5389,.F.);
#3369=ORIENTED_EDGE('',*,*,#5427,.F.);
#3370=ORIENTED_EDGE('',*,*,#5426,.F.);
#3371=ORIENTED_EDGE('',*,*,#4761,.F.);
#3372=ORIENTED_EDGE('',*,*,#5359,.F.);
#3373=ORIENTED_EDGE('',*,*,#5428,.F.);
#3374=ORIENTED_EDGE('',*,*,#5405,.F.);
#3375=ORIENTED_EDGE('',*,*,#4757,.F.);
#3376=ORIENTED_EDGE('',*,*,#5329,.F.);
#3377=ORIENTED_EDGE('',*,*,#5429,.F.);
#3378=ORIENTED_EDGE('',*,*,#5375,.F.);
#3379=ORIENTED_EDGE('',*,*,#4753,.F.);
#3380=ORIENTED_EDGE('',*,*,#5299,.F.);
#3381=ORIENTED_EDGE('',*,*,#5430,.F.);
#3382=ORIENTED_EDGE('',*,*,#5345,.F.);
#3383=ORIENTED_EDGE('',*,*,#4749,.F.);
#3384=ORIENTED_EDGE('',*,*,#5269,.F.);
#3385=ORIENTED_EDGE('',*,*,#5431,.F.);
#3386=ORIENTED_EDGE('',*,*,#5315,.F.);
#3387=ORIENTED_EDGE('',*,*,#4745,.F.);
#3388=ORIENTED_EDGE('',*,*,#5239,.F.);
#3389=ORIENTED_EDGE('',*,*,#5432,.F.);
#3390=ORIENTED_EDGE('',*,*,#5285,.F.);
#3391=ORIENTED_EDGE('',*,*,#4741,.F.);
#3392=ORIENTED_EDGE('',*,*,#5209,.F.);
#3393=ORIENTED_EDGE('',*,*,#5433,.F.);
#3394=ORIENTED_EDGE('',*,*,#5255,.F.);
#3395=ORIENTED_EDGE('',*,*,#4737,.F.);
#3396=ORIENTED_EDGE('',*,*,#5179,.F.);
#3397=ORIENTED_EDGE('',*,*,#5434,.F.);
#3398=ORIENTED_EDGE('',*,*,#5225,.F.);
#3399=ORIENTED_EDGE('',*,*,#4733,.F.);
#3400=ORIENTED_EDGE('',*,*,#5149,.F.);
#3401=ORIENTED_EDGE('',*,*,#5435,.F.);
#3402=ORIENTED_EDGE('',*,*,#5195,.F.);
#3403=ORIENTED_EDGE('',*,*,#4729,.F.);
#3404=ORIENTED_EDGE('',*,*,#5119,.F.);
#3405=ORIENTED_EDGE('',*,*,#5436,.F.);
#3406=ORIENTED_EDGE('',*,*,#5165,.F.);
#3407=ORIENTED_EDGE('',*,*,#4725,.F.);
#3408=ORIENTED_EDGE('',*,*,#5089,.F.);
#3409=ORIENTED_EDGE('',*,*,#5437,.F.);
#3410=ORIENTED_EDGE('',*,*,#5135,.F.);
#3411=ORIENTED_EDGE('',*,*,#4721,.F.);
#3412=ORIENTED_EDGE('',*,*,#5059,.F.);
#3413=ORIENTED_EDGE('',*,*,#5438,.F.);
#3414=ORIENTED_EDGE('',*,*,#5105,.F.);
#3415=ORIENTED_EDGE('',*,*,#4717,.F.);
#3416=ORIENTED_EDGE('',*,*,#5029,.F.);
#3417=ORIENTED_EDGE('',*,*,#5439,.F.);
#3418=ORIENTED_EDGE('',*,*,#5075,.F.);
#3419=ORIENTED_EDGE('',*,*,#4713,.F.);
#3420=ORIENTED_EDGE('',*,*,#4999,.F.);
#3421=ORIENTED_EDGE('',*,*,#5440,.F.);
#3422=ORIENTED_EDGE('',*,*,#5045,.F.);
#3423=ORIENTED_EDGE('',*,*,#4709,.F.);
#3424=ORIENTED_EDGE('',*,*,#4969,.F.);
#3425=ORIENTED_EDGE('',*,*,#5441,.F.);
#3426=ORIENTED_EDGE('',*,*,#5015,.F.);
#3427=ORIENTED_EDGE('',*,*,#4705,.F.);
#3428=ORIENTED_EDGE('',*,*,#4939,.F.);
#3429=ORIENTED_EDGE('',*,*,#5442,.F.);
#3430=ORIENTED_EDGE('',*,*,#4985,.F.);
#3431=ORIENTED_EDGE('',*,*,#4701,.F.);
#3432=ORIENTED_EDGE('',*,*,#4909,.F.);
#3433=ORIENTED_EDGE('',*,*,#5443,.F.);
#3434=ORIENTED_EDGE('',*,*,#4955,.F.);
#3435=ORIENTED_EDGE('',*,*,#4697,.F.);
#3436=ORIENTED_EDGE('',*,*,#4879,.F.);
#3437=ORIENTED_EDGE('',*,*,#5444,.F.);
#3438=ORIENTED_EDGE('',*,*,#4925,.F.);
#3439=ORIENTED_EDGE('',*,*,#4693,.F.);
#3440=ORIENTED_EDGE('',*,*,#4849,.F.);
#3441=ORIENTED_EDGE('',*,*,#5445,.F.);
#3442=ORIENTED_EDGE('',*,*,#4895,.F.);
#3443=ORIENTED_EDGE('',*,*,#4689,.F.);
#3444=ORIENTED_EDGE('',*,*,#4832,.F.);
#3445=ORIENTED_EDGE('',*,*,#5446,.F.);
#3446=ORIENTED_EDGE('',*,*,#4865,.F.);
#3447=ORIENTED_EDGE('',*,*,#4685,.F.);
#3448=ORIENTED_EDGE('',*,*,#5447,.F.);
#3449=ORIENTED_EDGE('',*,*,#4862,.F.);
#3450=ORIENTED_EDGE('',*,*,#4869,.F.);
#3451=ORIENTED_EDGE('',*,*,#4852,.F.);
#3452=ORIENTED_EDGE('',*,*,#5448,.F.);
#3453=ORIENTED_EDGE('',*,*,#4892,.F.);
#3454=ORIENTED_EDGE('',*,*,#4899,.F.);
#3455=ORIENTED_EDGE('',*,*,#4882,.F.);
#3456=ORIENTED_EDGE('',*,*,#5449,.F.);
#3457=ORIENTED_EDGE('',*,*,#4922,.F.);
#3458=ORIENTED_EDGE('',*,*,#4929,.F.);
#3459=ORIENTED_EDGE('',*,*,#4912,.F.);
#3460=ORIENTED_EDGE('',*,*,#5450,.F.);
#3461=ORIENTED_EDGE('',*,*,#4952,.F.);
#3462=ORIENTED_EDGE('',*,*,#4959,.F.);
#3463=ORIENTED_EDGE('',*,*,#4942,.F.);
#3464=ORIENTED_EDGE('',*,*,#5451,.F.);
#3465=ORIENTED_EDGE('',*,*,#4982,.F.);
#3466=ORIENTED_EDGE('',*,*,#4989,.F.);
#3467=ORIENTED_EDGE('',*,*,#4972,.F.);
#3468=ORIENTED_EDGE('',*,*,#5452,.F.);
#3469=ORIENTED_EDGE('',*,*,#5012,.F.);
#3470=ORIENTED_EDGE('',*,*,#5019,.F.);
#3471=ORIENTED_EDGE('',*,*,#5002,.F.);
#3472=ORIENTED_EDGE('',*,*,#5453,.F.);
#3473=ORIENTED_EDGE('',*,*,#5042,.F.);
#3474=ORIENTED_EDGE('',*,*,#5049,.F.);
#3475=ORIENTED_EDGE('',*,*,#5032,.F.);
#3476=ORIENTED_EDGE('',*,*,#5454,.F.);
#3477=ORIENTED_EDGE('',*,*,#5072,.F.);
#3478=ORIENTED_EDGE('',*,*,#5079,.F.);
#3479=ORIENTED_EDGE('',*,*,#5062,.F.);
#3480=ORIENTED_EDGE('',*,*,#5455,.F.);
#3481=ORIENTED_EDGE('',*,*,#5102,.F.);
#3482=ORIENTED_EDGE('',*,*,#5109,.F.);
#3483=ORIENTED_EDGE('',*,*,#5092,.F.);
#3484=ORIENTED_EDGE('',*,*,#5456,.F.);
#3485=ORIENTED_EDGE('',*,*,#5132,.F.);
#3486=ORIENTED_EDGE('',*,*,#5139,.F.);
#3487=ORIENTED_EDGE('',*,*,#5122,.F.);
#3488=ORIENTED_EDGE('',*,*,#5457,.F.);
#3489=ORIENTED_EDGE('',*,*,#5162,.F.);
#3490=ORIENTED_EDGE('',*,*,#5169,.F.);
#3491=ORIENTED_EDGE('',*,*,#5152,.F.);
#3492=ORIENTED_EDGE('',*,*,#5458,.F.);
#3493=ORIENTED_EDGE('',*,*,#5192,.F.);
#3494=ORIENTED_EDGE('',*,*,#5199,.F.);
#3495=ORIENTED_EDGE('',*,*,#5182,.F.);
#3496=ORIENTED_EDGE('',*,*,#5459,.F.);
#3497=ORIENTED_EDGE('',*,*,#5222,.F.);
#3498=ORIENTED_EDGE('',*,*,#5229,.F.);
#3499=ORIENTED_EDGE('',*,*,#5212,.F.);
#3500=ORIENTED_EDGE('',*,*,#5460,.F.);
#3501=ORIENTED_EDGE('',*,*,#5252,.F.);
#3502=ORIENTED_EDGE('',*,*,#5259,.F.);
#3503=ORIENTED_EDGE('',*,*,#5242,.F.);
#3504=ORIENTED_EDGE('',*,*,#5461,.F.);
#3505=ORIENTED_EDGE('',*,*,#5282,.F.);
#3506=ORIENTED_EDGE('',*,*,#5289,.F.);
#3507=ORIENTED_EDGE('',*,*,#5272,.F.);
#3508=ORIENTED_EDGE('',*,*,#5462,.F.);
#3509=ORIENTED_EDGE('',*,*,#5312,.F.);
#3510=ORIENTED_EDGE('',*,*,#5319,.F.);
#3511=ORIENTED_EDGE('',*,*,#5302,.F.);
#3512=ORIENTED_EDGE('',*,*,#5463,.F.);
#3513=ORIENTED_EDGE('',*,*,#5342,.F.);
#3514=ORIENTED_EDGE('',*,*,#5349,.F.);
#3515=ORIENTED_EDGE('',*,*,#5332,.F.);
#3516=ORIENTED_EDGE('',*,*,#5464,.F.);
#3517=ORIENTED_EDGE('',*,*,#5372,.F.);
#3518=ORIENTED_EDGE('',*,*,#5379,.F.);
#3519=ORIENTED_EDGE('',*,*,#5362,.F.);
#3520=ORIENTED_EDGE('',*,*,#5465,.F.);
#3521=ORIENTED_EDGE('',*,*,#5402,.F.);
#3522=ORIENTED_EDGE('',*,*,#5409,.F.);
#3523=ORIENTED_EDGE('',*,*,#5392,.F.);
#3524=ORIENTED_EDGE('',*,*,#5466,.F.);
#3525=ORIENTED_EDGE('',*,*,#5423,.F.);
#3526=ORIENTED_EDGE('',*,*,#5415,.F.);
#3527=ORIENTED_EDGE('',*,*,#4590,.T.);
#3528=ORIENTED_EDGE('',*,*,#5467,.T.);
#3529=ORIENTED_EDGE('',*,*,#4584,.F.);
#3530=ORIENTED_EDGE('',*,*,#4839,.F.);
#3531=ORIENTED_EDGE('',*,*,#4835,.F.);
#3532=ORIENTED_EDGE('',*,*,#5468,.F.);
#3533=ORIENTED_EDGE('',*,*,#5424,.F.);
#3534=ORIENTED_EDGE('',*,*,#5466,.T.);
#3535=ORIENTED_EDGE('',*,*,#5391,.F.);
#3536=ORIENTED_EDGE('',*,*,#4759,.T.);
#3537=ORIENTED_EDGE('',*,*,#5425,.F.);
#3538=ORIENTED_EDGE('',*,*,#5468,.T.);
#3539=ORIENTED_EDGE('',*,*,#5390,.F.);
#3540=ORIENTED_EDGE('',*,*,#5469,.F.);
#3541=ORIENTED_EDGE('',*,*,#5403,.F.);
#3542=ORIENTED_EDGE('',*,*,#5465,.T.);
#3543=ORIENTED_EDGE('',*,*,#5361,.F.);
#3544=ORIENTED_EDGE('',*,*,#4755,.T.);
#3545=ORIENTED_EDGE('',*,*,#5404,.F.);
#3546=ORIENTED_EDGE('',*,*,#5469,.T.);
#3547=ORIENTED_EDGE('',*,*,#5360,.F.);
#3548=ORIENTED_EDGE('',*,*,#5470,.F.);
#3549=ORIENTED_EDGE('',*,*,#5373,.F.);
#3550=ORIENTED_EDGE('',*,*,#5464,.T.);
#3551=ORIENTED_EDGE('',*,*,#5331,.F.);
#3552=ORIENTED_EDGE('',*,*,#4751,.T.);
#3553=ORIENTED_EDGE('',*,*,#5374,.F.);
#3554=ORIENTED_EDGE('',*,*,#5470,.T.);
#3555=ORIENTED_EDGE('',*,*,#5330,.F.);
#3556=ORIENTED_EDGE('',*,*,#5471,.F.);
#3557=ORIENTED_EDGE('',*,*,#5343,.F.);
#3558=ORIENTED_EDGE('',*,*,#5463,.T.);
#3559=ORIENTED_EDGE('',*,*,#5301,.F.);
#3560=ORIENTED_EDGE('',*,*,#4747,.T.);
#3561=ORIENTED_EDGE('',*,*,#5344,.F.);
#3562=ORIENTED_EDGE('',*,*,#5471,.T.);
#3563=ORIENTED_EDGE('',*,*,#5300,.F.);
#3564=ORIENTED_EDGE('',*,*,#5472,.F.);
#3565=ORIENTED_EDGE('',*,*,#5313,.F.);
#3566=ORIENTED_EDGE('',*,*,#5462,.T.);
#3567=ORIENTED_EDGE('',*,*,#5271,.F.);
#3568=ORIENTED_EDGE('',*,*,#4743,.T.);
#3569=ORIENTED_EDGE('',*,*,#5314,.F.);
#3570=ORIENTED_EDGE('',*,*,#5472,.T.);
#3571=ORIENTED_EDGE('',*,*,#5270,.F.);
#3572=ORIENTED_EDGE('',*,*,#5473,.F.);
#3573=ORIENTED_EDGE('',*,*,#5283,.F.);
#3574=ORIENTED_EDGE('',*,*,#5461,.T.);
#3575=ORIENTED_EDGE('',*,*,#5241,.F.);
#3576=ORIENTED_EDGE('',*,*,#4739,.T.);
#3577=ORIENTED_EDGE('',*,*,#5284,.F.);
#3578=ORIENTED_EDGE('',*,*,#5473,.T.);
#3579=ORIENTED_EDGE('',*,*,#5240,.F.);
#3580=ORIENTED_EDGE('',*,*,#5474,.F.);
#3581=ORIENTED_EDGE('',*,*,#5253,.F.);
#3582=ORIENTED_EDGE('',*,*,#5460,.T.);
#3583=ORIENTED_EDGE('',*,*,#5211,.F.);
#3584=ORIENTED_EDGE('',*,*,#4735,.T.);
#3585=ORIENTED_EDGE('',*,*,#5254,.F.);
#3586=ORIENTED_EDGE('',*,*,#5474,.T.);
#3587=ORIENTED_EDGE('',*,*,#5210,.F.);
#3588=ORIENTED_EDGE('',*,*,#5475,.F.);
#3589=ORIENTED_EDGE('',*,*,#5223,.F.);
#3590=ORIENTED_EDGE('',*,*,#5459,.T.);
#3591=ORIENTED_EDGE('',*,*,#5181,.F.);
#3592=ORIENTED_EDGE('',*,*,#4731,.T.);
#3593=ORIENTED_EDGE('',*,*,#5224,.F.);
#3594=ORIENTED_EDGE('',*,*,#5475,.T.);
#3595=ORIENTED_EDGE('',*,*,#5180,.F.);
#3596=ORIENTED_EDGE('',*,*,#5476,.F.);
#3597=ORIENTED_EDGE('',*,*,#5193,.F.);
#3598=ORIENTED_EDGE('',*,*,#5458,.T.);
#3599=ORIENTED_EDGE('',*,*,#5151,.F.);
#3600=ORIENTED_EDGE('',*,*,#4727,.T.);
#3601=ORIENTED_EDGE('',*,*,#5194,.F.);
#3602=ORIENTED_EDGE('',*,*,#5476,.T.);
#3603=ORIENTED_EDGE('',*,*,#5150,.F.);
#3604=ORIENTED_EDGE('',*,*,#5477,.F.);
#3605=ORIENTED_EDGE('',*,*,#5163,.F.);
#3606=ORIENTED_EDGE('',*,*,#5457,.T.);
#3607=ORIENTED_EDGE('',*,*,#5121,.F.);
#3608=ORIENTED_EDGE('',*,*,#4723,.T.);
#3609=ORIENTED_EDGE('',*,*,#5164,.F.);
#3610=ORIENTED_EDGE('',*,*,#5477,.T.);
#3611=ORIENTED_EDGE('',*,*,#5120,.F.);
#3612=ORIENTED_EDGE('',*,*,#5478,.F.);
#3613=ORIENTED_EDGE('',*,*,#5133,.F.);
#3614=ORIENTED_EDGE('',*,*,#5456,.T.);
#3615=ORIENTED_EDGE('',*,*,#5091,.F.);
#3616=ORIENTED_EDGE('',*,*,#4719,.T.);
#3617=ORIENTED_EDGE('',*,*,#5134,.F.);
#3618=ORIENTED_EDGE('',*,*,#5478,.T.);
#3619=ORIENTED_EDGE('',*,*,#5090,.F.);
#3620=ORIENTED_EDGE('',*,*,#5479,.F.);
#3621=ORIENTED_EDGE('',*,*,#5103,.F.);
#3622=ORIENTED_EDGE('',*,*,#5455,.T.);
#3623=ORIENTED_EDGE('',*,*,#5061,.F.);
#3624=ORIENTED_EDGE('',*,*,#4715,.T.);
#3625=ORIENTED_EDGE('',*,*,#5104,.F.);
#3626=ORIENTED_EDGE('',*,*,#5479,.T.);
#3627=ORIENTED_EDGE('',*,*,#5060,.F.);
#3628=ORIENTED_EDGE('',*,*,#5480,.F.);
#3629=ORIENTED_EDGE('',*,*,#5073,.F.);
#3630=ORIENTED_EDGE('',*,*,#5454,.T.);
#3631=ORIENTED_EDGE('',*,*,#5031,.F.);
#3632=ORIENTED_EDGE('',*,*,#4711,.T.);
#3633=ORIENTED_EDGE('',*,*,#5074,.F.);
#3634=ORIENTED_EDGE('',*,*,#5480,.T.);
#3635=ORIENTED_EDGE('',*,*,#5030,.F.);
#3636=ORIENTED_EDGE('',*,*,#5481,.F.);
#3637=ORIENTED_EDGE('',*,*,#5043,.F.);
#3638=ORIENTED_EDGE('',*,*,#5453,.T.);
#3639=ORIENTED_EDGE('',*,*,#5001,.F.);
#3640=ORIENTED_EDGE('',*,*,#4707,.T.);
#3641=ORIENTED_EDGE('',*,*,#5044,.F.);
#3642=ORIENTED_EDGE('',*,*,#5481,.T.);
#3643=ORIENTED_EDGE('',*,*,#5000,.F.);
#3644=ORIENTED_EDGE('',*,*,#5482,.F.);
#3645=ORIENTED_EDGE('',*,*,#5013,.F.);
#3646=ORIENTED_EDGE('',*,*,#5452,.T.);
#3647=ORIENTED_EDGE('',*,*,#4971,.F.);
#3648=ORIENTED_EDGE('',*,*,#4703,.T.);
#3649=ORIENTED_EDGE('',*,*,#5014,.F.);
#3650=ORIENTED_EDGE('',*,*,#5482,.T.);
#3651=ORIENTED_EDGE('',*,*,#4970,.F.);
#3652=ORIENTED_EDGE('',*,*,#5483,.F.);
#3653=ORIENTED_EDGE('',*,*,#4983,.F.);
#3654=ORIENTED_EDGE('',*,*,#5451,.T.);
#3655=ORIENTED_EDGE('',*,*,#4941,.F.);
#3656=ORIENTED_EDGE('',*,*,#4699,.T.);
#3657=ORIENTED_EDGE('',*,*,#4984,.F.);
#3658=ORIENTED_EDGE('',*,*,#5483,.T.);
#3659=ORIENTED_EDGE('',*,*,#4940,.F.);
#3660=ORIENTED_EDGE('',*,*,#5484,.F.);
#3661=ORIENTED_EDGE('',*,*,#4953,.F.);
#3662=ORIENTED_EDGE('',*,*,#5450,.T.);
#3663=ORIENTED_EDGE('',*,*,#4911,.F.);
#3664=ORIENTED_EDGE('',*,*,#4695,.T.);
#3665=ORIENTED_EDGE('',*,*,#4954,.F.);
#3666=ORIENTED_EDGE('',*,*,#5484,.T.);
#3667=ORIENTED_EDGE('',*,*,#4910,.F.);
#3668=ORIENTED_EDGE('',*,*,#5485,.F.);
#3669=ORIENTED_EDGE('',*,*,#4923,.F.);
#3670=ORIENTED_EDGE('',*,*,#5449,.T.);
#3671=ORIENTED_EDGE('',*,*,#4881,.F.);
#3672=ORIENTED_EDGE('',*,*,#4691,.T.);
#3673=ORIENTED_EDGE('',*,*,#4924,.F.);
#3674=ORIENTED_EDGE('',*,*,#5485,.T.);
#3675=ORIENTED_EDGE('',*,*,#4880,.F.);
#3676=ORIENTED_EDGE('',*,*,#5486,.F.);
#3677=ORIENTED_EDGE('',*,*,#4893,.F.);
#3678=ORIENTED_EDGE('',*,*,#5448,.T.);
#3679=ORIENTED_EDGE('',*,*,#4851,.F.);
#3680=ORIENTED_EDGE('',*,*,#4687,.T.);
#3681=ORIENTED_EDGE('',*,*,#4894,.F.);
#3682=ORIENTED_EDGE('',*,*,#5486,.T.);
#3683=ORIENTED_EDGE('',*,*,#4850,.F.);
#3684=ORIENTED_EDGE('',*,*,#5487,.F.);
#3685=ORIENTED_EDGE('',*,*,#4863,.F.);
#3686=ORIENTED_EDGE('',*,*,#5447,.T.);
#3687=ORIENTED_EDGE('',*,*,#4834,.F.);
#3688=ORIENTED_EDGE('',*,*,#4683,.T.);
#3689=ORIENTED_EDGE('',*,*,#4864,.F.);
#3690=ORIENTED_EDGE('',*,*,#5487,.T.);
#3691=ORIENTED_EDGE('',*,*,#4833,.F.);
#3692=ORIENTED_EDGE('',*,*,#4585,.F.);
#3693=ORIENTED_EDGE('',*,*,#5467,.F.);
#3694=ORIENTED_EDGE('',*,*,#4589,.T.);
#3695=ORIENTED_EDGE('',*,*,#4600,.T.);
#3696=ORIENTED_EDGE('',*,*,#5488,.F.);
#3697=ORIENTED_EDGE('',*,*,#4856,.F.);
#3698=ORIENTED_EDGE('',*,*,#4867,.F.);
#3699=ORIENTED_EDGE('',*,*,#4845,.F.);
#3700=ORIENTED_EDGE('',*,*,#5489,.F.);
#3701=ORIENTED_EDGE('',*,*,#4886,.F.);
#3702=ORIENTED_EDGE('',*,*,#4897,.F.);
#3703=ORIENTED_EDGE('',*,*,#4875,.F.);
#3704=ORIENTED_EDGE('',*,*,#5490,.F.);
#3705=ORIENTED_EDGE('',*,*,#4916,.F.);
#3706=ORIENTED_EDGE('',*,*,#4927,.F.);
#3707=ORIENTED_EDGE('',*,*,#4905,.F.);
#3708=ORIENTED_EDGE('',*,*,#5491,.F.);
#3709=ORIENTED_EDGE('',*,*,#4946,.F.);
#3710=ORIENTED_EDGE('',*,*,#4957,.F.);
#3711=ORIENTED_EDGE('',*,*,#4935,.F.);
#3712=ORIENTED_EDGE('',*,*,#5492,.F.);
#3713=ORIENTED_EDGE('',*,*,#4976,.F.);
#3714=ORIENTED_EDGE('',*,*,#4987,.F.);
#3715=ORIENTED_EDGE('',*,*,#4965,.F.);
#3716=ORIENTED_EDGE('',*,*,#5493,.F.);
#3717=ORIENTED_EDGE('',*,*,#5006,.F.);
#3718=ORIENTED_EDGE('',*,*,#5017,.F.);
#3719=ORIENTED_EDGE('',*,*,#4995,.F.);
#3720=ORIENTED_EDGE('',*,*,#5494,.F.);
#3721=ORIENTED_EDGE('',*,*,#5036,.F.);
#3722=ORIENTED_EDGE('',*,*,#5047,.F.);
#3723=ORIENTED_EDGE('',*,*,#5025,.F.);
#3724=ORIENTED_EDGE('',*,*,#5495,.F.);
#3725=ORIENTED_EDGE('',*,*,#5066,.F.);
#3726=ORIENTED_EDGE('',*,*,#5077,.F.);
#3727=ORIENTED_EDGE('',*,*,#5055,.F.);
#3728=ORIENTED_EDGE('',*,*,#5496,.F.);
#3729=ORIENTED_EDGE('',*,*,#5096,.F.);
#3730=ORIENTED_EDGE('',*,*,#5107,.F.);
#3731=ORIENTED_EDGE('',*,*,#5085,.F.);
#3732=ORIENTED_EDGE('',*,*,#5497,.F.);
#3733=ORIENTED_EDGE('',*,*,#5126,.F.);
#3734=ORIENTED_EDGE('',*,*,#5137,.F.);
#3735=ORIENTED_EDGE('',*,*,#5115,.F.);
#3736=ORIENTED_EDGE('',*,*,#5498,.F.);
#3737=ORIENTED_EDGE('',*,*,#5156,.F.);
#3738=ORIENTED_EDGE('',*,*,#5167,.F.);
#3739=ORIENTED_EDGE('',*,*,#5145,.F.);
#3740=ORIENTED_EDGE('',*,*,#5499,.F.);
#3741=ORIENTED_EDGE('',*,*,#5186,.F.);
#3742=ORIENTED_EDGE('',*,*,#5197,.F.);
#3743=ORIENTED_EDGE('',*,*,#5175,.F.);
#3744=ORIENTED_EDGE('',*,*,#5500,.F.);
#3745=ORIENTED_EDGE('',*,*,#5216,.F.);
#3746=ORIENTED_EDGE('',*,*,#5227,.F.);
#3747=ORIENTED_EDGE('',*,*,#5205,.F.);
#3748=ORIENTED_EDGE('',*,*,#5501,.F.);
#3749=ORIENTED_EDGE('',*,*,#5246,.F.);
#3750=ORIENTED_EDGE('',*,*,#5257,.F.);
#3751=ORIENTED_EDGE('',*,*,#5235,.F.);
#3752=ORIENTED_EDGE('',*,*,#5502,.F.);
#3753=ORIENTED_EDGE('',*,*,#5276,.F.);
#3754=ORIENTED_EDGE('',*,*,#5287,.F.);
#3755=ORIENTED_EDGE('',*,*,#5265,.F.);
#3756=ORIENTED_EDGE('',*,*,#5503,.F.);
#3757=ORIENTED_EDGE('',*,*,#5306,.F.);
#3758=ORIENTED_EDGE('',*,*,#5317,.F.);
#3759=ORIENTED_EDGE('',*,*,#5295,.F.);
#3760=ORIENTED_EDGE('',*,*,#5504,.F.);
#3761=ORIENTED_EDGE('',*,*,#5336,.F.);
#3762=ORIENTED_EDGE('',*,*,#5347,.F.);
#3763=ORIENTED_EDGE('',*,*,#5325,.F.);
#3764=ORIENTED_EDGE('',*,*,#5505,.F.);
#3765=ORIENTED_EDGE('',*,*,#5366,.F.);
#3766=ORIENTED_EDGE('',*,*,#5377,.F.);
#3767=ORIENTED_EDGE('',*,*,#5355,.F.);
#3768=ORIENTED_EDGE('',*,*,#5506,.F.);
#3769=ORIENTED_EDGE('',*,*,#5396,.F.);
#3770=ORIENTED_EDGE('',*,*,#5407,.F.);
#3771=ORIENTED_EDGE('',*,*,#5385,.F.);
#3772=ORIENTED_EDGE('',*,*,#5507,.F.);
#3773=ORIENTED_EDGE('',*,*,#5418,.F.);
#3774=ORIENTED_EDGE('',*,*,#5412,.F.);
#3775=ORIENTED_EDGE('',*,*,#4594,.T.);
#3776=ORIENTED_EDGE('',*,*,#5508,.T.);
#3777=ORIENTED_EDGE('',*,*,#4580,.F.);
#3778=ORIENTED_EDGE('',*,*,#4837,.F.);
#3779=ORIENTED_EDGE('',*,*,#4828,.F.);
#3780=ORIENTED_EDGE('',*,*,#5384,.T.);
#3781=ORIENTED_EDGE('',*,*,#4763,.F.);
#3782=ORIENTED_EDGE('',*,*,#5419,.T.);
#3783=ORIENTED_EDGE('',*,*,#5507,.T.);
#3784=ORIENTED_EDGE('',*,*,#5354,.T.);
#3785=ORIENTED_EDGE('',*,*,#4766,.F.);
#3786=ORIENTED_EDGE('',*,*,#5397,.T.);
#3787=ORIENTED_EDGE('',*,*,#5506,.T.);
#3788=ORIENTED_EDGE('',*,*,#5324,.T.);
#3789=ORIENTED_EDGE('',*,*,#4769,.F.);
#3790=ORIENTED_EDGE('',*,*,#5367,.T.);
#3791=ORIENTED_EDGE('',*,*,#5505,.T.);
#3792=ORIENTED_EDGE('',*,*,#5294,.T.);
#3793=ORIENTED_EDGE('',*,*,#4772,.F.);
#3794=ORIENTED_EDGE('',*,*,#5337,.T.);
#3795=ORIENTED_EDGE('',*,*,#5504,.T.);
#3796=ORIENTED_EDGE('',*,*,#5264,.T.);
#3797=ORIENTED_EDGE('',*,*,#4775,.F.);
#3798=ORIENTED_EDGE('',*,*,#5307,.T.);
#3799=ORIENTED_EDGE('',*,*,#5503,.T.);
#3800=ORIENTED_EDGE('',*,*,#5234,.T.);
#3801=ORIENTED_EDGE('',*,*,#4778,.F.);
#3802=ORIENTED_EDGE('',*,*,#5277,.T.);
#3803=ORIENTED_EDGE('',*,*,#5502,.T.);
#3804=ORIENTED_EDGE('',*,*,#5204,.T.);
#3805=ORIENTED_EDGE('',*,*,#4781,.F.);
#3806=ORIENTED_EDGE('',*,*,#5247,.T.);
#3807=ORIENTED_EDGE('',*,*,#5501,.T.);
#3808=ORIENTED_EDGE('',*,*,#5174,.T.);
#3809=ORIENTED_EDGE('',*,*,#4784,.F.);
#3810=ORIENTED_EDGE('',*,*,#5217,.T.);
#3811=ORIENTED_EDGE('',*,*,#5500,.T.);
#3812=ORIENTED_EDGE('',*,*,#5144,.T.);
#3813=ORIENTED_EDGE('',*,*,#4787,.F.);
#3814=ORIENTED_EDGE('',*,*,#5187,.T.);
#3815=ORIENTED_EDGE('',*,*,#5499,.T.);
#3816=ORIENTED_EDGE('',*,*,#5114,.T.);
#3817=ORIENTED_EDGE('',*,*,#4790,.F.);
#3818=ORIENTED_EDGE('',*,*,#5157,.T.);
#3819=ORIENTED_EDGE('',*,*,#5498,.T.);
#3820=ORIENTED_EDGE('',*,*,#5084,.T.);
#3821=ORIENTED_EDGE('',*,*,#4793,.F.);
#3822=ORIENTED_EDGE('',*,*,#5127,.T.);
#3823=ORIENTED_EDGE('',*,*,#5497,.T.);
#3824=ORIENTED_EDGE('',*,*,#5054,.T.);
#3825=ORIENTED_EDGE('',*,*,#4796,.F.);
#3826=ORIENTED_EDGE('',*,*,#5097,.T.);
#3827=ORIENTED_EDGE('',*,*,#5496,.T.);
#3828=ORIENTED_EDGE('',*,*,#5024,.T.);
#3829=ORIENTED_EDGE('',*,*,#4799,.F.);
#3830=ORIENTED_EDGE('',*,*,#5067,.T.);
#3831=ORIENTED_EDGE('',*,*,#5495,.T.);
#3832=ORIENTED_EDGE('',*,*,#4994,.T.);
#3833=ORIENTED_EDGE('',*,*,#4802,.F.);
#3834=ORIENTED_EDGE('',*,*,#5037,.T.);
#3835=ORIENTED_EDGE('',*,*,#5494,.T.);
#3836=ORIENTED_EDGE('',*,*,#4964,.T.);
#3837=ORIENTED_EDGE('',*,*,#4805,.F.);
#3838=ORIENTED_EDGE('',*,*,#5007,.T.);
#3839=ORIENTED_EDGE('',*,*,#5493,.T.);
#3840=ORIENTED_EDGE('',*,*,#4934,.T.);
#3841=ORIENTED_EDGE('',*,*,#4808,.F.);
#3842=ORIENTED_EDGE('',*,*,#4977,.T.);
#3843=ORIENTED_EDGE('',*,*,#5492,.T.);
#3844=ORIENTED_EDGE('',*,*,#4904,.T.);
#3845=ORIENTED_EDGE('',*,*,#4811,.F.);
#3846=ORIENTED_EDGE('',*,*,#4947,.T.);
#3847=ORIENTED_EDGE('',*,*,#5491,.T.);
#3848=ORIENTED_EDGE('',*,*,#4874,.T.);
#3849=ORIENTED_EDGE('',*,*,#4814,.F.);
#3850=ORIENTED_EDGE('',*,*,#4917,.T.);
#3851=ORIENTED_EDGE('',*,*,#5490,.T.);
#3852=ORIENTED_EDGE('',*,*,#4844,.T.);
#3853=ORIENTED_EDGE('',*,*,#4817,.F.);
#3854=ORIENTED_EDGE('',*,*,#4887,.T.);
#3855=ORIENTED_EDGE('',*,*,#5489,.T.);
#3856=ORIENTED_EDGE('',*,*,#4827,.T.);
#3857=ORIENTED_EDGE('',*,*,#4820,.F.);
#3858=ORIENTED_EDGE('',*,*,#4857,.T.);
#3859=ORIENTED_EDGE('',*,*,#5488,.T.);
#3860=ORIENTED_EDGE('',*,*,#5388,.T.);
#3861=ORIENTED_EDGE('',*,*,#5509,.F.);
#3862=ORIENTED_EDGE('',*,*,#5421,.T.);
#3863=ORIENTED_EDGE('',*,*,#5427,.T.);
#3864=ORIENTED_EDGE('',*,*,#4838,.F.);
#3865=ORIENTED_EDGE('',*,*,#4582,.F.);
#3866=ORIENTED_EDGE('',*,*,#5510,.F.);
#3867=ORIENTED_EDGE('',*,*,#4592,.T.);
#3868=ORIENTED_EDGE('',*,*,#5414,.F.);
#3869=ORIENTED_EDGE('',*,*,#5422,.F.);
#3870=ORIENTED_EDGE('',*,*,#5509,.T.);
#3871=ORIENTED_EDGE('',*,*,#5387,.F.);
#3872=ORIENTED_EDGE('',*,*,#5408,.F.);
#3873=ORIENTED_EDGE('',*,*,#5400,.F.);
#3874=ORIENTED_EDGE('',*,*,#5511,.T.);
#3875=ORIENTED_EDGE('',*,*,#5357,.F.);
#3876=ORIENTED_EDGE('',*,*,#5378,.F.);
#3877=ORIENTED_EDGE('',*,*,#5370,.F.);
#3878=ORIENTED_EDGE('',*,*,#5512,.T.);
#3879=ORIENTED_EDGE('',*,*,#5327,.F.);
#3880=ORIENTED_EDGE('',*,*,#5348,.F.);
#3881=ORIENTED_EDGE('',*,*,#5340,.F.);
#3882=ORIENTED_EDGE('',*,*,#5513,.T.);
#3883=ORIENTED_EDGE('',*,*,#5297,.F.);
#3884=ORIENTED_EDGE('',*,*,#5318,.F.);
#3885=ORIENTED_EDGE('',*,*,#5310,.F.);
#3886=ORIENTED_EDGE('',*,*,#5514,.T.);
#3887=ORIENTED_EDGE('',*,*,#5267,.F.);
#3888=ORIENTED_EDGE('',*,*,#5288,.F.);
#3889=ORIENTED_EDGE('',*,*,#5280,.F.);
#3890=ORIENTED_EDGE('',*,*,#5515,.T.);
#3891=ORIENTED_EDGE('',*,*,#5237,.F.);
#3892=ORIENTED_EDGE('',*,*,#5258,.F.);
#3893=ORIENTED_EDGE('',*,*,#5250,.F.);
#3894=ORIENTED_EDGE('',*,*,#5516,.T.);
#3895=ORIENTED_EDGE('',*,*,#5207,.F.);
#3896=ORIENTED_EDGE('',*,*,#5228,.F.);
#3897=ORIENTED_EDGE('',*,*,#5220,.F.);
#3898=ORIENTED_EDGE('',*,*,#5517,.T.);
#3899=ORIENTED_EDGE('',*,*,#5177,.F.);
#3900=ORIENTED_EDGE('',*,*,#5198,.F.);
#3901=ORIENTED_EDGE('',*,*,#5190,.F.);
#3902=ORIENTED_EDGE('',*,*,#5518,.T.);
#3903=ORIENTED_EDGE('',*,*,#5147,.F.);
#3904=ORIENTED_EDGE('',*,*,#5168,.F.);
#3905=ORIENTED_EDGE('',*,*,#5160,.F.);
#3906=ORIENTED_EDGE('',*,*,#5519,.T.);
#3907=ORIENTED_EDGE('',*,*,#5117,.F.);
#3908=ORIENTED_EDGE('',*,*,#5138,.F.);
#3909=ORIENTED_EDGE('',*,*,#5130,.F.);
#3910=ORIENTED_EDGE('',*,*,#5520,.T.);
#3911=ORIENTED_EDGE('',*,*,#5087,.F.);
#3912=ORIENTED_EDGE('',*,*,#5108,.F.);
#3913=ORIENTED_EDGE('',*,*,#5100,.F.);
#3914=ORIENTED_EDGE('',*,*,#5521,.T.);
#3915=ORIENTED_EDGE('',*,*,#5057,.F.);
#3916=ORIENTED_EDGE('',*,*,#5078,.F.);
#3917=ORIENTED_EDGE('',*,*,#5070,.F.);
#3918=ORIENTED_EDGE('',*,*,#5522,.T.);
#3919=ORIENTED_EDGE('',*,*,#5027,.F.);
#3920=ORIENTED_EDGE('',*,*,#5048,.F.);
#3921=ORIENTED_EDGE('',*,*,#5040,.F.);
#3922=ORIENTED_EDGE('',*,*,#5523,.T.);
#3923=ORIENTED_EDGE('',*,*,#4997,.F.);
#3924=ORIENTED_EDGE('',*,*,#5018,.F.);
#3925=ORIENTED_EDGE('',*,*,#5010,.F.);
#3926=ORIENTED_EDGE('',*,*,#5524,.T.);
#3927=ORIENTED_EDGE('',*,*,#4967,.F.);
#3928=ORIENTED_EDGE('',*,*,#4988,.F.);
#3929=ORIENTED_EDGE('',*,*,#4980,.F.);
#3930=ORIENTED_EDGE('',*,*,#5525,.T.);
#3931=ORIENTED_EDGE('',*,*,#4937,.F.);
#3932=ORIENTED_EDGE('',*,*,#4958,.F.);
#3933=ORIENTED_EDGE('',*,*,#4950,.F.);
#3934=ORIENTED_EDGE('',*,*,#5526,.T.);
#3935=ORIENTED_EDGE('',*,*,#4907,.F.);
#3936=ORIENTED_EDGE('',*,*,#4928,.F.);
#3937=ORIENTED_EDGE('',*,*,#4920,.F.);
#3938=ORIENTED_EDGE('',*,*,#5527,.T.);
#3939=ORIENTED_EDGE('',*,*,#4877,.F.);
#3940=ORIENTED_EDGE('',*,*,#4898,.F.);
#3941=ORIENTED_EDGE('',*,*,#4890,.F.);
#3942=ORIENTED_EDGE('',*,*,#5528,.T.);
#3943=ORIENTED_EDGE('',*,*,#4847,.F.);
#3944=ORIENTED_EDGE('',*,*,#4868,.F.);
#3945=ORIENTED_EDGE('',*,*,#4860,.F.);
#3946=ORIENTED_EDGE('',*,*,#5529,.T.);
#3947=ORIENTED_EDGE('',*,*,#4830,.F.);
#3948=ORIENTED_EDGE('',*,*,#5358,.T.);
#3949=ORIENTED_EDGE('',*,*,#5511,.F.);
#3950=ORIENTED_EDGE('',*,*,#5399,.T.);
#3951=ORIENTED_EDGE('',*,*,#5428,.T.);
#3952=ORIENTED_EDGE('',*,*,#5328,.T.);
#3953=ORIENTED_EDGE('',*,*,#5512,.F.);
#3954=ORIENTED_EDGE('',*,*,#5369,.T.);
#3955=ORIENTED_EDGE('',*,*,#5429,.T.);
#3956=ORIENTED_EDGE('',*,*,#5298,.T.);
#3957=ORIENTED_EDGE('',*,*,#5513,.F.);
#3958=ORIENTED_EDGE('',*,*,#5339,.T.);
#3959=ORIENTED_EDGE('',*,*,#5430,.T.);
#3960=ORIENTED_EDGE('',*,*,#5268,.T.);
#3961=ORIENTED_EDGE('',*,*,#5514,.F.);
#3962=ORIENTED_EDGE('',*,*,#5309,.T.);
#3963=ORIENTED_EDGE('',*,*,#5431,.T.);
#3964=ORIENTED_EDGE('',*,*,#5238,.T.);
#3965=ORIENTED_EDGE('',*,*,#5515,.F.);
#3966=ORIENTED_EDGE('',*,*,#5279,.T.);
#3967=ORIENTED_EDGE('',*,*,#5432,.T.);
#3968=ORIENTED_EDGE('',*,*,#5208,.T.);
#3969=ORIENTED_EDGE('',*,*,#5516,.F.);
#3970=ORIENTED_EDGE('',*,*,#5249,.T.);
#3971=ORIENTED_EDGE('',*,*,#5433,.T.);
#3972=ORIENTED_EDGE('',*,*,#5178,.T.);
#3973=ORIENTED_EDGE('',*,*,#5517,.F.);
#3974=ORIENTED_EDGE('',*,*,#5219,.T.);
#3975=ORIENTED_EDGE('',*,*,#5434,.T.);
#3976=ORIENTED_EDGE('',*,*,#5148,.T.);
#3977=ORIENTED_EDGE('',*,*,#5518,.F.);
#3978=ORIENTED_EDGE('',*,*,#5189,.T.);
#3979=ORIENTED_EDGE('',*,*,#5435,.T.);
#3980=ORIENTED_EDGE('',*,*,#5118,.T.);
#3981=ORIENTED_EDGE('',*,*,#5519,.F.);
#3982=ORIENTED_EDGE('',*,*,#5159,.T.);
#3983=ORIENTED_EDGE('',*,*,#5436,.T.);
#3984=ORIENTED_EDGE('',*,*,#5088,.T.);
#3985=ORIENTED_EDGE('',*,*,#5520,.F.);
#3986=ORIENTED_EDGE('',*,*,#5129,.T.);
#3987=ORIENTED_EDGE('',*,*,#5437,.T.);
#3988=ORIENTED_EDGE('',*,*,#5058,.T.);
#3989=ORIENTED_EDGE('',*,*,#5521,.F.);
#3990=ORIENTED_EDGE('',*,*,#5099,.T.);
#3991=ORIENTED_EDGE('',*,*,#5438,.T.);
#3992=ORIENTED_EDGE('',*,*,#5028,.T.);
#3993=ORIENTED_EDGE('',*,*,#5522,.F.);
#3994=ORIENTED_EDGE('',*,*,#5069,.T.);
#3995=ORIENTED_EDGE('',*,*,#5439,.T.);
#3996=ORIENTED_EDGE('',*,*,#4998,.T.);
#3997=ORIENTED_EDGE('',*,*,#5523,.F.);
#3998=ORIENTED_EDGE('',*,*,#5039,.T.);
#3999=ORIENTED_EDGE('',*,*,#5440,.T.);
#4000=ORIENTED_EDGE('',*,*,#4968,.T.);
#4001=ORIENTED_EDGE('',*,*,#5524,.F.);
#4002=ORIENTED_EDGE('',*,*,#5009,.T.);
#4003=ORIENTED_EDGE('',*,*,#5441,.T.);
#4004=ORIENTED_EDGE('',*,*,#4938,.T.);
#4005=ORIENTED_EDGE('',*,*,#5525,.F.);
#4006=ORIENTED_EDGE('',*,*,#4979,.T.);
#4007=ORIENTED_EDGE('',*,*,#5442,.T.);
#4008=ORIENTED_EDGE('',*,*,#4908,.T.);
#4009=ORIENTED_EDGE('',*,*,#5526,.F.);
#4010=ORIENTED_EDGE('',*,*,#4949,.T.);
#4011=ORIENTED_EDGE('',*,*,#5443,.T.);
#4012=ORIENTED_EDGE('',*,*,#4878,.T.);
#4013=ORIENTED_EDGE('',*,*,#5527,.F.);
#4014=ORIENTED_EDGE('',*,*,#4919,.T.);
#4015=ORIENTED_EDGE('',*,*,#5444,.T.);
#4016=ORIENTED_EDGE('',*,*,#4848,.T.);
#4017=ORIENTED_EDGE('',*,*,#5528,.F.);
#4018=ORIENTED_EDGE('',*,*,#4889,.T.);
#4019=ORIENTED_EDGE('',*,*,#5445,.T.);
#4020=ORIENTED_EDGE('',*,*,#4831,.T.);
#4021=ORIENTED_EDGE('',*,*,#5529,.F.);
#4022=ORIENTED_EDGE('',*,*,#4859,.T.);
#4023=ORIENTED_EDGE('',*,*,#5446,.T.);
#4024=ORIENTED_EDGE('',*,*,#4581,.F.);
#4025=ORIENTED_EDGE('',*,*,#5508,.F.);
#4026=ORIENTED_EDGE('',*,*,#4593,.T.);
#4027=ORIENTED_EDGE('',*,*,#5510,.T.);
#4028=ORIENTED_EDGE('',*,*,#5530,.F.);
#4029=ORIENTED_EDGE('',*,*,#4883,.F.);
#4030=ORIENTED_EDGE('',*,*,#5531,.T.);
#4031=ORIENTED_EDGE('',*,*,#4842,.F.);
#4032=ORIENTED_EDGE('',*,*,#5532,.F.);
#4033=ORIENTED_EDGE('',*,*,#4913,.F.);
#4034=ORIENTED_EDGE('',*,*,#5533,.T.);
#4035=ORIENTED_EDGE('',*,*,#4872,.F.);
#4036=ORIENTED_EDGE('',*,*,#5534,.F.);
#4037=ORIENTED_EDGE('',*,*,#4943,.F.);
#4038=ORIENTED_EDGE('',*,*,#5535,.T.);
#4039=ORIENTED_EDGE('',*,*,#4902,.F.);
#4040=ORIENTED_EDGE('',*,*,#5536,.F.);
#4041=ORIENTED_EDGE('',*,*,#4973,.F.);
#4042=ORIENTED_EDGE('',*,*,#5537,.T.);
#4043=ORIENTED_EDGE('',*,*,#4932,.F.);
#4044=ORIENTED_EDGE('',*,*,#5538,.F.);
#4045=ORIENTED_EDGE('',*,*,#5003,.F.);
#4046=ORIENTED_EDGE('',*,*,#5539,.T.);
#4047=ORIENTED_EDGE('',*,*,#4962,.F.);
#4048=ORIENTED_EDGE('',*,*,#5540,.F.);
#4049=ORIENTED_EDGE('',*,*,#5033,.F.);
#4050=ORIENTED_EDGE('',*,*,#5541,.T.);
#4051=ORIENTED_EDGE('',*,*,#4992,.F.);
#4052=ORIENTED_EDGE('',*,*,#5542,.F.);
#4053=ORIENTED_EDGE('',*,*,#5063,.F.);
#4054=ORIENTED_EDGE('',*,*,#5543,.T.);
#4055=ORIENTED_EDGE('',*,*,#5022,.F.);
#4056=ORIENTED_EDGE('',*,*,#5544,.F.);
#4057=ORIENTED_EDGE('',*,*,#5093,.F.);
#4058=ORIENTED_EDGE('',*,*,#5545,.T.);
#4059=ORIENTED_EDGE('',*,*,#5052,.F.);
#4060=ORIENTED_EDGE('',*,*,#5546,.F.);
#4061=ORIENTED_EDGE('',*,*,#5123,.F.);
#4062=ORIENTED_EDGE('',*,*,#5547,.T.);
#4063=ORIENTED_EDGE('',*,*,#5082,.F.);
#4064=ORIENTED_EDGE('',*,*,#5548,.F.);
#4065=ORIENTED_EDGE('',*,*,#5153,.F.);
#4066=ORIENTED_EDGE('',*,*,#5549,.T.);
#4067=ORIENTED_EDGE('',*,*,#5112,.F.);
#4068=ORIENTED_EDGE('',*,*,#5550,.F.);
#4069=ORIENTED_EDGE('',*,*,#5183,.F.);
#4070=ORIENTED_EDGE('',*,*,#5551,.T.);
#4071=ORIENTED_EDGE('',*,*,#5142,.F.);
#4072=ORIENTED_EDGE('',*,*,#5552,.F.);
#4073=ORIENTED_EDGE('',*,*,#5213,.F.);
#4074=ORIENTED_EDGE('',*,*,#5553,.T.);
#4075=ORIENTED_EDGE('',*,*,#5172,.F.);
#4076=ORIENTED_EDGE('',*,*,#5554,.F.);
#4077=ORIENTED_EDGE('',*,*,#5243,.F.);
#4078=ORIENTED_EDGE('',*,*,#5555,.T.);
#4079=ORIENTED_EDGE('',*,*,#5202,.F.);
#4080=ORIENTED_EDGE('',*,*,#5556,.F.);
#4081=ORIENTED_EDGE('',*,*,#5273,.F.);
#4082=ORIENTED_EDGE('',*,*,#5557,.T.);
#4083=ORIENTED_EDGE('',*,*,#5232,.F.);
#4084=ORIENTED_EDGE('',*,*,#5558,.F.);
#4085=ORIENTED_EDGE('',*,*,#5303,.F.);
#4086=ORIENTED_EDGE('',*,*,#5559,.T.);
#4087=ORIENTED_EDGE('',*,*,#5262,.F.);
#4088=ORIENTED_EDGE('',*,*,#5560,.F.);
#4089=ORIENTED_EDGE('',*,*,#5333,.F.);
#4090=ORIENTED_EDGE('',*,*,#5561,.T.);
#4091=ORIENTED_EDGE('',*,*,#5292,.F.);
#4092=ORIENTED_EDGE('',*,*,#5562,.F.);
#4093=ORIENTED_EDGE('',*,*,#5363,.F.);
#4094=ORIENTED_EDGE('',*,*,#5563,.T.);
#4095=ORIENTED_EDGE('',*,*,#5322,.F.);
#4096=ORIENTED_EDGE('',*,*,#5564,.F.);
#4097=ORIENTED_EDGE('',*,*,#5393,.F.);
#4098=ORIENTED_EDGE('',*,*,#5565,.T.);
#4099=ORIENTED_EDGE('',*,*,#5352,.F.);
#4100=ORIENTED_EDGE('',*,*,#5566,.F.);
#4101=ORIENTED_EDGE('',*,*,#5416,.F.);
#4102=ORIENTED_EDGE('',*,*,#5567,.T.);
#4103=ORIENTED_EDGE('',*,*,#5382,.F.);
#4104=ORIENTED_EDGE('',*,*,#5568,.F.);
#4105=ORIENTED_EDGE('',*,*,#4858,.F.);
#4106=ORIENTED_EDGE('',*,*,#4679,.T.);
#4107=ORIENTED_EDGE('',*,*,#4826,.F.);
#4108=ORIENTED_EDGE('',*,*,#5531,.F.);
#4109=ORIENTED_EDGE('',*,*,#4888,.F.);
#4110=ORIENTED_EDGE('',*,*,#4675,.T.);
#4111=ORIENTED_EDGE('',*,*,#4843,.F.);
#4112=ORIENTED_EDGE('',*,*,#5533,.F.);
#4113=ORIENTED_EDGE('',*,*,#4918,.F.);
#4114=ORIENTED_EDGE('',*,*,#4671,.T.);
#4115=ORIENTED_EDGE('',*,*,#4873,.F.);
#4116=ORIENTED_EDGE('',*,*,#5535,.F.);
#4117=ORIENTED_EDGE('',*,*,#4948,.F.);
#4118=ORIENTED_EDGE('',*,*,#4667,.T.);
#4119=ORIENTED_EDGE('',*,*,#4903,.F.);
#4120=ORIENTED_EDGE('',*,*,#5537,.F.);
#4121=ORIENTED_EDGE('',*,*,#4978,.F.);
#4122=ORIENTED_EDGE('',*,*,#4663,.T.);
#4123=ORIENTED_EDGE('',*,*,#4933,.F.);
#4124=ORIENTED_EDGE('',*,*,#5539,.F.);
#4125=ORIENTED_EDGE('',*,*,#5008,.F.);
#4126=ORIENTED_EDGE('',*,*,#4659,.T.);
#4127=ORIENTED_EDGE('',*,*,#4963,.F.);
#4128=ORIENTED_EDGE('',*,*,#5541,.F.);
#4129=ORIENTED_EDGE('',*,*,#5038,.F.);
#4130=ORIENTED_EDGE('',*,*,#4655,.T.);
#4131=ORIENTED_EDGE('',*,*,#4993,.F.);
#4132=ORIENTED_EDGE('',*,*,#5543,.F.);
#4133=ORIENTED_EDGE('',*,*,#5068,.F.);
#4134=ORIENTED_EDGE('',*,*,#4651,.T.);
#4135=ORIENTED_EDGE('',*,*,#5023,.F.);
#4136=ORIENTED_EDGE('',*,*,#5545,.F.);
#4137=ORIENTED_EDGE('',*,*,#5098,.F.);
#4138=ORIENTED_EDGE('',*,*,#4647,.T.);
#4139=ORIENTED_EDGE('',*,*,#5053,.F.);
#4140=ORIENTED_EDGE('',*,*,#5547,.F.);
#4141=ORIENTED_EDGE('',*,*,#5128,.F.);
#4142=ORIENTED_EDGE('',*,*,#4643,.T.);
#4143=ORIENTED_EDGE('',*,*,#5083,.F.);
#4144=ORIENTED_EDGE('',*,*,#5549,.F.);
#4145=ORIENTED_EDGE('',*,*,#5158,.F.);
#4146=ORIENTED_EDGE('',*,*,#4639,.T.);
#4147=ORIENTED_EDGE('',*,*,#5113,.F.);
#4148=ORIENTED_EDGE('',*,*,#5551,.F.);
#4149=ORIENTED_EDGE('',*,*,#5188,.F.);
#4150=ORIENTED_EDGE('',*,*,#4635,.T.);
#4151=ORIENTED_EDGE('',*,*,#5143,.F.);
#4152=ORIENTED_EDGE('',*,*,#5553,.F.);
#4153=ORIENTED_EDGE('',*,*,#5218,.F.);
#4154=ORIENTED_EDGE('',*,*,#4631,.T.);
#4155=ORIENTED_EDGE('',*,*,#5173,.F.);
#4156=ORIENTED_EDGE('',*,*,#5555,.F.);
#4157=ORIENTED_EDGE('',*,*,#5248,.F.);
#4158=ORIENTED_EDGE('',*,*,#4627,.T.);
#4159=ORIENTED_EDGE('',*,*,#5203,.F.);
#4160=ORIENTED_EDGE('',*,*,#5557,.F.);
#4161=ORIENTED_EDGE('',*,*,#5278,.F.);
#4162=ORIENTED_EDGE('',*,*,#4623,.T.);
#4163=ORIENTED_EDGE('',*,*,#5233,.F.);
#4164=ORIENTED_EDGE('',*,*,#5559,.F.);
#4165=ORIENTED_EDGE('',*,*,#5308,.F.);
#4166=ORIENTED_EDGE('',*,*,#4619,.T.);
#4167=ORIENTED_EDGE('',*,*,#5263,.F.);
#4168=ORIENTED_EDGE('',*,*,#5561,.F.);
#4169=ORIENTED_EDGE('',*,*,#5338,.F.);
#4170=ORIENTED_EDGE('',*,*,#4615,.T.);
#4171=ORIENTED_EDGE('',*,*,#5293,.F.);
#4172=ORIENTED_EDGE('',*,*,#5563,.F.);
#4173=ORIENTED_EDGE('',*,*,#5368,.F.);
#4174=ORIENTED_EDGE('',*,*,#4611,.T.);
#4175=ORIENTED_EDGE('',*,*,#5323,.F.);
#4176=ORIENTED_EDGE('',*,*,#5565,.F.);
#4177=ORIENTED_EDGE('',*,*,#5398,.F.);
#4178=ORIENTED_EDGE('',*,*,#4607,.T.);
#4179=ORIENTED_EDGE('',*,*,#5353,.F.);
#4180=ORIENTED_EDGE('',*,*,#4577,.F.);
#4181=ORIENTED_EDGE('',*,*,#4602,.F.);
#4182=ORIENTED_EDGE('',*,*,#4597,.T.);
#4183=ORIENTED_EDGE('',*,*,#5569,.T.);
#4184=ORIENTED_EDGE('',*,*,#4836,.F.);
#4185=ORIENTED_EDGE('',*,*,#4578,.F.);
#4186=ORIENTED_EDGE('',*,*,#5569,.F.);
#4187=ORIENTED_EDGE('',*,*,#4596,.T.);
#4188=ORIENTED_EDGE('',*,*,#5411,.F.);
#4189=ORIENTED_EDGE('',*,*,#5417,.F.);
#4190=ORIENTED_EDGE('',*,*,#5566,.T.);
#4191=ORIENTED_EDGE('',*,*,#5381,.F.);
#4192=ORIENTED_EDGE('',*,*,#5406,.F.);
#4193=ORIENTED_EDGE('',*,*,#5394,.F.);
#4194=ORIENTED_EDGE('',*,*,#5564,.T.);
#4195=ORIENTED_EDGE('',*,*,#5351,.F.);
#4196=ORIENTED_EDGE('',*,*,#5376,.F.);
#4197=ORIENTED_EDGE('',*,*,#5364,.F.);
#4198=ORIENTED_EDGE('',*,*,#5562,.T.);
#4199=ORIENTED_EDGE('',*,*,#5321,.F.);
#4200=ORIENTED_EDGE('',*,*,#5346,.F.);
#4201=ORIENTED_EDGE('',*,*,#5334,.F.);
#4202=ORIENTED_EDGE('',*,*,#5560,.T.);
#4203=ORIENTED_EDGE('',*,*,#5291,.F.);
#4204=ORIENTED_EDGE('',*,*,#5316,.F.);
#4205=ORIENTED_EDGE('',*,*,#5304,.F.);
#4206=ORIENTED_EDGE('',*,*,#5558,.T.);
#4207=ORIENTED_EDGE('',*,*,#5261,.F.);
#4208=ORIENTED_EDGE('',*,*,#5286,.F.);
#4209=ORIENTED_EDGE('',*,*,#5274,.F.);
#4210=ORIENTED_EDGE('',*,*,#5556,.T.);
#4211=ORIENTED_EDGE('',*,*,#5231,.F.);
#4212=ORIENTED_EDGE('',*,*,#5256,.F.);
#4213=ORIENTED_EDGE('',*,*,#5244,.F.);
#4214=ORIENTED_EDGE('',*,*,#5554,.T.);
#4215=ORIENTED_EDGE('',*,*,#5201,.F.);
#4216=ORIENTED_EDGE('',*,*,#5226,.F.);
#4217=ORIENTED_EDGE('',*,*,#5214,.F.);
#4218=ORIENTED_EDGE('',*,*,#5552,.T.);
#4219=ORIENTED_EDGE('',*,*,#5171,.F.);
#4220=ORIENTED_EDGE('',*,*,#5196,.F.);
#4221=ORIENTED_EDGE('',*,*,#5184,.F.);
#4222=ORIENTED_EDGE('',*,*,#5550,.T.);
#4223=ORIENTED_EDGE('',*,*,#5141,.F.);
#4224=ORIENTED_EDGE('',*,*,#5166,.F.);
#4225=ORIENTED_EDGE('',*,*,#5154,.F.);
#4226=ORIENTED_EDGE('',*,*,#5548,.T.);
#4227=ORIENTED_EDGE('',*,*,#5111,.F.);
#4228=ORIENTED_EDGE('',*,*,#5136,.F.);
#4229=ORIENTED_EDGE('',*,*,#5124,.F.);
#4230=ORIENTED_EDGE('',*,*,#5546,.T.);
#4231=ORIENTED_EDGE('',*,*,#5081,.F.);
#4232=ORIENTED_EDGE('',*,*,#5106,.F.);
#4233=ORIENTED_EDGE('',*,*,#5094,.F.);
#4234=ORIENTED_EDGE('',*,*,#5544,.T.);
#4235=ORIENTED_EDGE('',*,*,#5051,.F.);
#4236=ORIENTED_EDGE('',*,*,#5076,.F.);
#4237=ORIENTED_EDGE('',*,*,#5064,.F.);
#4238=ORIENTED_EDGE('',*,*,#5542,.T.);
#4239=ORIENTED_EDGE('',*,*,#5021,.F.);
#4240=ORIENTED_EDGE('',*,*,#5046,.F.);
#4241=ORIENTED_EDGE('',*,*,#5034,.F.);
#4242=ORIENTED_EDGE('',*,*,#5540,.T.);
#4243=ORIENTED_EDGE('',*,*,#4991,.F.);
#4244=ORIENTED_EDGE('',*,*,#5016,.F.);
#4245=ORIENTED_EDGE('',*,*,#5004,.F.);
#4246=ORIENTED_EDGE('',*,*,#5538,.T.);
#4247=ORIENTED_EDGE('',*,*,#4961,.F.);
#4248=ORIENTED_EDGE('',*,*,#4986,.F.);
#4249=ORIENTED_EDGE('',*,*,#4974,.F.);
#4250=ORIENTED_EDGE('',*,*,#5536,.T.);
#4251=ORIENTED_EDGE('',*,*,#4931,.F.);
#4252=ORIENTED_EDGE('',*,*,#4956,.F.);
#4253=ORIENTED_EDGE('',*,*,#4944,.F.);
#4254=ORIENTED_EDGE('',*,*,#5534,.T.);
#4255=ORIENTED_EDGE('',*,*,#4901,.F.);
#4256=ORIENTED_EDGE('',*,*,#4926,.F.);
#4257=ORIENTED_EDGE('',*,*,#4914,.F.);
#4258=ORIENTED_EDGE('',*,*,#5532,.T.);
#4259=ORIENTED_EDGE('',*,*,#4871,.F.);
#4260=ORIENTED_EDGE('',*,*,#4896,.F.);
#4261=ORIENTED_EDGE('',*,*,#4884,.F.);
#4262=ORIENTED_EDGE('',*,*,#5530,.T.);
#4263=ORIENTED_EDGE('',*,*,#4841,.F.);
#4264=ORIENTED_EDGE('',*,*,#4866,.F.);
#4265=ORIENTED_EDGE('',*,*,#4854,.F.);
#4266=ORIENTED_EDGE('',*,*,#5570,.T.);
#4267=ORIENTED_EDGE('',*,*,#4824,.F.);
#4268=ORIENTED_EDGE('',*,*,#5570,.F.);
#4269=ORIENTED_EDGE('',*,*,#4853,.F.);
#4270=ORIENTED_EDGE('',*,*,#5568,.T.);
#4271=ORIENTED_EDGE('',*,*,#4825,.F.);
#4272=ORIENTED_EDGE('',*,*,#5567,.F.);
#4273=ORIENTED_EDGE('',*,*,#5420,.F.);
#4274=ORIENTED_EDGE('',*,*,#4603,.T.);
#4275=ORIENTED_EDGE('',*,*,#5383,.F.);
#4276=ORIENTED_EDGE('',*,*,#4587,.T.);
#4277=ORIENTED_EDGE('',*,*,#4601,.F.);
#4278=ORIENTED_EDGE('',*,*,#4575,.T.);
#4279=ORIENTED_EDGE('',*,*,#4599,.F.);
#4280=ORIENTED_EDGE('',*,*,#5571,.F.);
#4281=ORIENTED_EDGE('',*,*,#5572,.T.);
#4282=ORIENTED_EDGE('',*,*,#5573,.F.);
#4283=ORIENTED_EDGE('',*,*,#5574,.T.);
#4284=ORIENTED_EDGE('',*,*,#5575,.F.);
#4285=ORIENTED_EDGE('',*,*,#5576,.F.);
#4286=ORIENTED_EDGE('',*,*,#5577,.F.);
#4287=ORIENTED_EDGE('',*,*,#5578,.F.);
#4288=ORIENTED_EDGE('',*,*,#5572,.F.);
#4289=ORIENTED_EDGE('',*,*,#5579,.T.);
#4290=ORIENTED_EDGE('',*,*,#5578,.T.);
#4291=ORIENTED_EDGE('',*,*,#5580,.F.);
#4292=ORIENTED_EDGE('',*,*,#5576,.T.);
#4293=ORIENTED_EDGE('',*,*,#5581,.T.);
#4294=ORIENTED_EDGE('',*,*,#5574,.F.);
#4295=ORIENTED_EDGE('',*,*,#5582,.F.);
#4296=ORIENTED_EDGE('',*,*,#5583,.F.);
#4297=ORIENTED_EDGE('',*,*,#5584,.F.);
#4298=ORIENTED_EDGE('',*,*,#5585,.F.);
#4299=ORIENTED_EDGE('',*,*,#5586,.F.);
#4300=ORIENTED_EDGE('',*,*,#5587,.F.);
#4301=ORIENTED_EDGE('',*,*,#5588,.F.);
#4302=ORIENTED_EDGE('',*,*,#5589,.F.);
#4303=ORIENTED_EDGE('',*,*,#5590,.F.);
#4304=ORIENTED_EDGE('',*,*,#5591,.F.);
#4305=ORIENTED_EDGE('',*,*,#5592,.F.);
#4306=ORIENTED_EDGE('',*,*,#5593,.F.);
#4307=ORIENTED_EDGE('',*,*,#5594,.F.);
#4308=ORIENTED_EDGE('',*,*,#5595,.F.);
#4309=ORIENTED_EDGE('',*,*,#5596,.F.);
#4310=ORIENTED_EDGE('',*,*,#5597,.F.);
#4311=ORIENTED_EDGE('',*,*,#5598,.F.);
#4312=ORIENTED_EDGE('',*,*,#5599,.F.);
#4313=ORIENTED_EDGE('',*,*,#5600,.F.);
#4314=ORIENTED_EDGE('',*,*,#5601,.F.);
#4315=ORIENTED_EDGE('',*,*,#5602,.F.);
#4316=ORIENTED_EDGE('',*,*,#5603,.F.);
#4317=ORIENTED_EDGE('',*,*,#5604,.F.);
#4318=ORIENTED_EDGE('',*,*,#5605,.F.);
#4319=ORIENTED_EDGE('',*,*,#5606,.F.);
#4320=ORIENTED_EDGE('',*,*,#5607,.F.);
#4321=ORIENTED_EDGE('',*,*,#5608,.F.);
#4322=ORIENTED_EDGE('',*,*,#5609,.F.);
#4323=ORIENTED_EDGE('',*,*,#5610,.F.);
#4324=ORIENTED_EDGE('',*,*,#5611,.F.);
#4325=ORIENTED_EDGE('',*,*,#5612,.F.);
#4326=ORIENTED_EDGE('',*,*,#5613,.F.);
#4327=ORIENTED_EDGE('',*,*,#5614,.F.);
#4328=ORIENTED_EDGE('',*,*,#5615,.F.);
#4329=ORIENTED_EDGE('',*,*,#5616,.F.);
#4330=ORIENTED_EDGE('',*,*,#5617,.F.);
#4331=ORIENTED_EDGE('',*,*,#5618,.F.);
#4332=ORIENTED_EDGE('',*,*,#5619,.F.);
#4333=ORIENTED_EDGE('',*,*,#5620,.F.);
#4334=ORIENTED_EDGE('',*,*,#5621,.F.);
#4335=ORIENTED_EDGE('',*,*,#5622,.F.);
#4336=ORIENTED_EDGE('',*,*,#5577,.T.);
#4337=ORIENTED_EDGE('',*,*,#5582,.T.);
#4338=ORIENTED_EDGE('',*,*,#5573,.T.);
#4339=ORIENTED_EDGE('',*,*,#5580,.T.);
#4340=ORIENTED_EDGE('',*,*,#5623,.T.);
#4341=ORIENTED_EDGE('',*,*,#5622,.T.);
#4342=ORIENTED_EDGE('',*,*,#5624,.T.);
#4343=ORIENTED_EDGE('',*,*,#5621,.T.);
#4344=ORIENTED_EDGE('',*,*,#5625,.T.);
#4345=ORIENTED_EDGE('',*,*,#5620,.T.);
#4346=ORIENTED_EDGE('',*,*,#5626,.T.);
#4347=ORIENTED_EDGE('',*,*,#5619,.T.);
#4348=ORIENTED_EDGE('',*,*,#5627,.T.);
#4349=ORIENTED_EDGE('',*,*,#5618,.T.);
#4350=ORIENTED_EDGE('',*,*,#5628,.T.);
#4351=ORIENTED_EDGE('',*,*,#5617,.T.);
#4352=ORIENTED_EDGE('',*,*,#5629,.T.);
#4353=ORIENTED_EDGE('',*,*,#5616,.T.);
#4354=ORIENTED_EDGE('',*,*,#5630,.T.);
#4355=ORIENTED_EDGE('',*,*,#5615,.T.);
#4356=ORIENTED_EDGE('',*,*,#5631,.T.);
#4357=ORIENTED_EDGE('',*,*,#5614,.T.);
#4358=ORIENTED_EDGE('',*,*,#5632,.T.);
#4359=ORIENTED_EDGE('',*,*,#5613,.T.);
#4360=ORIENTED_EDGE('',*,*,#5633,.T.);
#4361=ORIENTED_EDGE('',*,*,#5612,.T.);
#4362=ORIENTED_EDGE('',*,*,#5634,.T.);
#4363=ORIENTED_EDGE('',*,*,#5611,.T.);
#4364=ORIENTED_EDGE('',*,*,#5635,.T.);
#4365=ORIENTED_EDGE('',*,*,#5610,.T.);
#4366=ORIENTED_EDGE('',*,*,#5636,.T.);
#4367=ORIENTED_EDGE('',*,*,#5609,.T.);
#4368=ORIENTED_EDGE('',*,*,#5637,.T.);
#4369=ORIENTED_EDGE('',*,*,#5608,.T.);
#4370=ORIENTED_EDGE('',*,*,#5638,.T.);
#4371=ORIENTED_EDGE('',*,*,#5607,.T.);
#4372=ORIENTED_EDGE('',*,*,#5639,.T.);
#4373=ORIENTED_EDGE('',*,*,#5606,.T.);
#4374=ORIENTED_EDGE('',*,*,#5640,.T.);
#4375=ORIENTED_EDGE('',*,*,#5605,.T.);
#4376=ORIENTED_EDGE('',*,*,#5641,.T.);
#4377=ORIENTED_EDGE('',*,*,#5604,.T.);
#4378=ORIENTED_EDGE('',*,*,#5642,.T.);
#4379=ORIENTED_EDGE('',*,*,#5603,.T.);
#4380=ORIENTED_EDGE('',*,*,#5643,.T.);
#4381=ORIENTED_EDGE('',*,*,#5602,.T.);
#4382=ORIENTED_EDGE('',*,*,#5644,.T.);
#4383=ORIENTED_EDGE('',*,*,#5601,.T.);
#4384=ORIENTED_EDGE('',*,*,#5645,.T.);
#4385=ORIENTED_EDGE('',*,*,#5600,.T.);
#4386=ORIENTED_EDGE('',*,*,#5646,.T.);
#4387=ORIENTED_EDGE('',*,*,#5599,.T.);
#4388=ORIENTED_EDGE('',*,*,#5647,.T.);
#4389=ORIENTED_EDGE('',*,*,#5598,.T.);
#4390=ORIENTED_EDGE('',*,*,#5648,.T.);
#4391=ORIENTED_EDGE('',*,*,#5597,.T.);
#4392=ORIENTED_EDGE('',*,*,#5649,.T.);
#4393=ORIENTED_EDGE('',*,*,#5596,.T.);
#4394=ORIENTED_EDGE('',*,*,#5650,.T.);
#4395=ORIENTED_EDGE('',*,*,#5595,.T.);
#4396=ORIENTED_EDGE('',*,*,#5651,.T.);
#4397=ORIENTED_EDGE('',*,*,#5594,.T.);
#4398=ORIENTED_EDGE('',*,*,#5652,.T.);
#4399=ORIENTED_EDGE('',*,*,#5593,.T.);
#4400=ORIENTED_EDGE('',*,*,#5653,.T.);
#4401=ORIENTED_EDGE('',*,*,#5592,.T.);
#4402=ORIENTED_EDGE('',*,*,#5654,.T.);
#4403=ORIENTED_EDGE('',*,*,#5591,.T.);
#4404=ORIENTED_EDGE('',*,*,#5655,.T.);
#4405=ORIENTED_EDGE('',*,*,#5590,.T.);
#4406=ORIENTED_EDGE('',*,*,#5656,.T.);
#4407=ORIENTED_EDGE('',*,*,#5589,.T.);
#4408=ORIENTED_EDGE('',*,*,#5657,.T.);
#4409=ORIENTED_EDGE('',*,*,#5588,.T.);
#4410=ORIENTED_EDGE('',*,*,#5658,.T.);
#4411=ORIENTED_EDGE('',*,*,#5587,.T.);
#4412=ORIENTED_EDGE('',*,*,#5659,.T.);
#4413=ORIENTED_EDGE('',*,*,#5586,.T.);
#4414=ORIENTED_EDGE('',*,*,#5660,.T.);
#4415=ORIENTED_EDGE('',*,*,#5585,.T.);
#4416=ORIENTED_EDGE('',*,*,#5661,.T.);
#4417=ORIENTED_EDGE('',*,*,#5584,.T.);
#4418=ORIENTED_EDGE('',*,*,#5662,.T.);
#4419=ORIENTED_EDGE('',*,*,#5583,.T.);
#4420=ORIENTED_EDGE('',*,*,#5661,.F.);
#4421=ORIENTED_EDGE('',*,*,#5660,.F.);
#4422=ORIENTED_EDGE('',*,*,#5659,.F.);
#4423=ORIENTED_EDGE('',*,*,#5658,.F.);
#4424=ORIENTED_EDGE('',*,*,#5657,.F.);
#4425=ORIENTED_EDGE('',*,*,#5656,.F.);
#4426=ORIENTED_EDGE('',*,*,#5655,.F.);
#4427=ORIENTED_EDGE('',*,*,#5654,.F.);
#4428=ORIENTED_EDGE('',*,*,#5653,.F.);
#4429=ORIENTED_EDGE('',*,*,#5652,.F.);
#4430=ORIENTED_EDGE('',*,*,#5651,.F.);
#4431=ORIENTED_EDGE('',*,*,#5650,.F.);
#4432=ORIENTED_EDGE('',*,*,#5649,.F.);
#4433=ORIENTED_EDGE('',*,*,#5648,.F.);
#4434=ORIENTED_EDGE('',*,*,#5647,.F.);
#4435=ORIENTED_EDGE('',*,*,#5646,.F.);
#4436=ORIENTED_EDGE('',*,*,#5645,.F.);
#4437=ORIENTED_EDGE('',*,*,#5644,.F.);
#4438=ORIENTED_EDGE('',*,*,#5643,.F.);
#4439=ORIENTED_EDGE('',*,*,#5642,.F.);
#4440=ORIENTED_EDGE('',*,*,#5641,.F.);
#4441=ORIENTED_EDGE('',*,*,#5640,.F.);
#4442=ORIENTED_EDGE('',*,*,#5639,.F.);
#4443=ORIENTED_EDGE('',*,*,#5638,.F.);
#4444=ORIENTED_EDGE('',*,*,#5637,.F.);
#4445=ORIENTED_EDGE('',*,*,#5636,.F.);
#4446=ORIENTED_EDGE('',*,*,#5635,.F.);
#4447=ORIENTED_EDGE('',*,*,#5634,.F.);
#4448=ORIENTED_EDGE('',*,*,#5633,.F.);
#4449=ORIENTED_EDGE('',*,*,#5632,.F.);
#4450=ORIENTED_EDGE('',*,*,#5631,.F.);
#4451=ORIENTED_EDGE('',*,*,#5630,.F.);
#4452=ORIENTED_EDGE('',*,*,#5629,.F.);
#4453=ORIENTED_EDGE('',*,*,#5628,.F.);
#4454=ORIENTED_EDGE('',*,*,#5627,.F.);
#4455=ORIENTED_EDGE('',*,*,#5626,.F.);
#4456=ORIENTED_EDGE('',*,*,#5625,.F.);
#4457=ORIENTED_EDGE('',*,*,#5624,.F.);
#4458=ORIENTED_EDGE('',*,*,#5623,.F.);
#4459=ORIENTED_EDGE('',*,*,#5662,.F.);
#4460=ORIENTED_EDGE('',*,*,#5571,.T.);
#4461=ORIENTED_EDGE('',*,*,#5581,.F.);
#4462=ORIENTED_EDGE('',*,*,#5575,.T.);
#4463=ORIENTED_EDGE('',*,*,#5579,.F.);
#4464=EDGE_CURVE('',#5663,#5664,#6486,.T.);
#4465=EDGE_CURVE('',#5663,#5665,#160,.T.);
#4466=EDGE_CURVE('',#5666,#5665,#161,.T.);
#4467=EDGE_CURVE('',#5667,#5666,#162,.T.);
#4468=EDGE_CURVE('',#5664,#5667,#163,.T.);
#4469=EDGE_CURVE('',#5668,#5669,#6487,.T.);
#4470=EDGE_CURVE('',#5670,#5668,#164,.T.);
#4471=EDGE_CURVE('',#5671,#5670,#165,.T.);
#4472=EDGE_CURVE('',#5669,#5671,#166,.T.);
#4473=EDGE_CURVE('',#5672,#5673,#167,.T.);
#4474=EDGE_CURVE('',#5672,#5674,#168,.T.);
#4475=EDGE_CURVE('',#5674,#5675,#169,.T.);
#4476=EDGE_CURVE('',#5673,#5675,#170,.T.);
#4477=EDGE_CURVE('',#5676,#5677,#171,.T.);
#4478=EDGE_CURVE('',#5678,#5676,#172,.T.);
#4479=EDGE_CURVE('',#5679,#5678,#173,.T.);
#4480=EDGE_CURVE('',#5677,#5679,#174,.T.);
#4481=EDGE_CURVE('',#5680,#5681,#175,.T.);
#4482=EDGE_CURVE('',#5682,#5680,#176,.T.);
#4483=EDGE_CURVE('',#5683,#5682,#177,.T.);
#4484=EDGE_CURVE('',#5684,#5683,#178,.T.);
#4485=EDGE_CURVE('',#5684,#5685,#179,.T.);
#4486=EDGE_CURVE('',#5685,#5686,#180,.T.);
#4487=EDGE_CURVE('',#5686,#5687,#181,.T.);
#4488=EDGE_CURVE('',#5687,#5688,#182,.T.);
#4489=EDGE_CURVE('',#5689,#5688,#183,.T.);
#4490=EDGE_CURVE('',#5690,#5689,#184,.T.);
#4491=EDGE_CURVE('',#5681,#5690,#185,.T.);
#4492=EDGE_CURVE('',#5691,#5692,#186,.T.);
#4493=EDGE_CURVE('',#5692,#5693,#187,.T.);
#4494=EDGE_CURVE('',#5694,#5693,#188,.T.);
#4495=EDGE_CURVE('',#5695,#5694,#189,.T.);
#4496=EDGE_CURVE('',#5696,#5695,#190,.T.);
#4497=EDGE_CURVE('',#5696,#5697,#191,.T.);
#4498=EDGE_CURVE('',#5697,#5698,#192,.T.);
#4499=EDGE_CURVE('',#5698,#5699,#193,.T.);
#4500=EDGE_CURVE('',#5699,#5691,#194,.T.);
#4501=EDGE_CURVE('',#5697,#5676,#195,.T.);
#4502=EDGE_CURVE('',#5675,#5677,#196,.T.);
#4503=EDGE_CURVE('',#5674,#5688,#197,.T.);
#4504=EDGE_CURVE('',#5687,#5670,#198,.T.);
#4505=EDGE_CURVE('',#5668,#5700,#199,.T.);
#4506=EDGE_CURVE('',#5698,#5700,#200,.T.);
#4507=EDGE_CURVE('',#5692,#5701,#201,.T.);
#4508=EDGE_CURVE('',#5691,#5702,#202,.T.);
#4509=EDGE_CURVE('',#5702,#5664,#203,.T.);
#4510=EDGE_CURVE('',#5685,#5667,#204,.T.);
#4511=EDGE_CURVE('',#5703,#5684,#205,.T.);
#4512=EDGE_CURVE('',#5703,#5704,#206,.T.);
#4513=EDGE_CURVE('',#5705,#5704,#207,.T.);
#4514=EDGE_CURVE('',#5701,#5705,#208,.T.);
#4515=EDGE_CURVE('',#5689,#5672,#209,.T.);
#4516=EDGE_CURVE('',#5706,#5672,#210,.T.);
#4517=EDGE_CURVE('',#5690,#5706,#211,.T.);
#4518=EDGE_CURVE('',#5678,#5707,#212,.T.);
#4519=EDGE_CURVE('',#5678,#5696,#213,.T.);
#4520=EDGE_CURVE('',#5695,#5707,#214,.T.);
#4521=EDGE_CURVE('',#5708,#5709,#215,.T.);
#4522=EDGE_CURVE('',#5708,#5683,#216,.T.);
#4523=EDGE_CURVE('',#5709,#5682,#217,.T.);
#4524=EDGE_CURVE('',#5693,#5710,#218,.T.);
#4525=EDGE_CURVE('',#5711,#5710,#219,.T.);
#4526=EDGE_CURVE('',#5694,#5711,#220,.T.);
#4527=EDGE_CURVE('',#5703,#5708,#221,.T.);
#4528=EDGE_CURVE('',#5712,#5708,#222,.T.);
#4529=EDGE_CURVE('',#5704,#5712,#223,.T.);
#4530=EDGE_CURVE('',#5710,#5713,#224,.T.);
#4531=EDGE_CURVE('',#5701,#5710,#225,.T.);
#4532=EDGE_CURVE('',#5713,#5705,#226,.T.);
#4533=EDGE_CURVE('',#5673,#5679,#227,.T.);
#4534=EDGE_CURVE('',#5669,#5668,#6488,.T.);
#4535=EDGE_CURVE('',#5714,#5669,#228,.T.);
#4536=EDGE_CURVE('',#5700,#5714,#229,.T.);
#4537=EDGE_CURVE('',#5665,#5715,#230,.T.);
#4538=EDGE_CURVE('',#5715,#5716,#231,.T.);
#4539=EDGE_CURVE('',#5671,#5716,#232,.T.);
#4540=EDGE_CURVE('',#5686,#5666,#233,.T.);
#4541=EDGE_CURVE('',#5717,#5718,#234,.T.);
#4542=EDGE_CURVE('',#5717,#5719,#235,.T.);
#4543=EDGE_CURVE('',#5719,#5720,#236,.T.);
#4544=EDGE_CURVE('',#5699,#5720,#237,.T.);
#4545=EDGE_CURVE('',#5718,#5714,#238,.T.);
#4546=EDGE_CURVE('',#5720,#5702,#239,.T.);
#4547=EDGE_CURVE('',#5664,#5663,#6489,.T.);
#4548=EDGE_CURVE('',#5719,#5663,#240,.T.);
#4549=EDGE_CURVE('',#5681,#5721,#241,.T.);
#4550=EDGE_CURVE('',#5721,#5706,#242,.T.);
#4551=EDGE_CURVE('',#5707,#5711,#243,.T.);
#4552=EDGE_CURVE('',#5722,#5718,#244,.T.);
#4553=EDGE_CURVE('',#5723,#5722,#245,.T.);
#4554=EDGE_CURVE('',#5723,#5717,#246,.T.);
#4555=EDGE_CURVE('',#5716,#5724,#247,.T.);
#4556=EDGE_CURVE('',#5715,#5725,#248,.T.);
#4557=EDGE_CURVE('',#5725,#5724,#249,.T.);
#4558=EDGE_CURVE('',#5724,#5722,#250,.T.);
#4559=EDGE_CURVE('',#5725,#5723,#251,.T.);
#4560=EDGE_CURVE('',#5713,#5712,#252,.T.);
#4561=EDGE_CURVE('',#5726,#5727,#253,.T.);
#4562=EDGE_CURVE('',#5726,#5721,#254,.T.);
#4563=EDGE_CURVE('',#5727,#5706,#255,.T.);
#4564=EDGE_CURVE('',#5728,#5707,#256,.T.);
#4565=EDGE_CURVE('',#5727,#5728,#257,.T.);
#4566=EDGE_CURVE('',#5729,#5711,#258,.T.);
#4567=EDGE_CURVE('',#5728,#5729,#259,.T.);
#4568=EDGE_CURVE('',#5730,#5709,#260,.T.);
#4569=EDGE_CURVE('',#5729,#5730,#261,.T.);
#4570=EDGE_CURVE('',#5731,#5730,#262,.T.);
#4571=EDGE_CURVE('',#5731,#5726,#263,.T.);
#4572=EDGE_CURVE('',#5680,#5731,#264,.T.);
#4573=EDGE_CURVE('',#5732,#5732,#6490,.T.);
#4574=EDGE_CURVE('',#5733,#5733,#6491,.T.);
#4575=EDGE_CURVE('',#5734,#5735,#265,.T.);
#4576=EDGE_CURVE('',#5734,#5736,#266,.T.);
#4577=EDGE_CURVE('',#5736,#5737,#267,.T.);
#4578=EDGE_CURVE('',#5737,#5738,#268,.T.);
#4579=EDGE_CURVE('',#5739,#5738,#269,.T.);
#4580=EDGE_CURVE('',#5739,#5740,#270,.T.);
#4581=EDGE_CURVE('',#5740,#5741,#271,.T.);
#4582=EDGE_CURVE('',#5741,#5742,#272,.T.);
#4583=EDGE_CURVE('',#5743,#5742,#273,.T.);
#4584=EDGE_CURVE('',#5743,#5744,#274,.T.);
#4585=EDGE_CURVE('',#5744,#5745,#275,.T.);
#4586=EDGE_CURVE('',#5745,#5735,#276,.T.);
#4587=EDGE_CURVE('',#5746,#5747,#277,.T.);
#4588=EDGE_CURVE('',#5748,#5746,#278,.T.);
#4589=EDGE_CURVE('',#5749,#5748,#279,.T.);
#4590=EDGE_CURVE('',#5750,#5749,#280,.T.);
#4591=EDGE_CURVE('',#5751,#5750,#281,.T.);
#4592=EDGE_CURVE('',#5752,#5751,#282,.T.);
#4593=EDGE_CURVE('',#5753,#5752,#283,.T.);
#4594=EDGE_CURVE('',#5754,#5753,#284,.T.);
#4595=EDGE_CURVE('',#5755,#5754,#285,.T.);
#4596=EDGE_CURVE('',#5756,#5755,#286,.T.);
#4597=EDGE_CURVE('',#5757,#5756,#287,.T.);
#4598=EDGE_CURVE('',#5747,#5757,#288,.T.);
#4599=EDGE_CURVE('',#5746,#5735,#289,.T.);
#4600=EDGE_CURVE('',#5748,#5745,#290,.T.);
#4601=EDGE_CURVE('',#5734,#5747,#291,.T.);
#4602=EDGE_CURVE('',#5757,#5736,#292,.T.);
#4603=EDGE_CURVE('',#5758,#5759,#293,.T.);
#4604=EDGE_CURVE('',#5760,#5758,#294,.T.);
#4605=EDGE_CURVE('',#5760,#5761,#295,.T.);
#4606=EDGE_CURVE('',#5759,#5761,#296,.T.);
#4607=EDGE_CURVE('',#5762,#5763,#297,.T.);
#4608=EDGE_CURVE('',#5764,#5762,#298,.T.);
#4609=EDGE_CURVE('',#5764,#5765,#299,.T.);
#4610=EDGE_CURVE('',#5763,#5765,#300,.T.);
#4611=EDGE_CURVE('',#5766,#5767,#301,.T.);
#4612=EDGE_CURVE('',#5768,#5766,#302,.T.);
#4613=EDGE_CURVE('',#5768,#5769,#303,.T.);
#4614=EDGE_CURVE('',#5767,#5769,#304,.T.);
#4615=EDGE_CURVE('',#5770,#5771,#305,.T.);
#4616=EDGE_CURVE('',#5772,#5770,#306,.T.);
#4617=EDGE_CURVE('',#5772,#5773,#307,.T.);
#4618=EDGE_CURVE('',#5771,#5773,#308,.T.);
#4619=EDGE_CURVE('',#5774,#5775,#309,.T.);
#4620=EDGE_CURVE('',#5776,#5774,#310,.T.);
#4621=EDGE_CURVE('',#5776,#5777,#311,.T.);
#4622=EDGE_CURVE('',#5775,#5777,#312,.T.);
#4623=EDGE_CURVE('',#5778,#5779,#313,.T.);
#4624=EDGE_CURVE('',#5780,#5778,#314,.T.);
#4625=EDGE_CURVE('',#5780,#5781,#315,.T.);
#4626=EDGE_CURVE('',#5779,#5781,#316,.T.);
#4627=EDGE_CURVE('',#5782,#5783,#317,.T.);
#4628=EDGE_CURVE('',#5784,#5782,#318,.T.);
#4629=EDGE_CURVE('',#5784,#5785,#319,.T.);
#4630=EDGE_CURVE('',#5783,#5785,#320,.T.);
#4631=EDGE_CURVE('',#5786,#5787,#321,.T.);
#4632=EDGE_CURVE('',#5788,#5786,#322,.T.);
#4633=EDGE_CURVE('',#5788,#5789,#323,.T.);
#4634=EDGE_CURVE('',#5787,#5789,#324,.T.);
#4635=EDGE_CURVE('',#5790,#5791,#325,.T.);
#4636=EDGE_CURVE('',#5792,#5790,#326,.T.);
#4637=EDGE_CURVE('',#5792,#5793,#327,.T.);
#4638=EDGE_CURVE('',#5791,#5793,#328,.T.);
#4639=EDGE_CURVE('',#5794,#5795,#329,.T.);
#4640=EDGE_CURVE('',#5796,#5794,#330,.T.);
#4641=EDGE_CURVE('',#5796,#5797,#331,.T.);
#4642=EDGE_CURVE('',#5795,#5797,#332,.T.);
#4643=EDGE_CURVE('',#5798,#5799,#333,.T.);
#4644=EDGE_CURVE('',#5800,#5798,#334,.T.);
#4645=EDGE_CURVE('',#5800,#5801,#335,.T.);
#4646=EDGE_CURVE('',#5799,#5801,#336,.T.);
#4647=EDGE_CURVE('',#5802,#5803,#337,.T.);
#4648=EDGE_CURVE('',#5804,#5802,#338,.T.);
#4649=EDGE_CURVE('',#5804,#5805,#339,.T.);
#4650=EDGE_CURVE('',#5803,#5805,#340,.T.);
#4651=EDGE_CURVE('',#5806,#5807,#341,.T.);
#4652=EDGE_CURVE('',#5808,#5806,#342,.T.);
#4653=EDGE_CURVE('',#5808,#5809,#343,.T.);
#4654=EDGE_CURVE('',#5807,#5809,#344,.T.);
#4655=EDGE_CURVE('',#5810,#5811,#345,.T.);
#4656=EDGE_CURVE('',#5812,#5810,#346,.T.);
#4657=EDGE_CURVE('',#5812,#5813,#347,.T.);
#4658=EDGE_CURVE('',#5811,#5813,#348,.T.);
#4659=EDGE_CURVE('',#5814,#5815,#349,.T.);
#4660=EDGE_CURVE('',#5816,#5814,#350,.T.);
#4661=EDGE_CURVE('',#5816,#5817,#351,.T.);
#4662=EDGE_CURVE('',#5815,#5817,#352,.T.);
#4663=EDGE_CURVE('',#5818,#5819,#353,.T.);
#4664=EDGE_CURVE('',#5820,#5818,#354,.T.);
#4665=EDGE_CURVE('',#5820,#5821,#355,.T.);
#4666=EDGE_CURVE('',#5819,#5821,#356,.T.);
#4667=EDGE_CURVE('',#5822,#5823,#357,.T.);
#4668=EDGE_CURVE('',#5824,#5822,#358,.T.);
#4669=EDGE_CURVE('',#5824,#5825,#359,.T.);
#4670=EDGE_CURVE('',#5823,#5825,#360,.T.);
#4671=EDGE_CURVE('',#5826,#5827,#361,.T.);
#4672=EDGE_CURVE('',#5828,#5826,#362,.T.);
#4673=EDGE_CURVE('',#5828,#5829,#363,.T.);
#4674=EDGE_CURVE('',#5827,#5829,#364,.T.);
#4675=EDGE_CURVE('',#5830,#5831,#365,.T.);
#4676=EDGE_CURVE('',#5832,#5830,#366,.T.);
#4677=EDGE_CURVE('',#5832,#5833,#367,.T.);
#4678=EDGE_CURVE('',#5831,#5833,#368,.T.);
#4679=EDGE_CURVE('',#5834,#5835,#369,.T.);
#4680=EDGE_CURVE('',#5836,#5834,#370,.T.);
#4681=EDGE_CURVE('',#5836,#5837,#371,.T.);
#4682=EDGE_CURVE('',#5835,#5837,#372,.T.);
#4683=EDGE_CURVE('',#5838,#5839,#373,.T.);
#4684=EDGE_CURVE('',#5840,#5838,#374,.T.);
#4685=EDGE_CURVE('',#5840,#5841,#375,.T.);
#4686=EDGE_CURVE('',#5839,#5841,#376,.T.);
#4687=EDGE_CURVE('',#5842,#5843,#377,.T.);
#4688=EDGE_CURVE('',#5844,#5842,#378,.T.);
#4689=EDGE_CURVE('',#5844,#5845,#379,.T.);
#4690=EDGE_CURVE('',#5843,#5845,#380,.T.);
#4691=EDGE_CURVE('',#5846,#5847,#381,.T.);
#4692=EDGE_CURVE('',#5848,#5846,#382,.T.);
#4693=EDGE_CURVE('',#5848,#5849,#383,.T.);
#4694=EDGE_CURVE('',#5847,#5849,#384,.T.);
#4695=EDGE_CURVE('',#5850,#5851,#385,.T.);
#4696=EDGE_CURVE('',#5852,#5850,#386,.T.);
#4697=EDGE_CURVE('',#5852,#5853,#387,.T.);
#4698=EDGE_CURVE('',#5851,#5853,#388,.T.);
#4699=EDGE_CURVE('',#5854,#5855,#389,.T.);
#4700=EDGE_CURVE('',#5856,#5854,#390,.T.);
#4701=EDGE_CURVE('',#5856,#5857,#391,.T.);
#4702=EDGE_CURVE('',#5855,#5857,#392,.T.);
#4703=EDGE_CURVE('',#5858,#5859,#393,.T.);
#4704=EDGE_CURVE('',#5860,#5858,#394,.T.);
#4705=EDGE_CURVE('',#5860,#5861,#395,.T.);
#4706=EDGE_CURVE('',#5859,#5861,#396,.T.);
#4707=EDGE_CURVE('',#5862,#5863,#397,.T.);
#4708=EDGE_CURVE('',#5864,#5862,#398,.T.);
#4709=EDGE_CURVE('',#5864,#5865,#399,.T.);
#4710=EDGE_CURVE('',#5863,#5865,#400,.T.);
#4711=EDGE_CURVE('',#5866,#5867,#401,.T.);
#4712=EDGE_CURVE('',#5868,#5866,#402,.T.);
#4713=EDGE_CURVE('',#5868,#5869,#403,.T.);
#4714=EDGE_CURVE('',#5867,#5869,#404,.T.);
#4715=EDGE_CURVE('',#5870,#5871,#405,.T.);
#4716=EDGE_CURVE('',#5872,#5870,#406,.T.);
#4717=EDGE_CURVE('',#5872,#5873,#407,.T.);
#4718=EDGE_CURVE('',#5871,#5873,#408,.T.);
#4719=EDGE_CURVE('',#5874,#5875,#409,.T.);
#4720=EDGE_CURVE('',#5876,#5874,#410,.T.);
#4721=EDGE_CURVE('',#5876,#5877,#411,.T.);
#4722=EDGE_CURVE('',#5875,#5877,#412,.T.);
#4723=EDGE_CURVE('',#5878,#5879,#413,.T.);
#4724=EDGE_CURVE('',#5880,#5878,#414,.T.);
#4725=EDGE_CURVE('',#5880,#5881,#415,.T.);
#4726=EDGE_CURVE('',#5879,#5881,#416,.T.);
#4727=EDGE_CURVE('',#5882,#5883,#417,.T.);
#4728=EDGE_CURVE('',#5884,#5882,#418,.T.);
#4729=EDGE_CURVE('',#5884,#5885,#419,.T.);
#4730=EDGE_CURVE('',#5883,#5885,#420,.T.);
#4731=EDGE_CURVE('',#5886,#5887,#421,.T.);
#4732=EDGE_CURVE('',#5888,#5886,#422,.T.);
#4733=EDGE_CURVE('',#5888,#5889,#423,.T.);
#4734=EDGE_CURVE('',#5887,#5889,#424,.T.);
#4735=EDGE_CURVE('',#5890,#5891,#425,.T.);
#4736=EDGE_CURVE('',#5892,#5890,#426,.T.);
#4737=EDGE_CURVE('',#5892,#5893,#427,.T.);
#4738=EDGE_CURVE('',#5891,#5893,#428,.T.);
#4739=EDGE_CURVE('',#5894,#5895,#429,.T.);
#4740=EDGE_CURVE('',#5896,#5894,#430,.T.);
#4741=EDGE_CURVE('',#5896,#5897,#431,.T.);
#4742=EDGE_CURVE('',#5895,#5897,#432,.T.);
#4743=EDGE_CURVE('',#5898,#5899,#433,.T.);
#4744=EDGE_CURVE('',#5900,#5898,#434,.T.);
#4745=EDGE_CURVE('',#5900,#5901,#435,.T.);
#4746=EDGE_CURVE('',#5899,#5901,#436,.T.);
#4747=EDGE_CURVE('',#5902,#5903,#437,.T.);
#4748=EDGE_CURVE('',#5904,#5902,#438,.T.);
#4749=EDGE_CURVE('',#5904,#5905,#439,.T.);
#4750=EDGE_CURVE('',#5903,#5905,#440,.T.);
#4751=EDGE_CURVE('',#5906,#5907,#441,.T.);
#4752=EDGE_CURVE('',#5908,#5906,#442,.T.);
#4753=EDGE_CURVE('',#5908,#5909,#443,.T.);
#4754=EDGE_CURVE('',#5907,#5909,#444,.T.);
#4755=EDGE_CURVE('',#5910,#5911,#445,.T.);
#4756=EDGE_CURVE('',#5912,#5910,#446,.T.);
#4757=EDGE_CURVE('',#5912,#5913,#447,.T.);
#4758=EDGE_CURVE('',#5911,#5913,#448,.T.);
#4759=EDGE_CURVE('',#5914,#5915,#449,.T.);
#4760=EDGE_CURVE('',#5916,#5914,#450,.T.);
#4761=EDGE_CURVE('',#5916,#5917,#451,.T.);
#4762=EDGE_CURVE('',#5915,#5917,#452,.T.);
#4763=EDGE_CURVE('',#5918,#5919,#453,.T.);
#4764=EDGE_CURVE('',#5761,#5919,#454,.T.);
#4765=EDGE_CURVE('',#5918,#5760,#455,.T.);
#4766=EDGE_CURVE('',#5920,#5921,#456,.T.);
#4767=EDGE_CURVE('',#5765,#5921,#457,.T.);
#4768=EDGE_CURVE('',#5920,#5764,#458,.T.);
#4769=EDGE_CURVE('',#5922,#5923,#459,.T.);
#4770=EDGE_CURVE('',#5769,#5923,#460,.T.);
#4771=EDGE_CURVE('',#5922,#5768,#461,.T.);
#4772=EDGE_CURVE('',#5924,#5925,#462,.T.);
#4773=EDGE_CURVE('',#5773,#5925,#463,.T.);
#4774=EDGE_CURVE('',#5924,#5772,#464,.T.);
#4775=EDGE_CURVE('',#5926,#5927,#465,.T.);
#4776=EDGE_CURVE('',#5777,#5927,#466,.T.);
#4777=EDGE_CURVE('',#5926,#5776,#467,.T.);
#4778=EDGE_CURVE('',#5928,#5929,#468,.T.);
#4779=EDGE_CURVE('',#5781,#5929,#469,.T.);
#4780=EDGE_CURVE('',#5928,#5780,#470,.T.);
#4781=EDGE_CURVE('',#5930,#5931,#471,.T.);
#4782=EDGE_CURVE('',#5785,#5931,#472,.T.);
#4783=EDGE_CURVE('',#5930,#5784,#473,.T.);
#4784=EDGE_CURVE('',#5932,#5933,#474,.T.);
#4785=EDGE_CURVE('',#5789,#5933,#475,.T.);
#4786=EDGE_CURVE('',#5932,#5788,#476,.T.);
#4787=EDGE_CURVE('',#5934,#5935,#477,.T.);
#4788=EDGE_CURVE('',#5793,#5935,#478,.T.);
#4789=EDGE_CURVE('',#5934,#5792,#479,.T.);
#4790=EDGE_CURVE('',#5936,#5937,#480,.T.);
#4791=EDGE_CURVE('',#5797,#5937,#481,.T.);
#4792=EDGE_CURVE('',#5936,#5796,#482,.T.);
#4793=EDGE_CURVE('',#5938,#5939,#483,.T.);
#4794=EDGE_CURVE('',#5801,#5939,#484,.T.);
#4795=EDGE_CURVE('',#5938,#5800,#485,.T.);
#4796=EDGE_CURVE('',#5940,#5941,#486,.T.);
#4797=EDGE_CURVE('',#5805,#5941,#487,.T.);
#4798=EDGE_CURVE('',#5940,#5804,#488,.T.);
#4799=EDGE_CURVE('',#5942,#5943,#489,.T.);
#4800=EDGE_CURVE('',#5809,#5943,#490,.T.);
#4801=EDGE_CURVE('',#5942,#5808,#491,.T.);
#4802=EDGE_CURVE('',#5944,#5945,#492,.T.);
#4803=EDGE_CURVE('',#5813,#5945,#493,.T.);
#4804=EDGE_CURVE('',#5944,#5812,#494,.T.);
#4805=EDGE_CURVE('',#5946,#5947,#495,.T.);
#4806=EDGE_CURVE('',#5817,#5947,#496,.T.);
#4807=EDGE_CURVE('',#5946,#5816,#497,.T.);
#4808=EDGE_CURVE('',#5948,#5949,#498,.T.);
#4809=EDGE_CURVE('',#5821,#5949,#499,.T.);
#4810=EDGE_CURVE('',#5948,#5820,#500,.T.);
#4811=EDGE_CURVE('',#5950,#5951,#501,.T.);
#4812=EDGE_CURVE('',#5825,#5951,#502,.T.);
#4813=EDGE_CURVE('',#5950,#5824,#503,.T.);
#4814=EDGE_CURVE('',#5952,#5953,#504,.T.);
#4815=EDGE_CURVE('',#5829,#5953,#505,.T.);
#4816=EDGE_CURVE('',#5952,#5828,#506,.T.);
#4817=EDGE_CURVE('',#5954,#5955,#507,.T.);
#4818=EDGE_CURVE('',#5833,#5955,#508,.T.);
#4819=EDGE_CURVE('',#5954,#5832,#509,.T.);
#4820=EDGE_CURVE('',#5956,#5957,#510,.T.);
#4821=EDGE_CURVE('',#5837,#5957,#511,.T.);
#4822=EDGE_CURVE('',#5956,#5836,#512,.T.);
#4823=EDGE_CURVE('',#5958,#5959,#513,.T.);
#4824=EDGE_CURVE('',#5959,#5960,#514,.T.);
#4825=EDGE_CURVE('',#5960,#5961,#6492,.F.);
#4826=EDGE_CURVE('',#5961,#5835,#515,.T.);
#4827=EDGE_CURVE('',#5962,#5957,#6493,.F.);
#4828=EDGE_CURVE('',#5962,#5958,#516,.T.);
#4829=EDGE_CURVE('',#5963,#5964,#517,.T.);
#4830=EDGE_CURVE('',#5964,#5965,#518,.T.);
#4831=EDGE_CURVE('',#5966,#5965,#6494,.F.);
#4832=EDGE_CURVE('',#5966,#5840,#519,.T.);
#4833=EDGE_CURVE('',#5838,#5967,#520,.T.);
#4834=EDGE_CURVE('',#5967,#5968,#6495,.F.);
#4835=EDGE_CURVE('',#5968,#5963,#521,.T.);
#4836=EDGE_CURVE('',#5738,#5959,#522,.T.);
#4837=EDGE_CURVE('',#5958,#5739,#523,.T.);
#4838=EDGE_CURVE('',#5742,#5964,#524,.T.);
#4839=EDGE_CURVE('',#5963,#5743,#525,.T.);
#4840=EDGE_CURVE('',#5969,#5970,#526,.T.);
#4841=EDGE_CURVE('',#5970,#5971,#527,.T.);
#4842=EDGE_CURVE('',#5971,#5972,#6496,.F.);
#4843=EDGE_CURVE('',#5972,#5831,#528,.T.);
#4844=EDGE_CURVE('',#5973,#5955,#6497,.F.);
#4845=EDGE_CURVE('',#5973,#5969,#529,.T.);
#4846=EDGE_CURVE('',#5974,#5975,#530,.T.);
#4847=EDGE_CURVE('',#5975,#5976,#531,.T.);
#4848=EDGE_CURVE('',#5977,#5976,#6498,.F.);
#4849=EDGE_CURVE('',#5977,#5844,#532,.T.);
#4850=EDGE_CURVE('',#5842,#5978,#533,.T.);
#4851=EDGE_CURVE('',#5978,#5979,#6499,.F.);
#4852=EDGE_CURVE('',#5979,#5974,#534,.T.);
#4853=EDGE_CURVE('',#5980,#5981,#6500,.F.);
#4854=EDGE_CURVE('',#5981,#5982,#535,.T.);
#4855=EDGE_CURVE('',#5983,#5982,#536,.T.);
#4856=EDGE_CURVE('',#5983,#5984,#537,.T.);
#4857=EDGE_CURVE('',#5956,#5984,#6501,.F.);
#4858=EDGE_CURVE('',#5834,#5980,#538,.T.);
#4859=EDGE_CURVE('',#5985,#5986,#6502,.F.);
#4860=EDGE_CURVE('',#5985,#5987,#539,.T.);
#4861=EDGE_CURVE('',#5988,#5987,#540,.T.);
#4862=EDGE_CURVE('',#5988,#5989,#541,.T.);
#4863=EDGE_CURVE('',#5989,#5990,#6503,.F.);
#4864=EDGE_CURVE('',#5990,#5839,#542,.T.);
#4865=EDGE_CURVE('',#5841,#5986,#543,.T.);
#4866=EDGE_CURVE('',#5982,#5970,#544,.T.);
#4867=EDGE_CURVE('',#5969,#5983,#545,.T.);
#4868=EDGE_CURVE('',#5987,#5975,#546,.T.);
#4869=EDGE_CURVE('',#5974,#5988,#547,.T.);
#4870=EDGE_CURVE('',#5991,#5992,#548,.T.);
#4871=EDGE_CURVE('',#5992,#5993,#549,.T.);
#4872=EDGE_CURVE('',#5993,#5994,#6504,.F.);
#4873=EDGE_CURVE('',#5994,#5827,#550,.T.);
#4874=EDGE_CURVE('',#5995,#5953,#6505,.F.);
#4875=EDGE_CURVE('',#5995,#5991,#551,.T.);
#4876=EDGE_CURVE('',#5996,#5997,#552,.T.);
#4877=EDGE_CURVE('',#5997,#5998,#553,.T.);
#4878=EDGE_CURVE('',#5999,#5998,#6506,.F.);
#4879=EDGE_CURVE('',#5999,#5848,#554,.T.);
#4880=EDGE_CURVE('',#5846,#6000,#555,.T.);
#4881=EDGE_CURVE('',#6000,#6001,#6507,.F.);
#4882=EDGE_CURVE('',#6001,#5996,#556,.T.);
#4883=EDGE_CURVE('',#6002,#6003,#6508,.F.);
#4884=EDGE_CURVE('',#6003,#6004,#557,.T.);
#4885=EDGE_CURVE('',#6005,#6004,#558,.T.);
#4886=EDGE_CURVE('',#6005,#6006,#559,.T.);
#4887=EDGE_CURVE('',#5954,#6006,#6509,.F.);
#4888=EDGE_CURVE('',#5830,#6002,#560,.T.);
#4889=EDGE_CURVE('',#6007,#6008,#6510,.F.);
#4890=EDGE_CURVE('',#6007,#6009,#561,.T.);
#4891=EDGE_CURVE('',#6010,#6009,#562,.T.);
#4892=EDGE_CURVE('',#6010,#6011,#563,.T.);
#4893=EDGE_CURVE('',#6011,#6012,#6511,.F.);
#4894=EDGE_CURVE('',#6012,#5843,#564,.T.);
#4895=EDGE_CURVE('',#5845,#6008,#565,.T.);
#4896=EDGE_CURVE('',#6004,#5992,#566,.T.);
#4897=EDGE_CURVE('',#5991,#6005,#567,.T.);
#4898=EDGE_CURVE('',#6009,#5997,#568,.T.);
#4899=EDGE_CURVE('',#5996,#6010,#569,.T.);
#4900=EDGE_CURVE('',#6013,#6014,#570,.T.);
#4901=EDGE_CURVE('',#6014,#6015,#571,.T.);
#4902=EDGE_CURVE('',#6015,#6016,#6512,.F.);
#4903=EDGE_CURVE('',#6016,#5823,#572,.T.);
#4904=EDGE_CURVE('',#6017,#5951,#6513,.F.);
#4905=EDGE_CURVE('',#6017,#6013,#573,.T.);
#4906=EDGE_CURVE('',#6018,#6019,#574,.T.);
#4907=EDGE_CURVE('',#6019,#6020,#575,.T.);
#4908=EDGE_CURVE('',#6021,#6020,#6514,.F.);
#4909=EDGE_CURVE('',#6021,#5852,#576,.T.);
#4910=EDGE_CURVE('',#5850,#6022,#577,.T.);
#4911=EDGE_CURVE('',#6022,#6023,#6515,.F.);
#4912=EDGE_CURVE('',#6023,#6018,#578,.T.);
#4913=EDGE_CURVE('',#6024,#6025,#6516,.F.);
#4914=EDGE_CURVE('',#6025,#6026,#579,.T.);
#4915=EDGE_CURVE('',#6027,#6026,#580,.T.);
#4916=EDGE_CURVE('',#6027,#6028,#581,.T.);
#4917=EDGE_CURVE('',#5952,#6028,#6517,.F.);
#4918=EDGE_CURVE('',#5826,#6024,#582,.T.);
#4919=EDGE_CURVE('',#6029,#6030,#6518,.F.);
#4920=EDGE_CURVE('',#6029,#6031,#583,.T.);
#4921=EDGE_CURVE('',#6032,#6031,#584,.T.);
#4922=EDGE_CURVE('',#6032,#6033,#585,.T.);
#4923=EDGE_CURVE('',#6033,#6034,#6519,.F.);
#4924=EDGE_CURVE('',#6034,#5847,#586,.T.);
#4925=EDGE_CURVE('',#5849,#6030,#587,.T.);
#4926=EDGE_CURVE('',#6026,#6014,#588,.T.);
#4927=EDGE_CURVE('',#6013,#6027,#589,.T.);
#4928=EDGE_CURVE('',#6031,#6019,#590,.T.);
#4929=EDGE_CURVE('',#6018,#6032,#591,.T.);
#4930=EDGE_CURVE('',#6035,#6036,#592,.T.);
#4931=EDGE_CURVE('',#6036,#6037,#593,.T.);
#4932=EDGE_CURVE('',#6037,#6038,#6520,.F.);
#4933=EDGE_CURVE('',#6038,#5819,#594,.T.);
#4934=EDGE_CURVE('',#6039,#5949,#6521,.F.);
#4935=EDGE_CURVE('',#6039,#6035,#595,.T.);
#4936=EDGE_CURVE('',#6040,#6041,#596,.T.);
#4937=EDGE_CURVE('',#6041,#6042,#597,.T.);
#4938=EDGE_CURVE('',#6043,#6042,#6522,.F.);
#4939=EDGE_CURVE('',#6043,#5856,#598,.T.);
#4940=EDGE_CURVE('',#5854,#6044,#599,.T.);
#4941=EDGE_CURVE('',#6044,#6045,#6523,.F.);
#4942=EDGE_CURVE('',#6045,#6040,#600,.T.);
#4943=EDGE_CURVE('',#6046,#6047,#6524,.F.);
#4944=EDGE_CURVE('',#6047,#6048,#601,.T.);
#4945=EDGE_CURVE('',#6049,#6048,#602,.T.);
#4946=EDGE_CURVE('',#6049,#6050,#603,.T.);
#4947=EDGE_CURVE('',#5950,#6050,#6525,.F.);
#4948=EDGE_CURVE('',#5822,#6046,#604,.T.);
#4949=EDGE_CURVE('',#6051,#6052,#6526,.F.);
#4950=EDGE_CURVE('',#6051,#6053,#605,.T.);
#4951=EDGE_CURVE('',#6054,#6053,#606,.T.);
#4952=EDGE_CURVE('',#6054,#6055,#607,.T.);
#4953=EDGE_CURVE('',#6055,#6056,#6527,.F.);
#4954=EDGE_CURVE('',#6056,#5851,#608,.T.);
#4955=EDGE_CURVE('',#5853,#6052,#609,.T.);
#4956=EDGE_CURVE('',#6048,#6036,#610,.T.);
#4957=EDGE_CURVE('',#6035,#6049,#611,.T.);
#4958=EDGE_CURVE('',#6053,#6041,#612,.T.);
#4959=EDGE_CURVE('',#6040,#6054,#613,.T.);
#4960=EDGE_CURVE('',#6057,#6058,#614,.T.);
#4961=EDGE_CURVE('',#6058,#6059,#615,.T.);
#4962=EDGE_CURVE('',#6059,#6060,#6528,.F.);
#4963=EDGE_CURVE('',#6060,#5815,#616,.T.);
#4964=EDGE_CURVE('',#6061,#5947,#6529,.F.);
#4965=EDGE_CURVE('',#6061,#6057,#617,.T.);
#4966=EDGE_CURVE('',#6062,#6063,#618,.T.);
#4967=EDGE_CURVE('',#6063,#6064,#619,.T.);
#4968=EDGE_CURVE('',#6065,#6064,#6530,.F.);
#4969=EDGE_CURVE('',#6065,#5860,#620,.T.);
#4970=EDGE_CURVE('',#5858,#6066,#621,.T.);
#4971=EDGE_CURVE('',#6066,#6067,#6531,.F.);
#4972=EDGE_CURVE('',#6067,#6062,#622,.T.);
#4973=EDGE_CURVE('',#6068,#6069,#6532,.F.);
#4974=EDGE_CURVE('',#6069,#6070,#623,.T.);
#4975=EDGE_CURVE('',#6071,#6070,#624,.T.);
#4976=EDGE_CURVE('',#6071,#6072,#625,.T.);
#4977=EDGE_CURVE('',#5948,#6072,#6533,.F.);
#4978=EDGE_CURVE('',#5818,#6068,#626,.T.);
#4979=EDGE_CURVE('',#6073,#6074,#6534,.F.);
#4980=EDGE_CURVE('',#6073,#6075,#627,.T.);
#4981=EDGE_CURVE('',#6076,#6075,#628,.T.);
#4982=EDGE_CURVE('',#6076,#6077,#629,.T.);
#4983=EDGE_CURVE('',#6077,#6078,#6535,.F.);
#4984=EDGE_CURVE('',#6078,#5855,#630,.T.);
#4985=EDGE_CURVE('',#5857,#6074,#631,.T.);
#4986=EDGE_CURVE('',#6070,#6058,#632,.T.);
#4987=EDGE_CURVE('',#6057,#6071,#633,.T.);
#4988=EDGE_CURVE('',#6075,#6063,#634,.T.);
#4989=EDGE_CURVE('',#6062,#6076,#635,.T.);
#4990=EDGE_CURVE('',#6079,#6080,#636,.T.);
#4991=EDGE_CURVE('',#6080,#6081,#637,.T.);
#4992=EDGE_CURVE('',#6081,#6082,#6536,.F.);
#4993=EDGE_CURVE('',#6082,#5811,#638,.T.);
#4994=EDGE_CURVE('',#6083,#5945,#6537,.F.);
#4995=EDGE_CURVE('',#6083,#6079,#639,.T.);
#4996=EDGE_CURVE('',#6084,#6085,#640,.T.);
#4997=EDGE_CURVE('',#6085,#6086,#641,.T.);
#4998=EDGE_CURVE('',#6087,#6086,#6538,.F.);
#4999=EDGE_CURVE('',#6087,#5864,#642,.T.);
#5000=EDGE_CURVE('',#5862,#6088,#643,.T.);
#5001=EDGE_CURVE('',#6088,#6089,#6539,.F.);
#5002=EDGE_CURVE('',#6089,#6084,#644,.T.);
#5003=EDGE_CURVE('',#6090,#6091,#6540,.F.);
#5004=EDGE_CURVE('',#6091,#6092,#645,.T.);
#5005=EDGE_CURVE('',#6093,#6092,#646,.T.);
#5006=EDGE_CURVE('',#6093,#6094,#647,.T.);
#5007=EDGE_CURVE('',#5946,#6094,#6541,.F.);
#5008=EDGE_CURVE('',#5814,#6090,#648,.T.);
#5009=EDGE_CURVE('',#6095,#6096,#6542,.F.);
#5010=EDGE_CURVE('',#6095,#6097,#649,.T.);
#5011=EDGE_CURVE('',#6098,#6097,#650,.T.);
#5012=EDGE_CURVE('',#6098,#6099,#651,.T.);
#5013=EDGE_CURVE('',#6099,#6100,#6543,.F.);
#5014=EDGE_CURVE('',#6100,#5859,#652,.T.);
#5015=EDGE_CURVE('',#5861,#6096,#653,.T.);
#5016=EDGE_CURVE('',#6092,#6080,#654,.T.);
#5017=EDGE_CURVE('',#6079,#6093,#655,.T.);
#5018=EDGE_CURVE('',#6097,#6085,#656,.T.);
#5019=EDGE_CURVE('',#6084,#6098,#657,.T.);
#5020=EDGE_CURVE('',#6101,#6102,#658,.T.);
#5021=EDGE_CURVE('',#6102,#6103,#659,.T.);
#5022=EDGE_CURVE('',#6103,#6104,#6544,.F.);
#5023=EDGE_CURVE('',#6104,#5807,#660,.T.);
#5024=EDGE_CURVE('',#6105,#5943,#6545,.F.);
#5025=EDGE_CURVE('',#6105,#6101,#661,.T.);
#5026=EDGE_CURVE('',#6106,#6107,#662,.T.);
#5027=EDGE_CURVE('',#6107,#6108,#663,.T.);
#5028=EDGE_CURVE('',#6109,#6108,#6546,.F.);
#5029=EDGE_CURVE('',#6109,#5868,#664,.T.);
#5030=EDGE_CURVE('',#5866,#6110,#665,.T.);
#5031=EDGE_CURVE('',#6110,#6111,#6547,.F.);
#5032=EDGE_CURVE('',#6111,#6106,#666,.T.);
#5033=EDGE_CURVE('',#6112,#6113,#6548,.F.);
#5034=EDGE_CURVE('',#6113,#6114,#667,.T.);
#5035=EDGE_CURVE('',#6115,#6114,#668,.T.);
#5036=EDGE_CURVE('',#6115,#6116,#669,.T.);
#5037=EDGE_CURVE('',#5944,#6116,#6549,.F.);
#5038=EDGE_CURVE('',#5810,#6112,#670,.T.);
#5039=EDGE_CURVE('',#6117,#6118,#6550,.F.);
#5040=EDGE_CURVE('',#6117,#6119,#671,.T.);
#5041=EDGE_CURVE('',#6120,#6119,#672,.T.);
#5042=EDGE_CURVE('',#6120,#6121,#673,.T.);
#5043=EDGE_CURVE('',#6121,#6122,#6551,.F.);
#5044=EDGE_CURVE('',#6122,#5863,#674,.T.);
#5045=EDGE_CURVE('',#5865,#6118,#675,.T.);
#5046=EDGE_CURVE('',#6114,#6102,#676,.T.);
#5047=EDGE_CURVE('',#6101,#6115,#677,.T.);
#5048=EDGE_CURVE('',#6119,#6107,#678,.T.);
#5049=EDGE_CURVE('',#6106,#6120,#679,.T.);
#5050=EDGE_CURVE('',#6123,#6124,#680,.T.);
#5051=EDGE_CURVE('',#6124,#6125,#681,.T.);
#5052=EDGE_CURVE('',#6125,#6126,#6552,.F.);
#5053=EDGE_CURVE('',#6126,#5803,#682,.T.);
#5054=EDGE_CURVE('',#6127,#5941,#6553,.F.);
#5055=EDGE_CURVE('',#6127,#6123,#683,.T.);
#5056=EDGE_CURVE('',#6128,#6129,#684,.T.);
#5057=EDGE_CURVE('',#6129,#6130,#685,.T.);
#5058=EDGE_CURVE('',#6131,#6130,#6554,.F.);
#5059=EDGE_CURVE('',#6131,#5872,#686,.T.);
#5060=EDGE_CURVE('',#5870,#6132,#687,.T.);
#5061=EDGE_CURVE('',#6132,#6133,#6555,.F.);
#5062=EDGE_CURVE('',#6133,#6128,#688,.T.);
#5063=EDGE_CURVE('',#6134,#6135,#6556,.F.);
#5064=EDGE_CURVE('',#6135,#6136,#689,.T.);
#5065=EDGE_CURVE('',#6137,#6136,#690,.T.);
#5066=EDGE_CURVE('',#6137,#6138,#691,.T.);
#5067=EDGE_CURVE('',#5942,#6138,#6557,.F.);
#5068=EDGE_CURVE('',#5806,#6134,#692,.T.);
#5069=EDGE_CURVE('',#6139,#6140,#6558,.F.);
#5070=EDGE_CURVE('',#6139,#6141,#693,.T.);
#5071=EDGE_CURVE('',#6142,#6141,#694,.T.);
#5072=EDGE_CURVE('',#6142,#6143,#695,.T.);
#5073=EDGE_CURVE('',#6143,#6144,#6559,.F.);
#5074=EDGE_CURVE('',#6144,#5867,#696,.T.);
#5075=EDGE_CURVE('',#5869,#6140,#697,.T.);
#5076=EDGE_CURVE('',#6136,#6124,#698,.T.);
#5077=EDGE_CURVE('',#6123,#6137,#699,.T.);
#5078=EDGE_CURVE('',#6141,#6129,#700,.T.);
#5079=EDGE_CURVE('',#6128,#6142,#701,.T.);
#5080=EDGE_CURVE('',#6145,#6146,#702,.T.);
#5081=EDGE_CURVE('',#6146,#6147,#703,.T.);
#5082=EDGE_CURVE('',#6147,#6148,#6560,.F.);
#5083=EDGE_CURVE('',#6148,#5799,#704,.T.);
#5084=EDGE_CURVE('',#6149,#5939,#6561,.F.);
#5085=EDGE_CURVE('',#6149,#6145,#705,.T.);
#5086=EDGE_CURVE('',#6150,#6151,#706,.T.);
#5087=EDGE_CURVE('',#6151,#6152,#707,.T.);
#5088=EDGE_CURVE('',#6153,#6152,#6562,.F.);
#5089=EDGE_CURVE('',#6153,#5876,#708,.T.);
#5090=EDGE_CURVE('',#5874,#6154,#709,.T.);
#5091=EDGE_CURVE('',#6154,#6155,#6563,.F.);
#5092=EDGE_CURVE('',#6155,#6150,#710,.T.);
#5093=EDGE_CURVE('',#6156,#6157,#6564,.F.);
#5094=EDGE_CURVE('',#6157,#6158,#711,.T.);
#5095=EDGE_CURVE('',#6159,#6158,#712,.T.);
#5096=EDGE_CURVE('',#6159,#6160,#713,.T.);
#5097=EDGE_CURVE('',#5940,#6160,#6565,.F.);
#5098=EDGE_CURVE('',#5802,#6156,#714,.T.);
#5099=EDGE_CURVE('',#6161,#6162,#6566,.F.);
#5100=EDGE_CURVE('',#6161,#6163,#715,.T.);
#5101=EDGE_CURVE('',#6164,#6163,#716,.T.);
#5102=EDGE_CURVE('',#6164,#6165,#717,.T.);
#5103=EDGE_CURVE('',#6165,#6166,#6567,.F.);
#5104=EDGE_CURVE('',#6166,#5871,#718,.T.);
#5105=EDGE_CURVE('',#5873,#6162,#719,.T.);
#5106=EDGE_CURVE('',#6158,#6146,#720,.T.);
#5107=EDGE_CURVE('',#6145,#6159,#721,.T.);
#5108=EDGE_CURVE('',#6163,#6151,#722,.T.);
#5109=EDGE_CURVE('',#6150,#6164,#723,.T.);
#5110=EDGE_CURVE('',#6167,#6168,#724,.T.);
#5111=EDGE_CURVE('',#6168,#6169,#725,.T.);
#5112=EDGE_CURVE('',#6169,#6170,#6568,.F.);
#5113=EDGE_CURVE('',#6170,#5795,#726,.T.);
#5114=EDGE_CURVE('',#6171,#5937,#6569,.F.);
#5115=EDGE_CURVE('',#6171,#6167,#727,.T.);
#5116=EDGE_CURVE('',#6172,#6173,#728,.T.);
#5117=EDGE_CURVE('',#6173,#6174,#729,.T.);
#5118=EDGE_CURVE('',#6175,#6174,#6570,.F.);
#5119=EDGE_CURVE('',#6175,#5880,#730,.T.);
#5120=EDGE_CURVE('',#5878,#6176,#731,.T.);
#5121=EDGE_CURVE('',#6176,#6177,#6571,.F.);
#5122=EDGE_CURVE('',#6177,#6172,#732,.T.);
#5123=EDGE_CURVE('',#6178,#6179,#6572,.F.);
#5124=EDGE_CURVE('',#6179,#6180,#733,.T.);
#5125=EDGE_CURVE('',#6181,#6180,#734,.T.);
#5126=EDGE_CURVE('',#6181,#6182,#735,.T.);
#5127=EDGE_CURVE('',#5938,#6182,#6573,.F.);
#5128=EDGE_CURVE('',#5798,#6178,#736,.T.);
#5129=EDGE_CURVE('',#6183,#6184,#6574,.F.);
#5130=EDGE_CURVE('',#6183,#6185,#737,.T.);
#5131=EDGE_CURVE('',#6186,#6185,#738,.T.);
#5132=EDGE_CURVE('',#6186,#6187,#739,.T.);
#5133=EDGE_CURVE('',#6187,#6188,#6575,.F.);
#5134=EDGE_CURVE('',#6188,#5875,#740,.T.);
#5135=EDGE_CURVE('',#5877,#6184,#741,.T.);
#5136=EDGE_CURVE('',#6180,#6168,#742,.T.);
#5137=EDGE_CURVE('',#6167,#6181,#743,.T.);
#5138=EDGE_CURVE('',#6185,#6173,#744,.T.);
#5139=EDGE_CURVE('',#6172,#6186,#745,.T.);
#5140=EDGE_CURVE('',#6189,#6190,#746,.T.);
#5141=EDGE_CURVE('',#6190,#6191,#747,.T.);
#5142=EDGE_CURVE('',#6191,#6192,#6576,.F.);
#5143=EDGE_CURVE('',#6192,#5791,#748,.T.);
#5144=EDGE_CURVE('',#6193,#5935,#6577,.F.);
#5145=EDGE_CURVE('',#6193,#6189,#749,.T.);
#5146=EDGE_CURVE('',#6194,#6195,#750,.T.);
#5147=EDGE_CURVE('',#6195,#6196,#751,.T.);
#5148=EDGE_CURVE('',#6197,#6196,#6578,.F.);
#5149=EDGE_CURVE('',#6197,#5884,#752,.T.);
#5150=EDGE_CURVE('',#5882,#6198,#753,.T.);
#5151=EDGE_CURVE('',#6198,#6199,#6579,.F.);
#5152=EDGE_CURVE('',#6199,#6194,#754,.T.);
#5153=EDGE_CURVE('',#6200,#6201,#6580,.F.);
#5154=EDGE_CURVE('',#6201,#6202,#755,.T.);
#5155=EDGE_CURVE('',#6203,#6202,#756,.T.);
#5156=EDGE_CURVE('',#6203,#6204,#757,.T.);
#5157=EDGE_CURVE('',#5936,#6204,#6581,.F.);
#5158=EDGE_CURVE('',#5794,#6200,#758,.T.);
#5159=EDGE_CURVE('',#6205,#6206,#6582,.F.);
#5160=EDGE_CURVE('',#6205,#6207,#759,.T.);
#5161=EDGE_CURVE('',#6208,#6207,#760,.T.);
#5162=EDGE_CURVE('',#6208,#6209,#761,.T.);
#5163=EDGE_CURVE('',#6209,#6210,#6583,.F.);
#5164=EDGE_CURVE('',#6210,#5879,#762,.T.);
#5165=EDGE_CURVE('',#5881,#6206,#763,.T.);
#5166=EDGE_CURVE('',#6202,#6190,#764,.T.);
#5167=EDGE_CURVE('',#6189,#6203,#765,.T.);
#5168=EDGE_CURVE('',#6207,#6195,#766,.T.);
#5169=EDGE_CURVE('',#6194,#6208,#767,.T.);
#5170=EDGE_CURVE('',#6211,#6212,#768,.T.);
#5171=EDGE_CURVE('',#6212,#6213,#769,.T.);
#5172=EDGE_CURVE('',#6213,#6214,#6584,.F.);
#5173=EDGE_CURVE('',#6214,#5787,#770,.T.);
#5174=EDGE_CURVE('',#6215,#5933,#6585,.F.);
#5175=EDGE_CURVE('',#6215,#6211,#771,.T.);
#5176=EDGE_CURVE('',#6216,#6217,#772,.T.);
#5177=EDGE_CURVE('',#6217,#6218,#773,.T.);
#5178=EDGE_CURVE('',#6219,#6218,#6586,.F.);
#5179=EDGE_CURVE('',#6219,#5888,#774,.T.);
#5180=EDGE_CURVE('',#5886,#6220,#775,.T.);
#5181=EDGE_CURVE('',#6220,#6221,#6587,.F.);
#5182=EDGE_CURVE('',#6221,#6216,#776,.T.);
#5183=EDGE_CURVE('',#6222,#6223,#6588,.F.);
#5184=EDGE_CURVE('',#6223,#6224,#777,.T.);
#5185=EDGE_CURVE('',#6225,#6224,#778,.T.);
#5186=EDGE_CURVE('',#6225,#6226,#779,.T.);
#5187=EDGE_CURVE('',#5934,#6226,#6589,.F.);
#5188=EDGE_CURVE('',#5790,#6222,#780,.T.);
#5189=EDGE_CURVE('',#6227,#6228,#6590,.F.);
#5190=EDGE_CURVE('',#6227,#6229,#781,.T.);
#5191=EDGE_CURVE('',#6230,#6229,#782,.T.);
#5192=EDGE_CURVE('',#6230,#6231,#783,.T.);
#5193=EDGE_CURVE('',#6231,#6232,#6591,.F.);
#5194=EDGE_CURVE('',#6232,#5883,#784,.T.);
#5195=EDGE_CURVE('',#5885,#6228,#785,.T.);
#5196=EDGE_CURVE('',#6224,#6212,#786,.T.);
#5197=EDGE_CURVE('',#6211,#6225,#787,.T.);
#5198=EDGE_CURVE('',#6229,#6217,#788,.T.);
#5199=EDGE_CURVE('',#6216,#6230,#789,.T.);
#5200=EDGE_CURVE('',#6233,#6234,#790,.T.);
#5201=EDGE_CURVE('',#6234,#6235,#791,.T.);
#5202=EDGE_CURVE('',#6235,#6236,#6592,.F.);
#5203=EDGE_CURVE('',#6236,#5783,#792,.T.);
#5204=EDGE_CURVE('',#6237,#5931,#6593,.F.);
#5205=EDGE_CURVE('',#6237,#6233,#793,.T.);
#5206=EDGE_CURVE('',#6238,#6239,#794,.T.);
#5207=EDGE_CURVE('',#6239,#6240,#795,.T.);
#5208=EDGE_CURVE('',#6241,#6240,#6594,.F.);
#5209=EDGE_CURVE('',#6241,#5892,#796,.T.);
#5210=EDGE_CURVE('',#5890,#6242,#797,.T.);
#5211=EDGE_CURVE('',#6242,#6243,#6595,.F.);
#5212=EDGE_CURVE('',#6243,#6238,#798,.T.);
#5213=EDGE_CURVE('',#6244,#6245,#6596,.F.);
#5214=EDGE_CURVE('',#6245,#6246,#799,.T.);
#5215=EDGE_CURVE('',#6247,#6246,#800,.T.);
#5216=EDGE_CURVE('',#6247,#6248,#801,.T.);
#5217=EDGE_CURVE('',#5932,#6248,#6597,.F.);
#5218=EDGE_CURVE('',#5786,#6244,#802,.T.);
#5219=EDGE_CURVE('',#6249,#6250,#6598,.F.);
#5220=EDGE_CURVE('',#6249,#6251,#803,.T.);
#5221=EDGE_CURVE('',#6252,#6251,#804,.T.);
#5222=EDGE_CURVE('',#6252,#6253,#805,.T.);
#5223=EDGE_CURVE('',#6253,#6254,#6599,.F.);
#5224=EDGE_CURVE('',#6254,#5887,#806,.T.);
#5225=EDGE_CURVE('',#5889,#6250,#807,.T.);
#5226=EDGE_CURVE('',#6246,#6234,#808,.T.);
#5227=EDGE_CURVE('',#6233,#6247,#809,.T.);
#5228=EDGE_CURVE('',#6251,#6239,#810,.T.);
#5229=EDGE_CURVE('',#6238,#6252,#811,.T.);
#5230=EDGE_CURVE('',#6255,#6256,#812,.T.);
#5231=EDGE_CURVE('',#6256,#6257,#813,.T.);
#5232=EDGE_CURVE('',#6257,#6258,#6600,.F.);
#5233=EDGE_CURVE('',#6258,#5779,#814,.T.);
#5234=EDGE_CURVE('',#6259,#5929,#6601,.F.);
#5235=EDGE_CURVE('',#6259,#6255,#815,.T.);
#5236=EDGE_CURVE('',#6260,#6261,#816,.T.);
#5237=EDGE_CURVE('',#6261,#6262,#817,.T.);
#5238=EDGE_CURVE('',#6263,#6262,#6602,.F.);
#5239=EDGE_CURVE('',#6263,#5896,#818,.T.);
#5240=EDGE_CURVE('',#5894,#6264,#819,.T.);
#5241=EDGE_CURVE('',#6264,#6265,#6603,.F.);
#5242=EDGE_CURVE('',#6265,#6260,#820,.T.);
#5243=EDGE_CURVE('',#6266,#6267,#6604,.F.);
#5244=EDGE_CURVE('',#6267,#6268,#821,.T.);
#5245=EDGE_CURVE('',#6269,#6268,#822,.T.);
#5246=EDGE_CURVE('',#6269,#6270,#823,.T.);
#5247=EDGE_CURVE('',#5930,#6270,#6605,.F.);
#5248=EDGE_CURVE('',#5782,#6266,#824,.T.);
#5249=EDGE_CURVE('',#6271,#6272,#6606,.F.);
#5250=EDGE_CURVE('',#6271,#6273,#825,.T.);
#5251=EDGE_CURVE('',#6274,#6273,#826,.T.);
#5252=EDGE_CURVE('',#6274,#6275,#827,.T.);
#5253=EDGE_CURVE('',#6275,#6276,#6607,.F.);
#5254=EDGE_CURVE('',#6276,#5891,#828,.T.);
#5255=EDGE_CURVE('',#5893,#6272,#829,.T.);
#5256=EDGE_CURVE('',#6268,#6256,#830,.T.);
#5257=EDGE_CURVE('',#6255,#6269,#831,.T.);
#5258=EDGE_CURVE('',#6273,#6261,#832,.T.);
#5259=EDGE_CURVE('',#6260,#6274,#833,.T.);
#5260=EDGE_CURVE('',#6277,#6278,#834,.T.);
#5261=EDGE_CURVE('',#6278,#6279,#835,.T.);
#5262=EDGE_CURVE('',#6279,#6280,#6608,.F.);
#5263=EDGE_CURVE('',#6280,#5775,#836,.T.);
#5264=EDGE_CURVE('',#6281,#5927,#6609,.F.);
#5265=EDGE_CURVE('',#6281,#6277,#837,.T.);
#5266=EDGE_CURVE('',#6282,#6283,#838,.T.);
#5267=EDGE_CURVE('',#6283,#6284,#839,.T.);
#5268=EDGE_CURVE('',#6285,#6284,#6610,.F.);
#5269=EDGE_CURVE('',#6285,#5900,#840,.T.);
#5270=EDGE_CURVE('',#5898,#6286,#841,.T.);
#5271=EDGE_CURVE('',#6286,#6287,#6611,.F.);
#5272=EDGE_CURVE('',#6287,#6282,#842,.T.);
#5273=EDGE_CURVE('',#6288,#6289,#6612,.F.);
#5274=EDGE_CURVE('',#6289,#6290,#843,.T.);
#5275=EDGE_CURVE('',#6291,#6290,#844,.T.);
#5276=EDGE_CURVE('',#6291,#6292,#845,.T.);
#5277=EDGE_CURVE('',#5928,#6292,#6613,.F.);
#5278=EDGE_CURVE('',#5778,#6288,#846,.T.);
#5279=EDGE_CURVE('',#6293,#6294,#6614,.F.);
#5280=EDGE_CURVE('',#6293,#6295,#847,.T.);
#5281=EDGE_CURVE('',#6296,#6295,#848,.T.);
#5282=EDGE_CURVE('',#6296,#6297,#849,.T.);
#5283=EDGE_CURVE('',#6297,#6298,#6615,.F.);
#5284=EDGE_CURVE('',#6298,#5895,#850,.T.);
#5285=EDGE_CURVE('',#5897,#6294,#851,.T.);
#5286=EDGE_CURVE('',#6290,#6278,#852,.T.);
#5287=EDGE_CURVE('',#6277,#6291,#853,.T.);
#5288=EDGE_CURVE('',#6295,#6283,#854,.T.);
#5289=EDGE_CURVE('',#6282,#6296,#855,.T.);
#5290=EDGE_CURVE('',#6299,#6300,#856,.T.);
#5291=EDGE_CURVE('',#6300,#6301,#857,.T.);
#5292=EDGE_CURVE('',#6301,#6302,#6616,.F.);
#5293=EDGE_CURVE('',#6302,#5771,#858,.T.);
#5294=EDGE_CURVE('',#6303,#5925,#6617,.F.);
#5295=EDGE_CURVE('',#6303,#6299,#859,.T.);
#5296=EDGE_CURVE('',#6304,#6305,#860,.T.);
#5297=EDGE_CURVE('',#6305,#6306,#861,.T.);
#5298=EDGE_CURVE('',#6307,#6306,#6618,.F.);
#5299=EDGE_CURVE('',#6307,#5904,#862,.T.);
#5300=EDGE_CURVE('',#5902,#6308,#863,.T.);
#5301=EDGE_CURVE('',#6308,#6309,#6619,.F.);
#5302=EDGE_CURVE('',#6309,#6304,#864,.T.);
#5303=EDGE_CURVE('',#6310,#6311,#6620,.F.);
#5304=EDGE_CURVE('',#6311,#6312,#865,.T.);
#5305=EDGE_CURVE('',#6313,#6312,#866,.T.);
#5306=EDGE_CURVE('',#6313,#6314,#867,.T.);
#5307=EDGE_CURVE('',#5926,#6314,#6621,.F.);
#5308=EDGE_CURVE('',#5774,#6310,#868,.T.);
#5309=EDGE_CURVE('',#6315,#6316,#6622,.F.);
#5310=EDGE_CURVE('',#6315,#6317,#869,.T.);
#5311=EDGE_CURVE('',#6318,#6317,#870,.T.);
#5312=EDGE_CURVE('',#6318,#6319,#871,.T.);
#5313=EDGE_CURVE('',#6319,#6320,#6623,.F.);
#5314=EDGE_CURVE('',#6320,#5899,#872,.T.);
#5315=EDGE_CURVE('',#5901,#6316,#873,.T.);
#5316=EDGE_CURVE('',#6312,#6300,#874,.T.);
#5317=EDGE_CURVE('',#6299,#6313,#875,.T.);
#5318=EDGE_CURVE('',#6317,#6305,#876,.T.);
#5319=EDGE_CURVE('',#6304,#6318,#877,.T.);
#5320=EDGE_CURVE('',#6321,#6322,#878,.T.);
#5321=EDGE_CURVE('',#6322,#6323,#879,.T.);
#5322=EDGE_CURVE('',#6323,#6324,#6624,.F.);
#5323=EDGE_CURVE('',#6324,#5767,#880,.T.);
#5324=EDGE_CURVE('',#6325,#5923,#6625,.F.);
#5325=EDGE_CURVE('',#6325,#6321,#881,.T.);
#5326=EDGE_CURVE('',#6326,#6327,#882,.T.);
#5327=EDGE_CURVE('',#6327,#6328,#883,.T.);
#5328=EDGE_CURVE('',#6329,#6328,#6626,.F.);
#5329=EDGE_CURVE('',#6329,#5908,#884,.T.);
#5330=EDGE_CURVE('',#5906,#6330,#885,.T.);
#5331=EDGE_CURVE('',#6330,#6331,#6627,.F.);
#5332=EDGE_CURVE('',#6331,#6326,#886,.T.);
#5333=EDGE_CURVE('',#6332,#6333,#6628,.F.);
#5334=EDGE_CURVE('',#6333,#6334,#887,.T.);
#5335=EDGE_CURVE('',#6335,#6334,#888,.T.);
#5336=EDGE_CURVE('',#6335,#6336,#889,.T.);
#5337=EDGE_CURVE('',#5924,#6336,#6629,.F.);
#5338=EDGE_CURVE('',#5770,#6332,#890,.T.);
#5339=EDGE_CURVE('',#6337,#6338,#6630,.F.);
#5340=EDGE_CURVE('',#6337,#6339,#891,.T.);
#5341=EDGE_CURVE('',#6340,#6339,#892,.T.);
#5342=EDGE_CURVE('',#6340,#6341,#893,.T.);
#5343=EDGE_CURVE('',#6341,#6342,#6631,.F.);
#5344=EDGE_CURVE('',#6342,#5903,#894,.T.);
#5345=EDGE_CURVE('',#5905,#6338,#895,.T.);
#5346=EDGE_CURVE('',#6334,#6322,#896,.T.);
#5347=EDGE_CURVE('',#6321,#6335,#897,.T.);
#5348=EDGE_CURVE('',#6339,#6327,#898,.T.);
#5349=EDGE_CURVE('',#6326,#6340,#899,.T.);
#5350=EDGE_CURVE('',#6343,#6344,#900,.T.);
#5351=EDGE_CURVE('',#6344,#6345,#901,.T.);
#5352=EDGE_CURVE('',#6345,#6346,#6632,.F.);
#5353=EDGE_CURVE('',#6346,#5763,#902,.T.);
#5354=EDGE_CURVE('',#6347,#5921,#6633,.F.);
#5355=EDGE_CURVE('',#6347,#6343,#903,.T.);
#5356=EDGE_CURVE('',#6348,#6349,#904,.T.);
#5357=EDGE_CURVE('',#6349,#6350,#905,.T.);
#5358=EDGE_CURVE('',#6351,#6350,#6634,.F.);
#5359=EDGE_CURVE('',#6351,#5912,#906,.T.);
#5360=EDGE_CURVE('',#5910,#6352,#907,.T.);
#5361=EDGE_CURVE('',#6352,#6353,#6635,.F.);
#5362=EDGE_CURVE('',#6353,#6348,#908,.T.);
#5363=EDGE_CURVE('',#6354,#6355,#6636,.F.);
#5364=EDGE_CURVE('',#6355,#6356,#909,.T.);
#5365=EDGE_CURVE('',#6357,#6356,#910,.T.);
#5366=EDGE_CURVE('',#6357,#6358,#911,.T.);
#5367=EDGE_CURVE('',#5922,#6358,#6637,.F.);
#5368=EDGE_CURVE('',#5766,#6354,#912,.T.);
#5369=EDGE_CURVE('',#6359,#6360,#6638,.F.);
#5370=EDGE_CURVE('',#6359,#6361,#913,.T.);
#5371=EDGE_CURVE('',#6362,#6361,#914,.T.);
#5372=EDGE_CURVE('',#6362,#6363,#915,.T.);
#5373=EDGE_CURVE('',#6363,#6364,#6639,.F.);
#5374=EDGE_CURVE('',#6364,#5907,#916,.T.);
#5375=EDGE_CURVE('',#5909,#6360,#917,.T.);
#5376=EDGE_CURVE('',#6356,#6344,#918,.T.);
#5377=EDGE_CURVE('',#6343,#6357,#919,.T.);
#5378=EDGE_CURVE('',#6361,#6349,#920,.T.);
#5379=EDGE_CURVE('',#6348,#6362,#921,.T.);
#5380=EDGE_CURVE('',#6365,#6366,#922,.T.);
#5381=EDGE_CURVE('',#6366,#6367,#923,.T.);
#5382=EDGE_CURVE('',#6367,#6368,#6640,.F.);
#5383=EDGE_CURVE('',#6368,#5759,#924,.T.);
#5384=EDGE_CURVE('',#6369,#5919,#6641,.F.);
#5385=EDGE_CURVE('',#6369,#6365,#925,.T.);
#5386=EDGE_CURVE('',#6370,#6371,#926,.T.);
#5387=EDGE_CURVE('',#6371,#6372,#927,.T.);
#5388=EDGE_CURVE('',#6373,#6372,#6642,.F.);
#5389=EDGE_CURVE('',#6373,#5916,#928,.T.);
#5390=EDGE_CURVE('',#5914,#6374,#929,.T.);
#5391=EDGE_CURVE('',#6374,#6375,#6643,.F.);
#5392=EDGE_CURVE('',#6375,#6370,#930,.T.);
#5393=EDGE_CURVE('',#6376,#6377,#6644,.F.);
#5394=EDGE_CURVE('',#6377,#6378,#931,.T.);
#5395=EDGE_CURVE('',#6379,#6378,#932,.T.);
#5396=EDGE_CURVE('',#6379,#6380,#933,.T.);
#5397=EDGE_CURVE('',#5920,#6380,#6645,.F.);
#5398=EDGE_CURVE('',#5762,#6376,#934,.T.);
#5399=EDGE_CURVE('',#6381,#6382,#6646,.F.);
#5400=EDGE_CURVE('',#6381,#6383,#935,.T.);
#5401=EDGE_CURVE('',#6384,#6383,#936,.T.);
#5402=EDGE_CURVE('',#6384,#6385,#937,.T.);
#5403=EDGE_CURVE('',#6385,#6386,#6647,.F.);
#5404=EDGE_CURVE('',#6386,#5911,#938,.T.);
#5405=EDGE_CURVE('',#5913,#6382,#939,.T.);
#5406=EDGE_CURVE('',#6378,#6366,#940,.T.);
#5407=EDGE_CURVE('',#6365,#6379,#941,.T.);
#5408=EDGE_CURVE('',#6383,#6371,#942,.T.);
#5409=EDGE_CURVE('',#6370,#6384,#943,.T.);
#5410=EDGE_CURVE('',#6387,#6388,#944,.T.);
#5411=EDGE_CURVE('',#6388,#5755,#945,.T.);
#5412=EDGE_CURVE('',#5754,#6387,#946,.T.);
#5413=EDGE_CURVE('',#6389,#6390,#947,.T.);
#5414=EDGE_CURVE('',#6390,#5751,#948,.T.);
#5415=EDGE_CURVE('',#5750,#6389,#949,.T.);
#5416=EDGE_CURVE('',#6391,#6392,#6648,.F.);
#5417=EDGE_CURVE('',#6392,#6388,#950,.T.);
#5418=EDGE_CURVE('',#6387,#6393,#951,.T.);
#5419=EDGE_CURVE('',#5918,#6393,#6649,.F.);
#5420=EDGE_CURVE('',#5758,#6391,#952,.T.);
#5421=EDGE_CURVE('',#6394,#6395,#6650,.F.);
#5422=EDGE_CURVE('',#6394,#6390,#953,.T.);
#5423=EDGE_CURVE('',#6389,#6396,#954,.T.);
#5424=EDGE_CURVE('',#6396,#6397,#6651,.F.);
#5425=EDGE_CURVE('',#6397,#5915,#955,.T.);
#5426=EDGE_CURVE('',#5917,#6395,#956,.T.);
#5427=EDGE_CURVE('',#6395,#6373,#957,.T.);
#5428=EDGE_CURVE('',#6382,#6351,#958,.T.);
#5429=EDGE_CURVE('',#6360,#6329,#959,.T.);
#5430=EDGE_CURVE('',#6338,#6307,#960,.T.);
#5431=EDGE_CURVE('',#6316,#6285,#961,.T.);
#5432=EDGE_CURVE('',#6294,#6263,#962,.T.);
#5433=EDGE_CURVE('',#6272,#6241,#963,.T.);
#5434=EDGE_CURVE('',#6250,#6219,#964,.T.);
#5435=EDGE_CURVE('',#6228,#6197,#965,.T.);
#5436=EDGE_CURVE('',#6206,#6175,#966,.T.);
#5437=EDGE_CURVE('',#6184,#6153,#967,.T.);
#5438=EDGE_CURVE('',#6162,#6131,#968,.T.);
#5439=EDGE_CURVE('',#6140,#6109,#969,.T.);
#5440=EDGE_CURVE('',#6118,#6087,#970,.T.);
#5441=EDGE_CURVE('',#6096,#6065,#971,.T.);
#5442=EDGE_CURVE('',#6074,#6043,#972,.T.);
#5443=EDGE_CURVE('',#6052,#6021,#973,.T.);
#5444=EDGE_CURVE('',#6030,#5999,#974,.T.);
#5445=EDGE_CURVE('',#6008,#5977,#975,.T.);
#5446=EDGE_CURVE('',#5986,#5966,#976,.T.);
#5447=EDGE_CURVE('',#5989,#5968,#977,.T.);
#5448=EDGE_CURVE('',#6011,#5979,#978,.T.);
#5449=EDGE_CURVE('',#6033,#6001,#979,.T.);
#5450=EDGE_CURVE('',#6055,#6023,#980,.T.);
#5451=EDGE_CURVE('',#6077,#6045,#981,.T.);
#5452=EDGE_CURVE('',#6099,#6067,#982,.T.);
#5453=EDGE_CURVE('',#6121,#6089,#983,.T.);
#5454=EDGE_CURVE('',#6143,#6111,#984,.T.);
#5455=EDGE_CURVE('',#6165,#6133,#985,.T.);
#5456=EDGE_CURVE('',#6187,#6155,#986,.T.);
#5457=EDGE_CURVE('',#6209,#6177,#987,.T.);
#5458=EDGE_CURVE('',#6231,#6199,#988,.T.);
#5459=EDGE_CURVE('',#6253,#6221,#989,.T.);
#5460=EDGE_CURVE('',#6275,#6243,#990,.T.);
#5461=EDGE_CURVE('',#6297,#6265,#991,.T.);
#5462=EDGE_CURVE('',#6319,#6287,#992,.T.);
#5463=EDGE_CURVE('',#6341,#6309,#993,.T.);
#5464=EDGE_CURVE('',#6363,#6331,#994,.T.);
#5465=EDGE_CURVE('',#6385,#6353,#995,.T.);
#5466=EDGE_CURVE('',#6396,#6375,#996,.T.);
#5467=EDGE_CURVE('',#5749,#5744,#997,.T.);
#5468=EDGE_CURVE('',#6397,#6374,#998,.T.);
#5469=EDGE_CURVE('',#6386,#6352,#999,.T.);
#5470=EDGE_CURVE('',#6364,#6330,#1000,.T.);
#5471=EDGE_CURVE('',#6342,#6308,#1001,.T.);
#5472=EDGE_CURVE('',#6320,#6286,#1002,.T.);
#5473=EDGE_CURVE('',#6298,#6264,#1003,.T.);
#5474=EDGE_CURVE('',#6276,#6242,#1004,.T.);
#5475=EDGE_CURVE('',#6254,#6220,#1005,.T.);
#5476=EDGE_CURVE('',#6232,#6198,#1006,.T.);
#5477=EDGE_CURVE('',#6210,#6176,#1007,.T.);
#5478=EDGE_CURVE('',#6188,#6154,#1008,.T.);
#5479=EDGE_CURVE('',#6166,#6132,#1009,.T.);
#5480=EDGE_CURVE('',#6144,#6110,#1010,.T.);
#5481=EDGE_CURVE('',#6122,#6088,#1011,.T.);
#5482=EDGE_CURVE('',#6100,#6066,#1012,.T.);
#5483=EDGE_CURVE('',#6078,#6044,#1013,.T.);
#5484=EDGE_CURVE('',#6056,#6022,#1014,.T.);
#5485=EDGE_CURVE('',#6034,#6000,#1015,.T.);
#5486=EDGE_CURVE('',#6012,#5978,#1016,.T.);
#5487=EDGE_CURVE('',#5990,#5967,#1017,.T.);
#5488=EDGE_CURVE('',#5984,#5962,#1018,.T.);
#5489=EDGE_CURVE('',#6006,#5973,#1019,.T.);
#5490=EDGE_CURVE('',#6028,#5995,#1020,.T.);
#5491=EDGE_CURVE('',#6050,#6017,#1021,.T.);
#5492=EDGE_CURVE('',#6072,#6039,#1022,.T.);
#5493=EDGE_CURVE('',#6094,#6061,#1023,.T.);
#5494=EDGE_CURVE('',#6116,#6083,#1024,.T.);
#5495=EDGE_CURVE('',#6138,#6105,#1025,.T.);
#5496=EDGE_CURVE('',#6160,#6127,#1026,.T.);
#5497=EDGE_CURVE('',#6182,#6149,#1027,.T.);
#5498=EDGE_CURVE('',#6204,#6171,#1028,.T.);
#5499=EDGE_CURVE('',#6226,#6193,#1029,.T.);
#5500=EDGE_CURVE('',#6248,#6215,#1030,.T.);
#5501=EDGE_CURVE('',#6270,#6237,#1031,.T.);
#5502=EDGE_CURVE('',#6292,#6259,#1032,.T.);
#5503=EDGE_CURVE('',#6314,#6281,#1033,.T.);
#5504=EDGE_CURVE('',#6336,#6303,#1034,.T.);
#5505=EDGE_CURVE('',#6358,#6325,#1035,.T.);
#5506=EDGE_CURVE('',#6380,#6347,#1036,.T.);
#5507=EDGE_CURVE('',#6393,#6369,#1037,.T.);
#5508=EDGE_CURVE('',#5753,#5740,#1038,.T.);
#5509=EDGE_CURVE('',#6394,#6372,#1039,.T.);
#5510=EDGE_CURVE('',#5752,#5741,#1040,.T.);
#5511=EDGE_CURVE('',#6381,#6350,#1041,.T.);
#5512=EDGE_CURVE('',#6359,#6328,#1042,.T.);
#5513=EDGE_CURVE('',#6337,#6306,#1043,.T.);
#5514=EDGE_CURVE('',#6315,#6284,#1044,.T.);
#5515=EDGE_CURVE('',#6293,#6262,#1045,.T.);
#5516=EDGE_CURVE('',#6271,#6240,#1046,.T.);
#5517=EDGE_CURVE('',#6249,#6218,#1047,.T.);
#5518=EDGE_CURVE('',#6227,#6196,#1048,.T.);
#5519=EDGE_CURVE('',#6205,#6174,#1049,.T.);
#5520=EDGE_CURVE('',#6183,#6152,#1050,.T.);
#5521=EDGE_CURVE('',#6161,#6130,#1051,.T.);
#5522=EDGE_CURVE('',#6139,#6108,#1052,.T.);
#5523=EDGE_CURVE('',#6117,#6086,#1053,.T.);
#5524=EDGE_CURVE('',#6095,#6064,#1054,.T.);
#5525=EDGE_CURVE('',#6073,#6042,#1055,.T.);
#5526=EDGE_CURVE('',#6051,#6020,#1056,.T.);
#5527=EDGE_CURVE('',#6029,#5998,#1057,.T.);
#5528=EDGE_CURVE('',#6007,#5976,#1058,.T.);
#5529=EDGE_CURVE('',#5985,#5965,#1059,.T.);
#5530=EDGE_CURVE('',#6003,#5971,#1060,.T.);
#5531=EDGE_CURVE('',#6002,#5972,#1061,.T.);
#5532=EDGE_CURVE('',#6025,#5993,#1062,.T.);
#5533=EDGE_CURVE('',#6024,#5994,#1063,.T.);
#5534=EDGE_CURVE('',#6047,#6015,#1064,.T.);
#5535=EDGE_CURVE('',#6046,#6016,#1065,.T.);
#5536=EDGE_CURVE('',#6069,#6037,#1066,.T.);
#5537=EDGE_CURVE('',#6068,#6038,#1067,.T.);
#5538=EDGE_CURVE('',#6091,#6059,#1068,.T.);
#5539=EDGE_CURVE('',#6090,#6060,#1069,.T.);
#5540=EDGE_CURVE('',#6113,#6081,#1070,.T.);
#5541=EDGE_CURVE('',#6112,#6082,#1071,.T.);
#5542=EDGE_CURVE('',#6135,#6103,#1072,.T.);
#5543=EDGE_CURVE('',#6134,#6104,#1073,.T.);
#5544=EDGE_CURVE('',#6157,#6125,#1074,.T.);
#5545=EDGE_CURVE('',#6156,#6126,#1075,.T.);
#5546=EDGE_CURVE('',#6179,#6147,#1076,.T.);
#5547=EDGE_CURVE('',#6178,#6148,#1077,.T.);
#5548=EDGE_CURVE('',#6201,#6169,#1078,.T.);
#5549=EDGE_CURVE('',#6200,#6170,#1079,.T.);
#5550=EDGE_CURVE('',#6223,#6191,#1080,.T.);
#5551=EDGE_CURVE('',#6222,#6192,#1081,.T.);
#5552=EDGE_CURVE('',#6245,#6213,#1082,.T.);
#5553=EDGE_CURVE('',#6244,#6214,#1083,.T.);
#5554=EDGE_CURVE('',#6267,#6235,#1084,.T.);
#5555=EDGE_CURVE('',#6266,#6236,#1085,.T.);
#5556=EDGE_CURVE('',#6289,#6257,#1086,.T.);
#5557=EDGE_CURVE('',#6288,#6258,#1087,.T.);
#5558=EDGE_CURVE('',#6311,#6279,#1088,.T.);
#5559=EDGE_CURVE('',#6310,#6280,#1089,.T.);
#5560=EDGE_CURVE('',#6333,#6301,#1090,.T.);
#5561=EDGE_CURVE('',#6332,#6302,#1091,.T.);
#5562=EDGE_CURVE('',#6355,#6323,#1092,.T.);
#5563=EDGE_CURVE('',#6354,#6324,#1093,.T.);
#5564=EDGE_CURVE('',#6377,#6345,#1094,.T.);
#5565=EDGE_CURVE('',#6376,#6346,#1095,.T.);
#5566=EDGE_CURVE('',#6392,#6367,#1096,.T.);
#5567=EDGE_CURVE('',#6391,#6368,#1097,.T.);
#5568=EDGE_CURVE('',#5980,#5961,#1098,.T.);
#5569=EDGE_CURVE('',#5756,#5737,#1099,.T.);
#5570=EDGE_CURVE('',#5981,#5960,#1100,.T.);
#5571=EDGE_CURVE('',#6398,#6399,#1101,.T.);
#5572=EDGE_CURVE('',#6398,#6400,#1102,.T.);
#5573=EDGE_CURVE('',#6401,#6400,#1103,.T.);
#5574=EDGE_CURVE('',#6401,#6399,#1104,.T.);
#5575=EDGE_CURVE('',#6402,#6403,#1105,.T.);
#5576=EDGE_CURVE('',#6404,#6402,#1106,.T.);
#5577=EDGE_CURVE('',#6405,#6404,#1107,.T.);
#5578=EDGE_CURVE('',#6403,#6405,#1108,.T.);
#5579=EDGE_CURVE('',#6398,#6403,#1109,.T.);
#5580=EDGE_CURVE('',#6400,#6405,#1110,.T.);
#5581=EDGE_CURVE('',#6402,#6399,#1111,.T.);
#5582=EDGE_CURVE('',#6404,#6401,#1112,.T.);
#5583=EDGE_CURVE('',#6406,#6406,#6652,.T.);
#5584=EDGE_CURVE('',#6407,#6407,#6653,.T.);
#5585=EDGE_CURVE('',#6408,#6408,#6654,.T.);
#5586=EDGE_CURVE('',#6409,#6409,#6655,.T.);
#5587=EDGE_CURVE('',#6410,#6410,#6656,.T.);
#5588=EDGE_CURVE('',#6411,#6411,#6657,.T.);
#5589=EDGE_CURVE('',#6412,#6412,#6658,.T.);
#5590=EDGE_CURVE('',#6413,#6413,#6659,.T.);
#5591=EDGE_CURVE('',#6414,#6414,#6660,.T.);
#5592=EDGE_CURVE('',#6415,#6415,#6661,.T.);
#5593=EDGE_CURVE('',#6416,#6416,#6662,.T.);
#5594=EDGE_CURVE('',#6417,#6417,#6663,.T.);
#5595=EDGE_CURVE('',#6418,#6418,#6664,.T.);
#5596=EDGE_CURVE('',#6419,#6419,#6665,.T.);
#5597=EDGE_CURVE('',#6420,#6420,#6666,.T.);
#5598=EDGE_CURVE('',#6421,#6421,#6667,.T.);
#5599=EDGE_CURVE('',#6422,#6422,#6668,.T.);
#5600=EDGE_CURVE('',#6423,#6423,#6669,.T.);
#5601=EDGE_CURVE('',#6424,#6424,#6670,.T.);
#5602=EDGE_CURVE('',#6425,#6425,#6671,.T.);
#5603=EDGE_CURVE('',#6426,#6426,#6672,.T.);
#5604=EDGE_CURVE('',#6427,#6427,#6673,.T.);
#5605=EDGE_CURVE('',#6428,#6428,#6674,.T.);
#5606=EDGE_CURVE('',#6429,#6429,#6675,.T.);
#5607=EDGE_CURVE('',#6430,#6430,#6676,.T.);
#5608=EDGE_CURVE('',#6431,#6431,#6677,.T.);
#5609=EDGE_CURVE('',#6432,#6432,#6678,.T.);
#5610=EDGE_CURVE('',#6433,#6433,#6679,.T.);
#5611=EDGE_CURVE('',#6434,#6434,#6680,.T.);
#5612=EDGE_CURVE('',#6435,#6435,#6681,.T.);
#5613=EDGE_CURVE('',#6436,#6436,#6682,.T.);
#5614=EDGE_CURVE('',#6437,#6437,#6683,.T.);
#5615=EDGE_CURVE('',#6438,#6438,#6684,.T.);
#5616=EDGE_CURVE('',#6439,#6439,#6685,.T.);
#5617=EDGE_CURVE('',#6440,#6440,#6686,.T.);
#5618=EDGE_CURVE('',#6441,#6441,#6687,.T.);
#5619=EDGE_CURVE('',#6442,#6442,#6688,.T.);
#5620=EDGE_CURVE('',#6443,#6443,#6689,.T.);
#5621=EDGE_CURVE('',#6444,#6444,#6690,.T.);
#5622=EDGE_CURVE('',#6445,#6445,#6691,.T.);
#5623=EDGE_CURVE('',#6446,#6446,#6692,.F.);
#5624=EDGE_CURVE('',#6447,#6447,#6693,.F.);
#5625=EDGE_CURVE('',#6448,#6448,#6694,.F.);
#5626=EDGE_CURVE('',#6449,#6449,#6695,.F.);
#5627=EDGE_CURVE('',#6450,#6450,#6696,.F.);
#5628=EDGE_CURVE('',#6451,#6451,#6697,.F.);
#5629=EDGE_CURVE('',#6452,#6452,#6698,.F.);
#5630=EDGE_CURVE('',#6453,#6453,#6699,.F.);
#5631=EDGE_CURVE('',#6454,#6454,#6700,.F.);
#5632=EDGE_CURVE('',#6455,#6455,#6701,.F.);
#5633=EDGE_CURVE('',#6456,#6456,#6702,.F.);
#5634=EDGE_CURVE('',#6457,#6457,#6703,.F.);
#5635=EDGE_CURVE('',#6458,#6458,#6704,.F.);
#5636=EDGE_CURVE('',#6459,#6459,#6705,.F.);
#5637=EDGE_CURVE('',#6460,#6460,#6706,.F.);
#5638=EDGE_CURVE('',#6461,#6461,#6707,.F.);
#5639=EDGE_CURVE('',#6462,#6462,#6708,.F.);
#5640=EDGE_CURVE('',#6463,#6463,#6709,.F.);
#5641=EDGE_CURVE('',#6464,#6464,#6710,.F.);
#5642=EDGE_CURVE('',#6465,#6465,#6711,.F.);
#5643=EDGE_CURVE('',#6466,#6466,#6712,.F.);
#5644=EDGE_CURVE('',#6467,#6467,#6713,.F.);
#5645=EDGE_CURVE('',#6468,#6468,#6714,.F.);
#5646=EDGE_CURVE('',#6469,#6469,#6715,.F.);
#5647=EDGE_CURVE('',#6470,#6470,#6716,.F.);
#5648=EDGE_CURVE('',#6471,#6471,#6717,.F.);
#5649=EDGE_CURVE('',#6472,#6472,#6718,.F.);
#5650=EDGE_CURVE('',#6473,#6473,#6719,.F.);
#5651=EDGE_CURVE('',#6474,#6474,#6720,.F.);
#5652=EDGE_CURVE('',#6475,#6475,#6721,.F.);
#5653=EDGE_CURVE('',#6476,#6476,#6722,.F.);
#5654=EDGE_CURVE('',#6477,#6477,#6723,.F.);
#5655=EDGE_CURVE('',#6478,#6478,#6724,.F.);
#5656=EDGE_CURVE('',#6479,#6479,#6725,.F.);
#5657=EDGE_CURVE('',#6480,#6480,#6726,.F.);
#5658=EDGE_CURVE('',#6481,#6481,#6727,.F.);
#5659=EDGE_CURVE('',#6482,#6482,#6728,.F.);
#5660=EDGE_CURVE('',#6483,#6483,#6729,.F.);
#5661=EDGE_CURVE('',#6484,#6484,#6730,.F.);
#5662=EDGE_CURVE('',#6485,#6485,#6731,.F.);
#5663=VERTEX_POINT('',#11764);
#5664=VERTEX_POINT('',#11765);
#5665=VERTEX_POINT('',#11767);
#5666=VERTEX_POINT('',#11769);
#5667=VERTEX_POINT('',#11771);
#5668=VERTEX_POINT('',#11775);
#5669=VERTEX_POINT('',#11776);
#5670=VERTEX_POINT('',#11778);
#5671=VERTEX_POINT('',#11780);
#5672=VERTEX_POINT('',#11784);
#5673=VERTEX_POINT('',#11785);
#5674=VERTEX_POINT('',#11787);
#5675=VERTEX_POINT('',#11789);
#5676=VERTEX_POINT('',#11793);
#5677=VERTEX_POINT('',#11794);
#5678=VERTEX_POINT('',#11796);
#5679=VERTEX_POINT('',#11798);
#5680=VERTEX_POINT('',#11802);
#5681=VERTEX_POINT('',#11803);
#5682=VERTEX_POINT('',#11805);
#5683=VERTEX_POINT('',#11807);
#5684=VERTEX_POINT('',#11809);
#5685=VERTEX_POINT('',#11811);
#5686=VERTEX_POINT('',#11813);
#5687=VERTEX_POINT('',#11815);
#5688=VERTEX_POINT('',#11817);
#5689=VERTEX_POINT('',#11819);
#5690=VERTEX_POINT('',#11821);
#5691=VERTEX_POINT('',#11825);
#5692=VERTEX_POINT('',#11826);
#5693=VERTEX_POINT('',#11828);
#5694=VERTEX_POINT('',#11830);
#5695=VERTEX_POINT('',#11832);
#5696=VERTEX_POINT('',#11834);
#5697=VERTEX_POINT('',#11836);
#5698=VERTEX_POINT('',#11838);
#5699=VERTEX_POINT('',#11840);
#5700=VERTEX_POINT('',#11848);
#5701=VERTEX_POINT('',#11852);
#5702=VERTEX_POINT('',#11854);
#5703=VERTEX_POINT('',#11858);
#5704=VERTEX_POINT('',#11860);
#5705=VERTEX_POINT('',#11862);
#5706=VERTEX_POINT('',#11867);
#5707=VERTEX_POINT('',#11871);
#5708=VERTEX_POINT('',#11876);
#5709=VERTEX_POINT('',#11877);
#5710=VERTEX_POINT('',#11882);
#5711=VERTEX_POINT('',#11884);
#5712=VERTEX_POINT('',#11889);
#5713=VERTEX_POINT('',#11893);
#5714=VERTEX_POINT('',#11901);
#5715=VERTEX_POINT('',#11905);
#5716=VERTEX_POINT('',#11907);
#5717=VERTEX_POINT('',#11912);
#5718=VERTEX_POINT('',#11913);
#5719=VERTEX_POINT('',#11915);
#5720=VERTEX_POINT('',#11917);
#5721=VERTEX_POINT('',#11928);
#5722=VERTEX_POINT('',#11934);
#5723=VERTEX_POINT('',#11936);
#5724=VERTEX_POINT('',#11940);
#5725=VERTEX_POINT('',#11942);
#5726=VERTEX_POINT('',#11953);
#5727=VERTEX_POINT('',#11954);
#5728=VERTEX_POINT('',#11959);
#5729=VERTEX_POINT('',#11963);
#5730=VERTEX_POINT('',#11967);
#5731=VERTEX_POINT('',#11971);
#5732=VERTEX_POINT('',#11982);
#5733=VERTEX_POINT('',#11986);
#5734=VERTEX_POINT('',#11991);
#5735=VERTEX_POINT('',#11992);
#5736=VERTEX_POINT('',#11994);
#5737=VERTEX_POINT('',#11996);
#5738=VERTEX_POINT('',#11998);
#5739=VERTEX_POINT('',#12000);
#5740=VERTEX_POINT('',#12002);
#5741=VERTEX_POINT('',#12004);
#5742=VERTEX_POINT('',#12006);
#5743=VERTEX_POINT('',#12008);
#5744=VERTEX_POINT('',#12010);
#5745=VERTEX_POINT('',#12012);
#5746=VERTEX_POINT('',#12016);
#5747=VERTEX_POINT('',#12017);
#5748=VERTEX_POINT('',#12019);
#5749=VERTEX_POINT('',#12021);
#5750=VERTEX_POINT('',#12023);
#5751=VERTEX_POINT('',#12025);
#5752=VERTEX_POINT('',#12027);
#5753=VERTEX_POINT('',#12029);
#5754=VERTEX_POINT('',#12031);
#5755=VERTEX_POINT('',#12033);
#5756=VERTEX_POINT('',#12035);
#5757=VERTEX_POINT('',#12037);
#5758=VERTEX_POINT('',#12047);
#5759=VERTEX_POINT('',#12048);
#5760=VERTEX_POINT('',#12050);
#5761=VERTEX_POINT('',#12052);
#5762=VERTEX_POINT('',#12056);
#5763=VERTEX_POINT('',#12057);
#5764=VERTEX_POINT('',#12059);
#5765=VERTEX_POINT('',#12061);
#5766=VERTEX_POINT('',#12065);
#5767=VERTEX_POINT('',#12066);
#5768=VERTEX_POINT('',#12068);
#5769=VERTEX_POINT('',#12070);
#5770=VERTEX_POINT('',#12074);
#5771=VERTEX_POINT('',#12075);
#5772=VERTEX_POINT('',#12077);
#5773=VERTEX_POINT('',#12079);
#5774=VERTEX_POINT('',#12083);
#5775=VERTEX_POINT('',#12084);
#5776=VERTEX_POINT('',#12086);
#5777=VERTEX_POINT('',#12088);
#5778=VERTEX_POINT('',#12092);
#5779=VERTEX_POINT('',#12093);
#5780=VERTEX_POINT('',#12095);
#5781=VERTEX_POINT('',#12097);
#5782=VERTEX_POINT('',#12101);
#5783=VERTEX_POINT('',#12102);
#5784=VERTEX_POINT('',#12104);
#5785=VERTEX_POINT('',#12106);
#5786=VERTEX_POINT('',#12110);
#5787=VERTEX_POINT('',#12111);
#5788=VERTEX_POINT('',#12113);
#5789=VERTEX_POINT('',#12115);
#5790=VERTEX_POINT('',#12119);
#5791=VERTEX_POINT('',#12120);
#5792=VERTEX_POINT('',#12122);
#5793=VERTEX_POINT('',#12124);
#5794=VERTEX_POINT('',#12128);
#5795=VERTEX_POINT('',#12129);
#5796=VERTEX_POINT('',#12131);
#5797=VERTEX_POINT('',#12133);
#5798=VERTEX_POINT('',#12137);
#5799=VERTEX_POINT('',#12138);
#5800=VERTEX_POINT('',#12140);
#5801=VERTEX_POINT('',#12142);
#5802=VERTEX_POINT('',#12146);
#5803=VERTEX_POINT('',#12147);
#5804=VERTEX_POINT('',#12149);
#5805=VERTEX_POINT('',#12151);
#5806=VERTEX_POINT('',#12155);
#5807=VERTEX_POINT('',#12156);
#5808=VERTEX_POINT('',#12158);
#5809=VERTEX_POINT('',#12160);
#5810=VERTEX_POINT('',#12164);
#5811=VERTEX_POINT('',#12165);
#5812=VERTEX_POINT('',#12167);
#5813=VERTEX_POINT('',#12169);
#5814=VERTEX_POINT('',#12173);
#5815=VERTEX_POINT('',#12174);
#5816=VERTEX_POINT('',#12176);
#5817=VERTEX_POINT('',#12178);
#5818=VERTEX_POINT('',#12182);
#5819=VERTEX_POINT('',#12183);
#5820=VERTEX_POINT('',#12185);
#5821=VERTEX_POINT('',#12187);
#5822=VERTEX_POINT('',#12191);
#5823=VERTEX_POINT('',#12192);
#5824=VERTEX_POINT('',#12194);
#5825=VERTEX_POINT('',#12196);
#5826=VERTEX_POINT('',#12200);
#5827=VERTEX_POINT('',#12201);
#5828=VERTEX_POINT('',#12203);
#5829=VERTEX_POINT('',#12205);
#5830=VERTEX_POINT('',#12209);
#5831=VERTEX_POINT('',#12210);
#5832=VERTEX_POINT('',#12212);
#5833=VERTEX_POINT('',#12214);
#5834=VERTEX_POINT('',#12218);
#5835=VERTEX_POINT('',#12219);
#5836=VERTEX_POINT('',#12221);
#5837=VERTEX_POINT('',#12223);
#5838=VERTEX_POINT('',#12227);
#5839=VERTEX_POINT('',#12228);
#5840=VERTEX_POINT('',#12230);
#5841=VERTEX_POINT('',#12232);
#5842=VERTEX_POINT('',#12236);
#5843=VERTEX_POINT('',#12237);
#5844=VERTEX_POINT('',#12239);
#5845=VERTEX_POINT('',#12241);
#5846=VERTEX_POINT('',#12245);
#5847=VERTEX_POINT('',#12246);
#5848=VERTEX_POINT('',#12248);
#5849=VERTEX_POINT('',#12250);
#5850=VERTEX_POINT('',#12254);
#5851=VERTEX_POINT('',#12255);
#5852=VERTEX_POINT('',#12257);
#5853=VERTEX_POINT('',#12259);
#5854=VERTEX_POINT('',#12263);
#5855=VERTEX_POINT('',#12264);
#5856=VERTEX_POINT('',#12266);
#5857=VERTEX_POINT('',#12268);
#5858=VERTEX_POINT('',#12272);
#5859=VERTEX_POINT('',#12273);
#5860=VERTEX_POINT('',#12275);
#5861=VERTEX_POINT('',#12277);
#5862=VERTEX_POINT('',#12281);
#5863=VERTEX_POINT('',#12282);
#5864=VERTEX_POINT('',#12284);
#5865=VERTEX_POINT('',#12286);
#5866=VERTEX_POINT('',#12290);
#5867=VERTEX_POINT('',#12291);
#5868=VERTEX_POINT('',#12293);
#5869=VERTEX_POINT('',#12295);
#5870=VERTEX_POINT('',#12299);
#5871=VERTEX_POINT('',#12300);
#5872=VERTEX_POINT('',#12302);
#5873=VERTEX_POINT('',#12304);
#5874=VERTEX_POINT('',#12308);
#5875=VERTEX_POINT('',#12309);
#5876=VERTEX_POINT('',#12311);
#5877=VERTEX_POINT('',#12313);
#5878=VERTEX_POINT('',#12317);
#5879=VERTEX_POINT('',#12318);
#5880=VERTEX_POINT('',#12320);
#5881=VERTEX_POINT('',#12322);
#5882=VERTEX_POINT('',#12326);
#5883=VERTEX_POINT('',#12327);
#5884=VERTEX_POINT('',#12329);
#5885=VERTEX_POINT('',#12331);
#5886=VERTEX_POINT('',#12335);
#5887=VERTEX_POINT('',#12336);
#5888=VERTEX_POINT('',#12338);
#5889=VERTEX_POINT('',#12340);
#5890=VERTEX_POINT('',#12344);
#5891=VERTEX_POINT('',#12345);
#5892=VERTEX_POINT('',#12347);
#5893=VERTEX_POINT('',#12349);
#5894=VERTEX_POINT('',#12353);
#5895=VERTEX_POINT('',#12354);
#5896=VERTEX_POINT('',#12356);
#5897=VERTEX_POINT('',#12358);
#5898=VERTEX_POINT('',#12362);
#5899=VERTEX_POINT('',#12363);
#5900=VERTEX_POINT('',#12365);
#5901=VERTEX_POINT('',#12367);
#5902=VERTEX_POINT('',#12371);
#5903=VERTEX_POINT('',#12372);
#5904=VERTEX_POINT('',#12374);
#5905=VERTEX_POINT('',#12376);
#5906=VERTEX_POINT('',#12380);
#5907=VERTEX_POINT('',#12381);
#5908=VERTEX_POINT('',#12383);
#5909=VERTEX_POINT('',#12385);
#5910=VERTEX_POINT('',#12389);
#5911=VERTEX_POINT('',#12390);
#5912=VERTEX_POINT('',#12392);
#5913=VERTEX_POINT('',#12394);
#5914=VERTEX_POINT('',#12398);
#5915=VERTEX_POINT('',#12399);
#5916=VERTEX_POINT('',#12401);
#5917=VERTEX_POINT('',#12403);
#5918=VERTEX_POINT('',#12407);
#5919=VERTEX_POINT('',#12408);
#5920=VERTEX_POINT('',#12413);
#5921=VERTEX_POINT('',#12414);
#5922=VERTEX_POINT('',#12419);
#5923=VERTEX_POINT('',#12420);
#5924=VERTEX_POINT('',#12425);
#5925=VERTEX_POINT('',#12426);
#5926=VERTEX_POINT('',#12431);
#5927=VERTEX_POINT('',#12432);
#5928=VERTEX_POINT('',#12437);
#5929=VERTEX_POINT('',#12438);
#5930=VERTEX_POINT('',#12443);
#5931=VERTEX_POINT('',#12444);
#5932=VERTEX_POINT('',#12449);
#5933=VERTEX_POINT('',#12450);
#5934=VERTEX_POINT('',#12455);
#5935=VERTEX_POINT('',#12456);
#5936=VERTEX_POINT('',#12461);
#5937=VERTEX_POINT('',#12462);
#5938=VERTEX_POINT('',#12467);
#5939=VERTEX_POINT('',#12468);
#5940=VERTEX_POINT('',#12473);
#5941=VERTEX_POINT('',#12474);
#5942=VERTEX_POINT('',#12479);
#5943=VERTEX_POINT('',#12480);
#5944=VERTEX_POINT('',#12485);
#5945=VERTEX_POINT('',#12486);
#5946=VERTEX_POINT('',#12491);
#5947=VERTEX_POINT('',#12492);
#5948=VERTEX_POINT('',#12497);
#5949=VERTEX_POINT('',#12498);
#5950=VERTEX_POINT('',#12503);
#5951=VERTEX_POINT('',#12504);
#5952=VERTEX_POINT('',#12509);
#5953=VERTEX_POINT('',#12510);
#5954=VERTEX_POINT('',#12515);
#5955=VERTEX_POINT('',#12516);
#5956=VERTEX_POINT('',#12521);
#5957=VERTEX_POINT('',#12522);
#5958=VERTEX_POINT('',#12527);
#5959=VERTEX_POINT('',#12528);
#5960=VERTEX_POINT('',#12530);
#5961=VERTEX_POINT('',#12532);
#5962=VERTEX_POINT('',#12535);
#5963=VERTEX_POINT('',#12539);
#5964=VERTEX_POINT('',#12540);
#5965=VERTEX_POINT('',#12542);
#5966=VERTEX_POINT('',#12544);
#5967=VERTEX_POINT('',#12547);
#5968=VERTEX_POINT('',#12549);
#5969=VERTEX_POINT('',#12559);
#5970=VERTEX_POINT('',#12560);
#5971=VERTEX_POINT('',#12562);
#5972=VERTEX_POINT('',#12564);
#5973=VERTEX_POINT('',#12567);
#5974=VERTEX_POINT('',#12571);
#5975=VERTEX_POINT('',#12572);
#5976=VERTEX_POINT('',#12574);
#5977=VERTEX_POINT('',#12576);
#5978=VERTEX_POINT('',#12579);
#5979=VERTEX_POINT('',#12581);
#5980=VERTEX_POINT('',#12585);
#5981=VERTEX_POINT('',#12586);
#5982=VERTEX_POINT('',#12588);
#5983=VERTEX_POINT('',#12590);
#5984=VERTEX_POINT('',#12592);
#5985=VERTEX_POINT('',#12597);
#5986=VERTEX_POINT('',#12598);
#5987=VERTEX_POINT('',#12600);
#5988=VERTEX_POINT('',#12602);
#5989=VERTEX_POINT('',#12604);
#5990=VERTEX_POINT('',#12606);
#5991=VERTEX_POINT('',#12617);
#5992=VERTEX_POINT('',#12618);
#5993=VERTEX_POINT('',#12620);
#5994=VERTEX_POINT('',#12622);
#5995=VERTEX_POINT('',#12625);
#5996=VERTEX_POINT('',#12629);
#5997=VERTEX_POINT('',#12630);
#5998=VERTEX_POINT('',#12632);
#5999=VERTEX_POINT('',#12634);
#6000=VERTEX_POINT('',#12637);
#6001=VERTEX_POINT('',#12639);
#6002=VERTEX_POINT('',#12643);
#6003=VERTEX_POINT('',#12644);
#6004=VERTEX_POINT('',#12646);
#6005=VERTEX_POINT('',#12648);
#6006=VERTEX_POINT('',#12650);
#6007=VERTEX_POINT('',#12655);
#6008=VERTEX_POINT('',#12656);
#6009=VERTEX_POINT('',#12658);
#6010=VERTEX_POINT('',#12660);
#6011=VERTEX_POINT('',#12662);
#6012=VERTEX_POINT('',#12664);
#6013=VERTEX_POINT('',#12675);
#6014=VERTEX_POINT('',#12676);
#6015=VERTEX_POINT('',#12678);
#6016=VERTEX_POINT('',#12680);
#6017=VERTEX_POINT('',#12683);
#6018=VERTEX_POINT('',#12687);
#6019=VERTEX_POINT('',#12688);
#6020=VERTEX_POINT('',#12690);
#6021=VERTEX_POINT('',#12692);
#6022=VERTEX_POINT('',#12695);
#6023=VERTEX_POINT('',#12697);
#6024=VERTEX_POINT('',#12701);
#6025=VERTEX_POINT('',#12702);
#6026=VERTEX_POINT('',#12704);
#6027=VERTEX_POINT('',#12706);
#6028=VERTEX_POINT('',#12708);
#6029=VERTEX_POINT('',#12713);
#6030=VERTEX_POINT('',#12714);
#6031=VERTEX_POINT('',#12716);
#6032=VERTEX_POINT('',#12718);
#6033=VERTEX_POINT('',#12720);
#6034=VERTEX_POINT('',#12722);
#6035=VERTEX_POINT('',#12733);
#6036=VERTEX_POINT('',#12734);
#6037=VERTEX_POINT('',#12736);
#6038=VERTEX_POINT('',#12738);
#6039=VERTEX_POINT('',#12741);
#6040=VERTEX_POINT('',#12745);
#6041=VERTEX_POINT('',#12746);
#6042=VERTEX_POINT('',#12748);
#6043=VERTEX_POINT('',#12750);
#6044=VERTEX_POINT('',#12753);
#6045=VERTEX_POINT('',#12755);
#6046=VERTEX_POINT('',#12759);
#6047=VERTEX_POINT('',#12760);
#6048=VERTEX_POINT('',#12762);
#6049=VERTEX_POINT('',#12764);
#6050=VERTEX_POINT('',#12766);
#6051=VERTEX_POINT('',#12771);
#6052=VERTEX_POINT('',#12772);
#6053=VERTEX_POINT('',#12774);
#6054=VERTEX_POINT('',#12776);
#6055=VERTEX_POINT('',#12778);
#6056=VERTEX_POINT('',#12780);
#6057=VERTEX_POINT('',#12791);
#6058=VERTEX_POINT('',#12792);
#6059=VERTEX_POINT('',#12794);
#6060=VERTEX_POINT('',#12796);
#6061=VERTEX_POINT('',#12799);
#6062=VERTEX_POINT('',#12803);
#6063=VERTEX_POINT('',#12804);
#6064=VERTEX_POINT('',#12806);
#6065=VERTEX_POINT('',#12808);
#6066=VERTEX_POINT('',#12811);
#6067=VERTEX_POINT('',#12813);
#6068=VERTEX_POINT('',#12817);
#6069=VERTEX_POINT('',#12818);
#6070=VERTEX_POINT('',#12820);
#6071=VERTEX_POINT('',#12822);
#6072=VERTEX_POINT('',#12824);
#6073=VERTEX_POINT('',#12829);
#6074=VERTEX_POINT('',#12830);
#6075=VERTEX_POINT('',#12832);
#6076=VERTEX_POINT('',#12834);
#6077=VERTEX_POINT('',#12836);
#6078=VERTEX_POINT('',#12838);
#6079=VERTEX_POINT('',#12849);
#6080=VERTEX_POINT('',#12850);
#6081=VERTEX_POINT('',#12852);
#6082=VERTEX_POINT('',#12854);
#6083=VERTEX_POINT('',#12857);
#6084=VERTEX_POINT('',#12861);
#6085=VERTEX_POINT('',#12862);
#6086=VERTEX_POINT('',#12864);
#6087=VERTEX_POINT('',#12866);
#6088=VERTEX_POINT('',#12869);
#6089=VERTEX_POINT('',#12871);
#6090=VERTEX_POINT('',#12875);
#6091=VERTEX_POINT('',#12876);
#6092=VERTEX_POINT('',#12878);
#6093=VERTEX_POINT('',#12880);
#6094=VERTEX_POINT('',#12882);
#6095=VERTEX_POINT('',#12887);
#6096=VERTEX_POINT('',#12888);
#6097=VERTEX_POINT('',#12890);
#6098=VERTEX_POINT('',#12892);
#6099=VERTEX_POINT('',#12894);
#6100=VERTEX_POINT('',#12896);
#6101=VERTEX_POINT('',#12907);
#6102=VERTEX_POINT('',#12908);
#6103=VERTEX_POINT('',#12910);
#6104=VERTEX_POINT('',#12912);
#6105=VERTEX_POINT('',#12915);
#6106=VERTEX_POINT('',#12919);
#6107=VERTEX_POINT('',#12920);
#6108=VERTEX_POINT('',#12922);
#6109=VERTEX_POINT('',#12924);
#6110=VERTEX_POINT('',#12927);
#6111=VERTEX_POINT('',#12929);
#6112=VERTEX_POINT('',#12933);
#6113=VERTEX_POINT('',#12934);
#6114=VERTEX_POINT('',#12936);
#6115=VERTEX_POINT('',#12938);
#6116=VERTEX_POINT('',#12940);
#6117=VERTEX_POINT('',#12945);
#6118=VERTEX_POINT('',#12946);
#6119=VERTEX_POINT('',#12948);
#6120=VERTEX_POINT('',#12950);
#6121=VERTEX_POINT('',#12952);
#6122=VERTEX_POINT('',#12954);
#6123=VERTEX_POINT('',#12965);
#6124=VERTEX_POINT('',#12966);
#6125=VERTEX_POINT('',#12968);
#6126=VERTEX_POINT('',#12970);
#6127=VERTEX_POINT('',#12973);
#6128=VERTEX_POINT('',#12977);
#6129=VERTEX_POINT('',#12978);
#6130=VERTEX_POINT('',#12980);
#6131=VERTEX_POINT('',#12982);
#6132=VERTEX_POINT('',#12985);
#6133=VERTEX_POINT('',#12987);
#6134=VERTEX_POINT('',#12991);
#6135=VERTEX_POINT('',#12992);
#6136=VERTEX_POINT('',#12994);
#6137=VERTEX_POINT('',#12996);
#6138=VERTEX_POINT('',#12998);
#6139=VERTEX_POINT('',#13003);
#6140=VERTEX_POINT('',#13004);
#6141=VERTEX_POINT('',#13006);
#6142=VERTEX_POINT('',#13008);
#6143=VERTEX_POINT('',#13010);
#6144=VERTEX_POINT('',#13012);
#6145=VERTEX_POINT('',#13023);
#6146=VERTEX_POINT('',#13024);
#6147=VERTEX_POINT('',#13026);
#6148=VERTEX_POINT('',#13028);
#6149=VERTEX_POINT('',#13031);
#6150=VERTEX_POINT('',#13035);
#6151=VERTEX_POINT('',#13036);
#6152=VERTEX_POINT('',#13038);
#6153=VERTEX_POINT('',#13040);
#6154=VERTEX_POINT('',#13043);
#6155=VERTEX_POINT('',#13045);
#6156=VERTEX_POINT('',#13049);
#6157=VERTEX_POINT('',#13050);
#6158=VERTEX_POINT('',#13052);
#6159=VERTEX_POINT('',#13054);
#6160=VERTEX_POINT('',#13056);
#6161=VERTEX_POINT('',#13061);
#6162=VERTEX_POINT('',#13062);
#6163=VERTEX_POINT('',#13064);
#6164=VERTEX_POINT('',#13066);
#6165=VERTEX_POINT('',#13068);
#6166=VERTEX_POINT('',#13070);
#6167=VERTEX_POINT('',#13081);
#6168=VERTEX_POINT('',#13082);
#6169=VERTEX_POINT('',#13084);
#6170=VERTEX_POINT('',#13086);
#6171=VERTEX_POINT('',#13089);
#6172=VERTEX_POINT('',#13093);
#6173=VERTEX_POINT('',#13094);
#6174=VERTEX_POINT('',#13096);
#6175=VERTEX_POINT('',#13098);
#6176=VERTEX_POINT('',#13101);
#6177=VERTEX_POINT('',#13103);
#6178=VERTEX_POINT('',#13107);
#6179=VERTEX_POINT('',#13108);
#6180=VERTEX_POINT('',#13110);
#6181=VERTEX_POINT('',#13112);
#6182=VERTEX_POINT('',#13114);
#6183=VERTEX_POINT('',#13119);
#6184=VERTEX_POINT('',#13120);
#6185=VERTEX_POINT('',#13122);
#6186=VERTEX_POINT('',#13124);
#6187=VERTEX_POINT('',#13126);
#6188=VERTEX_POINT('',#13128);
#6189=VERTEX_POINT('',#13139);
#6190=VERTEX_POINT('',#13140);
#6191=VERTEX_POINT('',#13142);
#6192=VERTEX_POINT('',#13144);
#6193=VERTEX_POINT('',#13147);
#6194=VERTEX_POINT('',#13151);
#6195=VERTEX_POINT('',#13152);
#6196=VERTEX_POINT('',#13154);
#6197=VERTEX_POINT('',#13156);
#6198=VERTEX_POINT('',#13159);
#6199=VERTEX_POINT('',#13161);
#6200=VERTEX_POINT('',#13165);
#6201=VERTEX_POINT('',#13166);
#6202=VERTEX_POINT('',#13168);
#6203=VERTEX_POINT('',#13170);
#6204=VERTEX_POINT('',#13172);
#6205=VERTEX_POINT('',#13177);
#6206=VERTEX_POINT('',#13178);
#6207=VERTEX_POINT('',#13180);
#6208=VERTEX_POINT('',#13182);
#6209=VERTEX_POINT('',#13184);
#6210=VERTEX_POINT('',#13186);
#6211=VERTEX_POINT('',#13197);
#6212=VERTEX_POINT('',#13198);
#6213=VERTEX_POINT('',#13200);
#6214=VERTEX_POINT('',#13202);
#6215=VERTEX_POINT('',#13205);
#6216=VERTEX_POINT('',#13209);
#6217=VERTEX_POINT('',#13210);
#6218=VERTEX_POINT('',#13212);
#6219=VERTEX_POINT('',#13214);
#6220=VERTEX_POINT('',#13217);
#6221=VERTEX_POINT('',#13219);
#6222=VERTEX_POINT('',#13223);
#6223=VERTEX_POINT('',#13224);
#6224=VERTEX_POINT('',#13226);
#6225=VERTEX_POINT('',#13228);
#6226=VERTEX_POINT('',#13230);
#6227=VERTEX_POINT('',#13235);
#6228=VERTEX_POINT('',#13236);
#6229=VERTEX_POINT('',#13238);
#6230=VERTEX_POINT('',#13240);
#6231=VERTEX_POINT('',#13242);
#6232=VERTEX_POINT('',#13244);
#6233=VERTEX_POINT('',#13255);
#6234=VERTEX_POINT('',#13256);
#6235=VERTEX_POINT('',#13258);
#6236=VERTEX_POINT('',#13260);
#6237=VERTEX_POINT('',#13263);
#6238=VERTEX_POINT('',#13267);
#6239=VERTEX_POINT('',#13268);
#6240=VERTEX_POINT('',#13270);
#6241=VERTEX_POINT('',#13272);
#6242=VERTEX_POINT('',#13275);
#6243=VERTEX_POINT('',#13277);
#6244=VERTEX_POINT('',#13281);
#6245=VERTEX_POINT('',#13282);
#6246=VERTEX_POINT('',#13284);
#6247=VERTEX_POINT('',#13286);
#6248=VERTEX_POINT('',#13288);
#6249=VERTEX_POINT('',#13293);
#6250=VERTEX_POINT('',#13294);
#6251=VERTEX_POINT('',#13296);
#6252=VERTEX_POINT('',#13298);
#6253=VERTEX_POINT('',#13300);
#6254=VERTEX_POINT('',#13302);
#6255=VERTEX_POINT('',#13313);
#6256=VERTEX_POINT('',#13314);
#6257=VERTEX_POINT('',#13316);
#6258=VERTEX_POINT('',#13318);
#6259=VERTEX_POINT('',#13321);
#6260=VERTEX_POINT('',#13325);
#6261=VERTEX_POINT('',#13326);
#6262=VERTEX_POINT('',#13328);
#6263=VERTEX_POINT('',#13330);
#6264=VERTEX_POINT('',#13333);
#6265=VERTEX_POINT('',#13335);
#6266=VERTEX_POINT('',#13339);
#6267=VERTEX_POINT('',#13340);
#6268=VERTEX_POINT('',#13342);
#6269=VERTEX_POINT('',#13344);
#6270=VERTEX_POINT('',#13346);
#6271=VERTEX_POINT('',#13351);
#6272=VERTEX_POINT('',#13352);
#6273=VERTEX_POINT('',#13354);
#6274=VERTEX_POINT('',#13356);
#6275=VERTEX_POINT('',#13358);
#6276=VERTEX_POINT('',#13360);
#6277=VERTEX_POINT('',#13371);
#6278=VERTEX_POINT('',#13372);
#6279=VERTEX_POINT('',#13374);
#6280=VERTEX_POINT('',#13376);
#6281=VERTEX_POINT('',#13379);
#6282=VERTEX_POINT('',#13383);
#6283=VERTEX_POINT('',#13384);
#6284=VERTEX_POINT('',#13386);
#6285=VERTEX_POINT('',#13388);
#6286=VERTEX_POINT('',#13391);
#6287=VERTEX_POINT('',#13393);
#6288=VERTEX_POINT('',#13397);
#6289=VERTEX_POINT('',#13398);
#6290=VERTEX_POINT('',#13400);
#6291=VERTEX_POINT('',#13402);
#6292=VERTEX_POINT('',#13404);
#6293=VERTEX_POINT('',#13409);
#6294=VERTEX_POINT('',#13410);
#6295=VERTEX_POINT('',#13412);
#6296=VERTEX_POINT('',#13414);
#6297=VERTEX_POINT('',#13416);
#6298=VERTEX_POINT('',#13418);
#6299=VERTEX_POINT('',#13429);
#6300=VERTEX_POINT('',#13430);
#6301=VERTEX_POINT('',#13432);
#6302=VERTEX_POINT('',#13434);
#6303=VERTEX_POINT('',#13437);
#6304=VERTEX_POINT('',#13441);
#6305=VERTEX_POINT('',#13442);
#6306=VERTEX_POINT('',#13444);
#6307=VERTEX_POINT('',#13446);
#6308=VERTEX_POINT('',#13449);
#6309=VERTEX_POINT('',#13451);
#6310=VERTEX_POINT('',#13455);
#6311=VERTEX_POINT('',#13456);
#6312=VERTEX_POINT('',#13458);
#6313=VERTEX_POINT('',#13460);
#6314=VERTEX_POINT('',#13462);
#6315=VERTEX_POINT('',#13467);
#6316=VERTEX_POINT('',#13468);
#6317=VERTEX_POINT('',#13470);
#6318=VERTEX_POINT('',#13472);
#6319=VERTEX_POINT('',#13474);
#6320=VERTEX_POINT('',#13476);
#6321=VERTEX_POINT('',#13487);
#6322=VERTEX_POINT('',#13488);
#6323=VERTEX_POINT('',#13490);
#6324=VERTEX_POINT('',#13492);
#6325=VERTEX_POINT('',#13495);
#6326=VERTEX_POINT('',#13499);
#6327=VERTEX_POINT('',#13500);
#6328=VERTEX_POINT('',#13502);
#6329=VERTEX_POINT('',#13504);
#6330=VERTEX_POINT('',#13507);
#6331=VERTEX_POINT('',#13509);
#6332=VERTEX_POINT('',#13513);
#6333=VERTEX_POINT('',#13514);
#6334=VERTEX_POINT('',#13516);
#6335=VERTEX_POINT('',#13518);
#6336=VERTEX_POINT('',#13520);
#6337=VERTEX_POINT('',#13525);
#6338=VERTEX_POINT('',#13526);
#6339=VERTEX_POINT('',#13528);
#6340=VERTEX_POINT('',#13530);
#6341=VERTEX_POINT('',#13532);
#6342=VERTEX_POINT('',#13534);
#6343=VERTEX_POINT('',#13545);
#6344=VERTEX_POINT('',#13546);
#6345=VERTEX_POINT('',#13548);
#6346=VERTEX_POINT('',#13550);
#6347=VERTEX_POINT('',#13553);
#6348=VERTEX_POINT('',#13557);
#6349=VERTEX_POINT('',#13558);
#6350=VERTEX_POINT('',#13560);
#6351=VERTEX_POINT('',#13562);
#6352=VERTEX_POINT('',#13565);
#6353=VERTEX_POINT('',#13567);
#6354=VERTEX_POINT('',#13571);
#6355=VERTEX_POINT('',#13572);
#6356=VERTEX_POINT('',#13574);
#6357=VERTEX_POINT('',#13576);
#6358=VERTEX_POINT('',#13578);
#6359=VERTEX_POINT('',#13583);
#6360=VERTEX_POINT('',#13584);
#6361=VERTEX_POINT('',#13586);
#6362=VERTEX_POINT('',#13588);
#6363=VERTEX_POINT('',#13590);
#6364=VERTEX_POINT('',#13592);
#6365=VERTEX_POINT('',#13603);
#6366=VERTEX_POINT('',#13604);
#6367=VERTEX_POINT('',#13606);
#6368=VERTEX_POINT('',#13608);
#6369=VERTEX_POINT('',#13611);
#6370=VERTEX_POINT('',#13615);
#6371=VERTEX_POINT('',#13616);
#6372=VERTEX_POINT('',#13618);
#6373=VERTEX_POINT('',#13620);
#6374=VERTEX_POINT('',#13623);
#6375=VERTEX_POINT('',#13625);
#6376=VERTEX_POINT('',#13629);
#6377=VERTEX_POINT('',#13630);
#6378=VERTEX_POINT('',#13632);
#6379=VERTEX_POINT('',#13634);
#6380=VERTEX_POINT('',#13636);
#6381=VERTEX_POINT('',#13641);
#6382=VERTEX_POINT('',#13642);
#6383=VERTEX_POINT('',#13644);
#6384=VERTEX_POINT('',#13646);
#6385=VERTEX_POINT('',#13648);
#6386=VERTEX_POINT('',#13650);
#6387=VERTEX_POINT('',#13661);
#6388=VERTEX_POINT('',#13662);
#6389=VERTEX_POINT('',#13667);
#6390=VERTEX_POINT('',#13668);
#6391=VERTEX_POINT('',#13673);
#6392=VERTEX_POINT('',#13674);
#6393=VERTEX_POINT('',#13677);
#6394=VERTEX_POINT('',#13682);
#6395=VERTEX_POINT('',#13683);
#6396=VERTEX_POINT('',#13686);
#6397=VERTEX_POINT('',#13688);
#6398=VERTEX_POINT('',#13986);
#6399=VERTEX_POINT('',#13987);
#6400=VERTEX_POINT('',#13989);
#6401=VERTEX_POINT('',#13991);
#6402=VERTEX_POINT('',#13995);
#6403=VERTEX_POINT('',#13996);
#6404=VERTEX_POINT('',#13998);
#6405=VERTEX_POINT('',#14000);
#6406=VERTEX_POINT('',#14010);
#6407=VERTEX_POINT('',#14012);
#6408=VERTEX_POINT('',#14014);
#6409=VERTEX_POINT('',#14016);
#6410=VERTEX_POINT('',#14018);
#6411=VERTEX_POINT('',#14020);
#6412=VERTEX_POINT('',#14022);
#6413=VERTEX_POINT('',#14024);
#6414=VERTEX_POINT('',#14026);
#6415=VERTEX_POINT('',#14028);
#6416=VERTEX_POINT('',#14030);
#6417=VERTEX_POINT('',#14032);
#6418=VERTEX_POINT('',#14034);
#6419=VERTEX_POINT('',#14036);
#6420=VERTEX_POINT('',#14038);
#6421=VERTEX_POINT('',#14040);
#6422=VERTEX_POINT('',#14042);
#6423=VERTEX_POINT('',#14044);
#6424=VERTEX_POINT('',#14046);
#6425=VERTEX_POINT('',#14048);
#6426=VERTEX_POINT('',#14050);
#6427=VERTEX_POINT('',#14052);
#6428=VERTEX_POINT('',#14054);
#6429=VERTEX_POINT('',#14056);
#6430=VERTEX_POINT('',#14058);
#6431=VERTEX_POINT('',#14060);
#6432=VERTEX_POINT('',#14062);
#6433=VERTEX_POINT('',#14064);
#6434=VERTEX_POINT('',#14066);
#6435=VERTEX_POINT('',#14068);
#6436=VERTEX_POINT('',#14070);
#6437=VERTEX_POINT('',#14072);
#6438=VERTEX_POINT('',#14074);
#6439=VERTEX_POINT('',#14076);
#6440=VERTEX_POINT('',#14078);
#6441=VERTEX_POINT('',#14080);
#6442=VERTEX_POINT('',#14082);
#6443=VERTEX_POINT('',#14084);
#6444=VERTEX_POINT('',#14086);
#6445=VERTEX_POINT('',#14088);
#6446=VERTEX_POINT('',#14091);
#6447=VERTEX_POINT('',#14094);
#6448=VERTEX_POINT('',#14097);
#6449=VERTEX_POINT('',#14100);
#6450=VERTEX_POINT('',#14103);
#6451=VERTEX_POINT('',#14106);
#6452=VERTEX_POINT('',#14109);
#6453=VERTEX_POINT('',#14112);
#6454=VERTEX_POINT('',#14115);
#6455=VERTEX_POINT('',#14118);
#6456=VERTEX_POINT('',#14121);
#6457=VERTEX_POINT('',#14124);
#6458=VERTEX_POINT('',#14127);
#6459=VERTEX_POINT('',#14130);
#6460=VERTEX_POINT('',#14133);
#6461=VERTEX_POINT('',#14136);
#6462=VERTEX_POINT('',#14139);
#6463=VERTEX_POINT('',#14142);
#6464=VERTEX_POINT('',#14145);
#6465=VERTEX_POINT('',#14148);
#6466=VERTEX_POINT('',#14151);
#6467=VERTEX_POINT('',#14154);
#6468=VERTEX_POINT('',#14157);
#6469=VERTEX_POINT('',#14160);
#6470=VERTEX_POINT('',#14163);
#6471=VERTEX_POINT('',#14166);
#6472=VERTEX_POINT('',#14169);
#6473=VERTEX_POINT('',#14172);
#6474=VERTEX_POINT('',#14175);
#6475=VERTEX_POINT('',#14178);
#6476=VERTEX_POINT('',#14181);
#6477=VERTEX_POINT('',#14184);
#6478=VERTEX_POINT('',#14187);
#6479=VERTEX_POINT('',#14190);
#6480=VERTEX_POINT('',#14193);
#6481=VERTEX_POINT('',#14196);
#6482=VERTEX_POINT('',#14199);
#6483=VERTEX_POINT('',#14202);
#6484=VERTEX_POINT('',#14205);
#6485=VERTEX_POINT('',#14208);
#6486=CIRCLE('',#8668,0.025);
#6487=CIRCLE('',#8670,0.0250000000000001);
#6488=CIRCLE('',#8685,0.0250000000000001);
#6489=CIRCLE('',#8691,0.025);
#6490=CIRCLE('',#8712,0.0250000000000001);
#6491=CIRCLE('',#8715,0.025);
#6492=CIRCLE('',#8783,0.00500000000000001);
#6493=CIRCLE('',#8784,0.01);
#6494=CIRCLE('',#8786,0.01);
#6495=CIRCLE('',#8787,0.005);
#6496=CIRCLE('',#8791,0.00500000000000001);
#6497=CIRCLE('',#8792,0.01);
#6498=CIRCLE('',#8794,0.01);
#6499=CIRCLE('',#8795,0.005);
#6500=CIRCLE('',#8797,0.00500000000000001);
#6501=CIRCLE('',#8798,0.01);
#6502=CIRCLE('',#8800,0.01);
#6503=CIRCLE('',#8801,0.005);
#6504=CIRCLE('',#8805,0.00500000000000001);
#6505=CIRCLE('',#8806,0.01);
#6506=CIRCLE('',#8808,0.01);
#6507=CIRCLE('',#8809,0.005);
#6508=CIRCLE('',#8811,0.00500000000000001);
#6509=CIRCLE('',#8812,0.01);
#6510=CIRCLE('',#8814,0.01);
#6511=CIRCLE('',#8815,0.005);
#6512=CIRCLE('',#8819,0.00500000000000001);
#6513=CIRCLE('',#8820,0.01);
#6514=CIRCLE('',#8822,0.01);
#6515=CIRCLE('',#8823,0.005);
#6516=CIRCLE('',#8825,0.00500000000000001);
#6517=CIRCLE('',#8826,0.01);
#6518=CIRCLE('',#8828,0.01);
#6519=CIRCLE('',#8829,0.005);
#6520=CIRCLE('',#8833,0.00500000000000001);
#6521=CIRCLE('',#8834,0.01);
#6522=CIRCLE('',#8836,0.01);
#6523=CIRCLE('',#8837,0.005);
#6524=CIRCLE('',#8839,0.00500000000000001);
#6525=CIRCLE('',#8840,0.01);
#6526=CIRCLE('',#8842,0.01);
#6527=CIRCLE('',#8843,0.005);
#6528=CIRCLE('',#8847,0.00500000000000001);
#6529=CIRCLE('',#8848,0.01);
#6530=CIRCLE('',#8850,0.01);
#6531=CIRCLE('',#8851,0.005);
#6532=CIRCLE('',#8853,0.00500000000000001);
#6533=CIRCLE('',#8854,0.01);
#6534=CIRCLE('',#8856,0.01);
#6535=CIRCLE('',#8857,0.005);
#6536=CIRCLE('',#8861,0.00500000000000001);
#6537=CIRCLE('',#8862,0.01);
#6538=CIRCLE('',#8864,0.01);
#6539=CIRCLE('',#8865,0.005);
#6540=CIRCLE('',#8867,0.00500000000000001);
#6541=CIRCLE('',#8868,0.01);
#6542=CIRCLE('',#8870,0.01);
#6543=CIRCLE('',#8871,0.005);
#6544=CIRCLE('',#8875,0.00500000000000001);
#6545=CIRCLE('',#8876,0.01);
#6546=CIRCLE('',#8878,0.01);
#6547=CIRCLE('',#8879,0.005);
#6548=CIRCLE('',#8881,0.00500000000000001);
#6549=CIRCLE('',#8882,0.01);
#6550=CIRCLE('',#8884,0.01);
#6551=CIRCLE('',#8885,0.005);
#6552=CIRCLE('',#8889,0.00500000000000001);
#6553=CIRCLE('',#8890,0.01);
#6554=CIRCLE('',#8892,0.01);
#6555=CIRCLE('',#8893,0.005);
#6556=CIRCLE('',#8895,0.00500000000000001);
#6557=CIRCLE('',#8896,0.01);
#6558=CIRCLE('',#8898,0.01);
#6559=CIRCLE('',#8899,0.005);
#6560=CIRCLE('',#8903,0.00500000000000001);
#6561=CIRCLE('',#8904,0.01);
#6562=CIRCLE('',#8906,0.01);
#6563=CIRCLE('',#8907,0.005);
#6564=CIRCLE('',#8909,0.00500000000000001);
#6565=CIRCLE('',#8910,0.01);
#6566=CIRCLE('',#8912,0.01);
#6567=CIRCLE('',#8913,0.005);
#6568=CIRCLE('',#8917,0.00500000000000001);
#6569=CIRCLE('',#8918,0.01);
#6570=CIRCLE('',#8920,0.01);
#6571=CIRCLE('',#8921,0.005);
#6572=CIRCLE('',#8923,0.00500000000000001);
#6573=CIRCLE('',#8924,0.01);
#6574=CIRCLE('',#8926,0.01);
#6575=CIRCLE('',#8927,0.005);
#6576=CIRCLE('',#8931,0.00500000000000001);
#6577=CIRCLE('',#8932,0.01);
#6578=CIRCLE('',#8934,0.01);
#6579=CIRCLE('',#8935,0.005);
#6580=CIRCLE('',#8937,0.00500000000000001);
#6581=CIRCLE('',#8938,0.01);
#6582=CIRCLE('',#8940,0.01);
#6583=CIRCLE('',#8941,0.005);
#6584=CIRCLE('',#8945,0.00500000000000001);
#6585=CIRCLE('',#8946,0.01);
#6586=CIRCLE('',#8948,0.01);
#6587=CIRCLE('',#8949,0.005);
#6588=CIRCLE('',#8951,0.00500000000000001);
#6589=CIRCLE('',#8952,0.01);
#6590=CIRCLE('',#8954,0.01);
#6591=CIRCLE('',#8955,0.005);
#6592=CIRCLE('',#8959,0.00500000000000001);
#6593=CIRCLE('',#8960,0.01);
#6594=CIRCLE('',#8962,0.01);
#6595=CIRCLE('',#8963,0.005);
#6596=CIRCLE('',#8965,0.00500000000000001);
#6597=CIRCLE('',#8966,0.01);
#6598=CIRCLE('',#8968,0.01);
#6599=CIRCLE('',#8969,0.005);
#6600=CIRCLE('',#8973,0.00500000000000001);
#6601=CIRCLE('',#8974,0.01);
#6602=CIRCLE('',#8976,0.01);
#6603=CIRCLE('',#8977,0.005);
#6604=CIRCLE('',#8979,0.00500000000000001);
#6605=CIRCLE('',#8980,0.01);
#6606=CIRCLE('',#8982,0.01);
#6607=CIRCLE('',#8983,0.005);
#6608=CIRCLE('',#8987,0.00500000000000001);
#6609=CIRCLE('',#8988,0.01);
#6610=CIRCLE('',#8990,0.01);
#6611=CIRCLE('',#8991,0.005);
#6612=CIRCLE('',#8993,0.00500000000000001);
#6613=CIRCLE('',#8994,0.01);
#6614=CIRCLE('',#8996,0.01);
#6615=CIRCLE('',#8997,0.005);
#6616=CIRCLE('',#9001,0.00500000000000001);
#6617=CIRCLE('',#9002,0.01);
#6618=CIRCLE('',#9004,0.01);
#6619=CIRCLE('',#9005,0.005);
#6620=CIRCLE('',#9007,0.00500000000000001);
#6621=CIRCLE('',#9008,0.01);
#6622=CIRCLE('',#9010,0.01);
#6623=CIRCLE('',#9011,0.005);
#6624=CIRCLE('',#9015,0.00500000000000001);
#6625=CIRCLE('',#9016,0.01);
#6626=CIRCLE('',#9018,0.01);
#6627=CIRCLE('',#9019,0.005);
#6628=CIRCLE('',#9021,0.00500000000000001);
#6629=CIRCLE('',#9022,0.01);
#6630=CIRCLE('',#9024,0.01);
#6631=CIRCLE('',#9025,0.005);
#6632=CIRCLE('',#9029,0.00500000000000001);
#6633=CIRCLE('',#9030,0.01);
#6634=CIRCLE('',#9032,0.01);
#6635=CIRCLE('',#9033,0.005);
#6636=CIRCLE('',#9035,0.00500000000000001);
#6637=CIRCLE('',#9036,0.01);
#6638=CIRCLE('',#9038,0.01);
#6639=CIRCLE('',#9039,0.005);
#6640=CIRCLE('',#9043,0.00500000000000001);
#6641=CIRCLE('',#9044,0.01);
#6642=CIRCLE('',#9046,0.01);
#6643=CIRCLE('',#9047,0.005);
#6644=CIRCLE('',#9049,0.00500000000000001);
#6645=CIRCLE('',#9050,0.01);
#6646=CIRCLE('',#9052,0.01);
#6647=CIRCLE('',#9053,0.005);
#6648=CIRCLE('',#9059,0.00500000000000001);
#6649=CIRCLE('',#9060,0.01);
#6650=CIRCLE('',#9062,0.01);
#6651=CIRCLE('',#9063,0.005);
#6652=CIRCLE('',#9218,0.009);
#6653=CIRCLE('',#9219,0.009);
#6654=CIRCLE('',#9220,0.009);
#6655=CIRCLE('',#9221,0.009);
#6656=CIRCLE('',#9222,0.009);
#6657=CIRCLE('',#9223,0.009);
#6658=CIRCLE('',#9224,0.009);
#6659=CIRCLE('',#9225,0.009);
#6660=CIRCLE('',#9226,0.009);
#6661=CIRCLE('',#9227,0.009);
#6662=CIRCLE('',#9228,0.009);
#6663=CIRCLE('',#9229,0.009);
#6664=CIRCLE('',#9230,0.009);
#6665=CIRCLE('',#9231,0.009);
#6666=CIRCLE('',#9232,0.009);
#6667=CIRCLE('',#9233,0.009);
#6668=CIRCLE('',#9234,0.009);
#6669=CIRCLE('',#9235,0.009);
#6670=CIRCLE('',#9236,0.009);
#6671=CIRCLE('',#9237,0.009);
#6672=CIRCLE('',#9238,0.009);
#6673=CIRCLE('',#9239,0.009);
#6674=CIRCLE('',#9240,0.009);
#6675=CIRCLE('',#9241,0.009);
#6676=CIRCLE('',#9242,0.009);
#6677=CIRCLE('',#9243,0.009);
#6678=CIRCLE('',#9244,0.009);
#6679=CIRCLE('',#9245,0.009);
#6680=CIRCLE('',#9246,0.009);
#6681=CIRCLE('',#9247,0.009);
#6682=CIRCLE('',#9248,0.009);
#6683=CIRCLE('',#9249,0.009);
#6684=CIRCLE('',#9250,0.009);
#6685=CIRCLE('',#9251,0.009);
#6686=CIRCLE('',#9252,0.009);
#6687=CIRCLE('',#9253,0.009);
#6688=CIRCLE('',#9254,0.009);
#6689=CIRCLE('',#9255,0.009);
#6690=CIRCLE('',#9256,0.009);
#6691=CIRCLE('',#9257,0.009);
#6692=CIRCLE('',#9259,0.009);
#6693=CIRCLE('',#9261,0.009);
#6694=CIRCLE('',#9263,0.009);
#6695=CIRCLE('',#9265,0.009);
#6696=CIRCLE('',#9267,0.009);
#6697=CIRCLE('',#9269,0.009);
#6698=CIRCLE('',#9271,0.009);
#6699=CIRCLE('',#9273,0.009);
#6700=CIRCLE('',#9275,0.009);
#6701=CIRCLE('',#9277,0.009);
#6702=CIRCLE('',#9279,0.009);
#6703=CIRCLE('',#9281,0.009);
#6704=CIRCLE('',#9283,0.009);
#6705=CIRCLE('',#9285,0.009);
#6706=CIRCLE('',#9287,0.009);
#6707=CIRCLE('',#9289,0.009);
#6708=CIRCLE('',#9291,0.009);
#6709=CIRCLE('',#9293,0.009);
#6710=CIRCLE('',#9295,0.009);
#6711=CIRCLE('',#9297,0.009);
#6712=CIRCLE('',#9299,0.009);
#6713=CIRCLE('',#9301,0.009);
#6714=CIRCLE('',#9303,0.009);
#6715=CIRCLE('',#9305,0.009);
#6716=CIRCLE('',#9307,0.009);
#6717=CIRCLE('',#9309,0.009);
#6718=CIRCLE('',#9311,0.009);
#6719=CIRCLE('',#9313,0.009);
#6720=CIRCLE('',#9315,0.009);
#6721=CIRCLE('',#9317,0.009);
#6722=CIRCLE('',#9319,0.009);
#6723=CIRCLE('',#9321,0.009);
#6724=CIRCLE('',#9323,0.009);
#6725=CIRCLE('',#9325,0.009);
#6726=CIRCLE('',#9327,0.009);
#6727=CIRCLE('',#9329,0.009);
#6728=CIRCLE('',#9331,0.009);
#6729=CIRCLE('',#9333,0.009);
#6730=CIRCLE('',#9335,0.009);
#6731=CIRCLE('',#9337,0.009);
#6732=EDGE_LOOP('',(#2066,#2067,#2068,#2069,#2070));
#6733=EDGE_LOOP('',(#2071,#2072,#2073,#2074));
#6734=EDGE_LOOP('',(#2075,#2076,#2077,#2078));
#6735=EDGE_LOOP('',(#2079,#2080,#2081,#2082));
#6736=EDGE_LOOP('',(#2083,#2084,#2085,#2086,#2087,#2088,#2089,#2090,#2091,
#2092,#2093));
#6737=EDGE_LOOP('',(#2094,#2095,#2096,#2097,#2098,#2099,#2100,#2101,#2102));
#6738=EDGE_LOOP('',(#2103,#2104,#2105,#2106,#2107,#2108,#2109,#2110,#2111,
#2112,#2113));
#6739=EDGE_LOOP('',(#2114,#2115,#2116,#2117,#2118,#2119,#2120,#2121,#2122,
#2123,#2124));
#6740=EDGE_LOOP('',(#2125,#2126,#2127,#2128));
#6741=EDGE_LOOP('',(#2129,#2130,#2131,#2132));
#6742=EDGE_LOOP('',(#2133,#2134,#2135,#2136));
#6743=EDGE_LOOP('',(#2137,#2138,#2139,#2140));
#6744=EDGE_LOOP('',(#2141,#2142,#2143,#2144));
#6745=EDGE_LOOP('',(#2145,#2146,#2147,#2148));
#6746=EDGE_LOOP('',(#2149,#2150,#2151,#2152));
#6747=EDGE_LOOP('',(#2153,#2154,#2155,#2156));
#6748=EDGE_LOOP('',(#2157,#2158,#2159,#2160,#2161,#2162,#2163,#2164));
#6749=EDGE_LOOP('',(#2165,#2166,#2167,#2168,#2169,#2170,#2171,#2172));
#6750=EDGE_LOOP('',(#2173,#2174,#2175,#2176));
#6751=EDGE_LOOP('',(#2177,#2178,#2179,#2180));
#6752=EDGE_LOOP('',(#2181,#2182,#2183,#2184,#2185));
#6753=EDGE_LOOP('',(#2186,#2187,#2188,#2189));
#6754=EDGE_LOOP('',(#2190,#2191,#2192,#2193));
#6755=EDGE_LOOP('',(#2194,#2195,#2196,#2197));
#6756=EDGE_LOOP('',(#2198,#2199,#2200,#2201));
#6757=EDGE_LOOP('',(#2202,#2203,#2204,#2205));
#6758=EDGE_LOOP('',(#2206,#2207,#2208,#2209,#2210,#2211,#2212));
#6759=EDGE_LOOP('',(#2213,#2214,#2215,#2216,#2217,#2218,#2219));
#6760=EDGE_LOOP('',(#2220,#2221,#2222,#2223));
#6761=EDGE_LOOP('',(#2224,#2225,#2226,#2227));
#6762=EDGE_LOOP('',(#2228,#2229,#2230,#2231,#2232,#2233,#2234,#2235));
#6763=EDGE_LOOP('',(#2236,#2237,#2238,#2239));
#6764=EDGE_LOOP('',(#2240,#2241,#2242,#2243,#2244,#2245,#2246,#2247));
#6765=EDGE_LOOP('',(#2248,#2249,#2250,#2251,#2252,#2253));
#6766=EDGE_LOOP('',(#2254,#2255,#2256,#2257));
#6767=EDGE_LOOP('',(#2258,#2259,#2260,#2261));
#6768=EDGE_LOOP('',(#2262,#2263,#2264,#2265));
#6769=EDGE_LOOP('',(#2266,#2267,#2268,#2269));
#6770=EDGE_LOOP('',(#2270,#2271,#2272,#2273,#2274));
#6771=EDGE_LOOP('',(#2275,#2276,#2277,#2278,#2279));
#6772=EDGE_LOOP('',(#2280));
#6773=EDGE_LOOP('',(#2281,#2282));
#6774=EDGE_LOOP('',(#2283));
#6775=EDGE_LOOP('',(#2284));
#6776=EDGE_LOOP('',(#2285,#2286));
#6777=EDGE_LOOP('',(#2287));
#6778=EDGE_LOOP('',(#2288,#2289,#2290,#2291,#2292,#2293,#2294,#2295,#2296,
#2297,#2298,#2299));
#6779=EDGE_LOOP('',(#2300,#2301,#2302,#2303,#2304,#2305,#2306,#2307,#2308,
#2309,#2310,#2311));
#6780=EDGE_LOOP('',(#2312,#2313,#2314,#2315));
#6781=EDGE_LOOP('',(#2316,#2317,#2318,#2319));
#6782=EDGE_LOOP('',(#2320,#2321,#2322,#2323));
#6783=EDGE_LOOP('',(#2324,#2325,#2326,#2327));
#6784=EDGE_LOOP('',(#2328,#2329,#2330,#2331));
#6785=EDGE_LOOP('',(#2332,#2333,#2334,#2335));
#6786=EDGE_LOOP('',(#2336,#2337,#2338,#2339));
#6787=EDGE_LOOP('',(#2340,#2341,#2342,#2343));
#6788=EDGE_LOOP('',(#2344,#2345,#2346,#2347));
#6789=EDGE_LOOP('',(#2348,#2349,#2350,#2351));
#6790=EDGE_LOOP('',(#2352,#2353,#2354,#2355));
#6791=EDGE_LOOP('',(#2356,#2357,#2358,#2359));
#6792=EDGE_LOOP('',(#2360,#2361,#2362,#2363));
#6793=EDGE_LOOP('',(#2364,#2365,#2366,#2367));
#6794=EDGE_LOOP('',(#2368,#2369,#2370,#2371));
#6795=EDGE_LOOP('',(#2372,#2373,#2374,#2375));
#6796=EDGE_LOOP('',(#2376,#2377,#2378,#2379));
#6797=EDGE_LOOP('',(#2380,#2381,#2382,#2383));
#6798=EDGE_LOOP('',(#2384,#2385,#2386,#2387));
#6799=EDGE_LOOP('',(#2388,#2389,#2390,#2391));
#6800=EDGE_LOOP('',(#2392,#2393,#2394,#2395));
#6801=EDGE_LOOP('',(#2396,#2397,#2398,#2399));
#6802=EDGE_LOOP('',(#2400,#2401,#2402,#2403));
#6803=EDGE_LOOP('',(#2404,#2405,#2406,#2407));
#6804=EDGE_LOOP('',(#2408,#2409,#2410,#2411));
#6805=EDGE_LOOP('',(#2412,#2413,#2414,#2415));
#6806=EDGE_LOOP('',(#2416,#2417,#2418,#2419));
#6807=EDGE_LOOP('',(#2420,#2421,#2422,#2423));
#6808=EDGE_LOOP('',(#2424,#2425,#2426,#2427));
#6809=EDGE_LOOP('',(#2428,#2429,#2430,#2431));
#6810=EDGE_LOOP('',(#2432,#2433,#2434,#2435));
#6811=EDGE_LOOP('',(#2436,#2437,#2438,#2439));
#6812=EDGE_LOOP('',(#2440,#2441,#2442,#2443));
#6813=EDGE_LOOP('',(#2444,#2445,#2446,#2447));
#6814=EDGE_LOOP('',(#2448,#2449,#2450,#2451));
#6815=EDGE_LOOP('',(#2452,#2453,#2454,#2455));
#6816=EDGE_LOOP('',(#2456,#2457,#2458,#2459));
#6817=EDGE_LOOP('',(#2460,#2461,#2462,#2463));
#6818=EDGE_LOOP('',(#2464,#2465,#2466,#2467));
#6819=EDGE_LOOP('',(#2468,#2469,#2470,#2471));
#6820=EDGE_LOOP('',(#2472,#2473,#2474,#2475));
#6821=EDGE_LOOP('',(#2476,#2477,#2478,#2479));
#6822=EDGE_LOOP('',(#2480,#2481,#2482,#2483));
#6823=EDGE_LOOP('',(#2484,#2485,#2486,#2487));
#6824=EDGE_LOOP('',(#2488,#2489,#2490,#2491));
#6825=EDGE_LOOP('',(#2492,#2493,#2494,#2495));
#6826=EDGE_LOOP('',(#2496,#2497,#2498,#2499));
#6827=EDGE_LOOP('',(#2500,#2501,#2502,#2503));
#6828=EDGE_LOOP('',(#2504,#2505,#2506,#2507));
#6829=EDGE_LOOP('',(#2508,#2509,#2510,#2511));
#6830=EDGE_LOOP('',(#2512,#2513,#2514,#2515));
#6831=EDGE_LOOP('',(#2516,#2517,#2518,#2519));
#6832=EDGE_LOOP('',(#2520,#2521,#2522,#2523));
#6833=EDGE_LOOP('',(#2524,#2525,#2526,#2527));
#6834=EDGE_LOOP('',(#2528,#2529,#2530,#2531));
#6835=EDGE_LOOP('',(#2532,#2533,#2534,#2535));
#6836=EDGE_LOOP('',(#2536,#2537,#2538,#2539));
#6837=EDGE_LOOP('',(#2540,#2541,#2542,#2543));
#6838=EDGE_LOOP('',(#2544,#2545,#2546,#2547));
#6839=EDGE_LOOP('',(#2548,#2549,#2550,#2551));
#6840=EDGE_LOOP('',(#2552,#2553,#2554,#2555));
#6841=EDGE_LOOP('',(#2556,#2557,#2558,#2559));
#6842=EDGE_LOOP('',(#2560,#2561,#2562,#2563,#2564,#2565,#2566,#2567));
#6843=EDGE_LOOP('',(#2568,#2569,#2570,#2571,#2572,#2573,#2574,#2575));
#6844=EDGE_LOOP('',(#2576,#2577,#2578,#2579));
#6845=EDGE_LOOP('',(#2580,#2581,#2582,#2583));
#6846=EDGE_LOOP('',(#2584,#2585,#2586,#2587,#2588,#2589,#2590,#2591));
#6847=EDGE_LOOP('',(#2592,#2593,#2594,#2595,#2596,#2597,#2598,#2599));
#6848=EDGE_LOOP('',(#2600,#2601,#2602,#2603,#2604,#2605,#2606,#2607));
#6849=EDGE_LOOP('',(#2608,#2609,#2610,#2611,#2612,#2613,#2614,#2615));
#6850=EDGE_LOOP('',(#2616,#2617,#2618,#2619));
#6851=EDGE_LOOP('',(#2620,#2621,#2622,#2623));
#6852=EDGE_LOOP('',(#2624,#2625,#2626,#2627,#2628,#2629,#2630,#2631));
#6853=EDGE_LOOP('',(#2632,#2633,#2634,#2635,#2636,#2637,#2638,#2639));
#6854=EDGE_LOOP('',(#2640,#2641,#2642,#2643,#2644,#2645,#2646,#2647));
#6855=EDGE_LOOP('',(#2648,#2649,#2650,#2651,#2652,#2653,#2654,#2655));
#6856=EDGE_LOOP('',(#2656,#2657,#2658,#2659));
#6857=EDGE_LOOP('',(#2660,#2661,#2662,#2663));
#6858=EDGE_LOOP('',(#2664,#2665,#2666,#2667,#2668,#2669,#2670,#2671));
#6859=EDGE_LOOP('',(#2672,#2673,#2674,#2675,#2676,#2677,#2678,#2679));
#6860=EDGE_LOOP('',(#2680,#2681,#2682,#2683,#2684,#2685,#2686,#2687));
#6861=EDGE_LOOP('',(#2688,#2689,#2690,#2691,#2692,#2693,#2694,#2695));
#6862=EDGE_LOOP('',(#2696,#2697,#2698,#2699));
#6863=EDGE_LOOP('',(#2700,#2701,#2702,#2703));
#6864=EDGE_LOOP('',(#2704,#2705,#2706,#2707,#2708,#2709,#2710,#2711));
#6865=EDGE_LOOP('',(#2712,#2713,#2714,#2715,#2716,#2717,#2718,#2719));
#6866=EDGE_LOOP('',(#2720,#2721,#2722,#2723,#2724,#2725,#2726,#2727));
#6867=EDGE_LOOP('',(#2728,#2729,#2730,#2731,#2732,#2733,#2734,#2735));
#6868=EDGE_LOOP('',(#2736,#2737,#2738,#2739));
#6869=EDGE_LOOP('',(#2740,#2741,#2742,#2743));
#6870=EDGE_LOOP('',(#2744,#2745,#2746,#2747,#2748,#2749,#2750,#2751));
#6871=EDGE_LOOP('',(#2752,#2753,#2754,#2755,#2756,#2757,#2758,#2759));
#6872=EDGE_LOOP('',(#2760,#2761,#2762,#2763,#2764,#2765,#2766,#2767));
#6873=EDGE_LOOP('',(#2768,#2769,#2770,#2771,#2772,#2773,#2774,#2775));
#6874=EDGE_LOOP('',(#2776,#2777,#2778,#2779));
#6875=EDGE_LOOP('',(#2780,#2781,#2782,#2783));
#6876=EDGE_LOOP('',(#2784,#2785,#2786,#2787,#2788,#2789,#2790,#2791));
#6877=EDGE_LOOP('',(#2792,#2793,#2794,#2795,#2796,#2797,#2798,#2799));
#6878=EDGE_LOOP('',(#2800,#2801,#2802,#2803,#2804,#2805,#2806,#2807));
#6879=EDGE_LOOP('',(#2808,#2809,#2810,#2811,#2812,#2813,#2814,#2815));
#6880=EDGE_LOOP('',(#2816,#2817,#2818,#2819));
#6881=EDGE_LOOP('',(#2820,#2821,#2822,#2823));
#6882=EDGE_LOOP('',(#2824,#2825,#2826,#2827,#2828,#2829,#2830,#2831));
#6883=EDGE_LOOP('',(#2832,#2833,#2834,#2835,#2836,#2837,#2838,#2839));
#6884=EDGE_LOOP('',(#2840,#2841,#2842,#2843,#2844,#2845,#2846,#2847));
#6885=EDGE_LOOP('',(#2848,#2849,#2850,#2851,#2852,#2853,#2854,#2855));
#6886=EDGE_LOOP('',(#2856,#2857,#2858,#2859));
#6887=EDGE_LOOP('',(#2860,#2861,#2862,#2863));
#6888=EDGE_LOOP('',(#2864,#2865,#2866,#2867,#2868,#2869,#2870,#2871));
#6889=EDGE_LOOP('',(#2872,#2873,#2874,#2875,#2876,#2877,#2878,#2879));
#6890=EDGE_LOOP('',(#2880,#2881,#2882,#2883,#2884,#2885,#2886,#2887));
#6891=EDGE_LOOP('',(#2888,#2889,#2890,#2891,#2892,#2893,#2894,#2895));
#6892=EDGE_LOOP('',(#2896,#2897,#2898,#2899));
#6893=EDGE_LOOP('',(#2900,#2901,#2902,#2903));
#6894=EDGE_LOOP('',(#2904,#2905,#2906,#2907,#2908,#2909,#2910,#2911));
#6895=EDGE_LOOP('',(#2912,#2913,#2914,#2915,#2916,#2917,#2918,#2919));
#6896=EDGE_LOOP('',(#2920,#2921,#2922,#2923,#2924,#2925,#2926,#2927));
#6897=EDGE_LOOP('',(#2928,#2929,#2930,#2931,#2932,#2933,#2934,#2935));
#6898=EDGE_LOOP('',(#2936,#2937,#2938,#2939));
#6899=EDGE_LOOP('',(#2940,#2941,#2942,#2943));
#6900=EDGE_LOOP('',(#2944,#2945,#2946,#2947,#2948,#2949,#2950,#2951));
#6901=EDGE_LOOP('',(#2952,#2953,#2954,#2955,#2956,#2957,#2958,#2959));
#6902=EDGE_LOOP('',(#2960,#2961,#2962,#2963,#2964,#2965,#2966,#2967));
#6903=EDGE_LOOP('',(#2968,#2969,#2970,#2971,#2972,#2973,#2974,#2975));
#6904=EDGE_LOOP('',(#2976,#2977,#2978,#2979));
#6905=EDGE_LOOP('',(#2980,#2981,#2982,#2983));
#6906=EDGE_LOOP('',(#2984,#2985,#2986,#2987,#2988,#2989,#2990,#2991));
#6907=EDGE_LOOP('',(#2992,#2993,#2994,#2995,#2996,#2997,#2998,#2999));
#6908=EDGE_LOOP('',(#3000,#3001,#3002,#3003,#3004,#3005,#3006,#3007));
#6909=EDGE_LOOP('',(#3008,#3009,#3010,#3011,#3012,#3013,#3014,#3015));
#6910=EDGE_LOOP('',(#3016,#3017,#3018,#3019));
#6911=EDGE_LOOP('',(#3020,#3021,#3022,#3023));
#6912=EDGE_LOOP('',(#3024,#3025,#3026,#3027,#3028,#3029,#3030,#3031));
#6913=EDGE_LOOP('',(#3032,#3033,#3034,#3035,#3036,#3037,#3038,#3039));
#6914=EDGE_LOOP('',(#3040,#3041,#3042,#3043,#3044,#3045,#3046,#3047));
#6915=EDGE_LOOP('',(#3048,#3049,#3050,#3051,#3052,#3053,#3054,#3055));
#6916=EDGE_LOOP('',(#3056,#3057,#3058,#3059));
#6917=EDGE_LOOP('',(#3060,#3061,#3062,#3063));
#6918=EDGE_LOOP('',(#3064,#3065,#3066,#3067,#3068,#3069,#3070,#3071));
#6919=EDGE_LOOP('',(#3072,#3073,#3074,#3075,#3076,#3077,#3078,#3079));
#6920=EDGE_LOOP('',(#3080,#3081,#3082,#3083,#3084,#3085,#3086,#3087));
#6921=EDGE_LOOP('',(#3088,#3089,#3090,#3091,#3092,#3093,#3094,#3095));
#6922=EDGE_LOOP('',(#3096,#3097,#3098,#3099));
#6923=EDGE_LOOP('',(#3100,#3101,#3102,#3103));
#6924=EDGE_LOOP('',(#3104,#3105,#3106,#3107,#3108,#3109,#3110,#3111));
#6925=EDGE_LOOP('',(#3112,#3113,#3114,#3115,#3116,#3117,#3118,#3119));
#6926=EDGE_LOOP('',(#3120,#3121,#3122,#3123,#3124,#3125,#3126,#3127));
#6927=EDGE_LOOP('',(#3128,#3129,#3130,#3131,#3132,#3133,#3134,#3135));
#6928=EDGE_LOOP('',(#3136,#3137,#3138,#3139));
#6929=EDGE_LOOP('',(#3140,#3141,#3142,#3143));
#6930=EDGE_LOOP('',(#3144,#3145,#3146,#3147,#3148,#3149,#3150,#3151));
#6931=EDGE_LOOP('',(#3152,#3153,#3154,#3155,#3156,#3157,#3158,#3159));
#6932=EDGE_LOOP('',(#3160,#3161,#3162,#3163,#3164,#3165,#3166,#3167));
#6933=EDGE_LOOP('',(#3168,#3169,#3170,#3171,#3172,#3173,#3174,#3175));
#6934=EDGE_LOOP('',(#3176,#3177,#3178,#3179));
#6935=EDGE_LOOP('',(#3180,#3181,#3182,#3183));
#6936=EDGE_LOOP('',(#3184,#3185,#3186,#3187,#3188,#3189,#3190,#3191));
#6937=EDGE_LOOP('',(#3192,#3193,#3194,#3195,#3196,#3197,#3198,#3199));
#6938=EDGE_LOOP('',(#3200,#3201,#3202,#3203,#3204,#3205,#3206,#3207));
#6939=EDGE_LOOP('',(#3208,#3209,#3210,#3211,#3212,#3213,#3214,#3215));
#6940=EDGE_LOOP('',(#3216,#3217,#3218,#3219));
#6941=EDGE_LOOP('',(#3220,#3221,#3222,#3223));
#6942=EDGE_LOOP('',(#3224,#3225,#3226,#3227,#3228,#3229,#3230,#3231));
#6943=EDGE_LOOP('',(#3232,#3233,#3234,#3235,#3236,#3237,#3238,#3239));
#6944=EDGE_LOOP('',(#3240,#3241,#3242,#3243,#3244,#3245,#3246,#3247));
#6945=EDGE_LOOP('',(#3248,#3249,#3250,#3251,#3252,#3253,#3254,#3255));
#6946=EDGE_LOOP('',(#3256,#3257,#3258,#3259));
#6947=EDGE_LOOP('',(#3260,#3261,#3262,#3263));
#6948=EDGE_LOOP('',(#3264,#3265,#3266,#3267,#3268,#3269,#3270,#3271));
#6949=EDGE_LOOP('',(#3272,#3273,#3274,#3275,#3276,#3277,#3278,#3279));
#6950=EDGE_LOOP('',(#3280,#3281,#3282,#3283,#3284,#3285,#3286,#3287));
#6951=EDGE_LOOP('',(#3288,#3289,#3290,#3291,#3292,#3293,#3294,#3295));
#6952=EDGE_LOOP('',(#3296,#3297,#3298,#3299));
#6953=EDGE_LOOP('',(#3300,#3301,#3302,#3303));
#6954=EDGE_LOOP('',(#3304,#3305,#3306,#3307,#3308,#3309,#3310,#3311));
#6955=EDGE_LOOP('',(#3312,#3313,#3314,#3315,#3316,#3317,#3318,#3319));
#6956=EDGE_LOOP('',(#3320,#3321,#3322,#3323,#3324,#3325,#3326,#3327));
#6957=EDGE_LOOP('',(#3328,#3329,#3330,#3331,#3332,#3333,#3334,#3335));
#6958=EDGE_LOOP('',(#3336,#3337,#3338,#3339));
#6959=EDGE_LOOP('',(#3340,#3341,#3342,#3343));
#6960=EDGE_LOOP('',(#3344,#3345,#3346,#3347));
#6961=EDGE_LOOP('',(#3348,#3349,#3350,#3351));
#6962=EDGE_LOOP('',(#3352,#3353,#3354,#3355,#3356,#3357,#3358,#3359));
#6963=EDGE_LOOP('',(#3360,#3361,#3362,#3363,#3364,#3365,#3366,#3367));
#6964=EDGE_LOOP('',(#3368,#3369,#3370,#3371));
#6965=EDGE_LOOP('',(#3372,#3373,#3374,#3375));
#6966=EDGE_LOOP('',(#3376,#3377,#3378,#3379));
#6967=EDGE_LOOP('',(#3380,#3381,#3382,#3383));
#6968=EDGE_LOOP('',(#3384,#3385,#3386,#3387));
#6969=EDGE_LOOP('',(#3388,#3389,#3390,#3391));
#6970=EDGE_LOOP('',(#3392,#3393,#3394,#3395));
#6971=EDGE_LOOP('',(#3396,#3397,#3398,#3399));
#6972=EDGE_LOOP('',(#3400,#3401,#3402,#3403));
#6973=EDGE_LOOP('',(#3404,#3405,#3406,#3407));
#6974=EDGE_LOOP('',(#3408,#3409,#3410,#3411));
#6975=EDGE_LOOP('',(#3412,#3413,#3414,#3415));
#6976=EDGE_LOOP('',(#3416,#3417,#3418,#3419));
#6977=EDGE_LOOP('',(#3420,#3421,#3422,#3423));
#6978=EDGE_LOOP('',(#3424,#3425,#3426,#3427));
#6979=EDGE_LOOP('',(#3428,#3429,#3430,#3431));
#6980=EDGE_LOOP('',(#3432,#3433,#3434,#3435));
#6981=EDGE_LOOP('',(#3436,#3437,#3438,#3439));
#6982=EDGE_LOOP('',(#3440,#3441,#3442,#3443));
#6983=EDGE_LOOP('',(#3444,#3445,#3446,#3447));
#6984=EDGE_LOOP('',(#3448,#3449,#3450,#3451,#3452,#3453,#3454,#3455,#3456,
#3457,#3458,#3459,#3460,#3461,#3462,#3463,#3464,#3465,#3466,#3467,#3468,
#3469,#3470,#3471,#3472,#3473,#3474,#3475,#3476,#3477,#3478,#3479,#3480,
#3481,#3482,#3483,#3484,#3485,#3486,#3487,#3488,#3489,#3490,#3491,#3492,
#3493,#3494,#3495,#3496,#3497,#3498,#3499,#3500,#3501,#3502,#3503,#3504,
#3505,#3506,#3507,#3508,#3509,#3510,#3511,#3512,#3513,#3514,#3515,#3516,
#3517,#3518,#3519,#3520,#3521,#3522,#3523,#3524,#3525,#3526,#3527,#3528,
#3529,#3530,#3531));
#6985=EDGE_LOOP('',(#3532,#3533,#3534,#3535));
#6986=EDGE_LOOP('',(#3536,#3537,#3538,#3539));
#6987=EDGE_LOOP('',(#3540,#3541,#3542,#3543));
#6988=EDGE_LOOP('',(#3544,#3545,#3546,#3547));
#6989=EDGE_LOOP('',(#3548,#3549,#3550,#3551));
#6990=EDGE_LOOP('',(#3552,#3553,#3554,#3555));
#6991=EDGE_LOOP('',(#3556,#3557,#3558,#3559));
#6992=EDGE_LOOP('',(#3560,#3561,#3562,#3563));
#6993=EDGE_LOOP('',(#3564,#3565,#3566,#3567));
#6994=EDGE_LOOP('',(#3568,#3569,#3570,#3571));
#6995=EDGE_LOOP('',(#3572,#3573,#3574,#3575));
#6996=EDGE_LOOP('',(#3576,#3577,#3578,#3579));
#6997=EDGE_LOOP('',(#3580,#3581,#3582,#3583));
#6998=EDGE_LOOP('',(#3584,#3585,#3586,#3587));
#6999=EDGE_LOOP('',(#3588,#3589,#3590,#3591));
#7000=EDGE_LOOP('',(#3592,#3593,#3594,#3595));
#7001=EDGE_LOOP('',(#3596,#3597,#3598,#3599));
#7002=EDGE_LOOP('',(#3600,#3601,#3602,#3603));
#7003=EDGE_LOOP('',(#3604,#3605,#3606,#3607));
#7004=EDGE_LOOP('',(#3608,#3609,#3610,#3611));
#7005=EDGE_LOOP('',(#3612,#3613,#3614,#3615));
#7006=EDGE_LOOP('',(#3616,#3617,#3618,#3619));
#7007=EDGE_LOOP('',(#3620,#3621,#3622,#3623));
#7008=EDGE_LOOP('',(#3624,#3625,#3626,#3627));
#7009=EDGE_LOOP('',(#3628,#3629,#3630,#3631));
#7010=EDGE_LOOP('',(#3632,#3633,#3634,#3635));
#7011=EDGE_LOOP('',(#3636,#3637,#3638,#3639));
#7012=EDGE_LOOP('',(#3640,#3641,#3642,#3643));
#7013=EDGE_LOOP('',(#3644,#3645,#3646,#3647));
#7014=EDGE_LOOP('',(#3648,#3649,#3650,#3651));
#7015=EDGE_LOOP('',(#3652,#3653,#3654,#3655));
#7016=EDGE_LOOP('',(#3656,#3657,#3658,#3659));
#7017=EDGE_LOOP('',(#3660,#3661,#3662,#3663));
#7018=EDGE_LOOP('',(#3664,#3665,#3666,#3667));
#7019=EDGE_LOOP('',(#3668,#3669,#3670,#3671));
#7020=EDGE_LOOP('',(#3672,#3673,#3674,#3675));
#7021=EDGE_LOOP('',(#3676,#3677,#3678,#3679));
#7022=EDGE_LOOP('',(#3680,#3681,#3682,#3683));
#7023=EDGE_LOOP('',(#3684,#3685,#3686,#3687));
#7024=EDGE_LOOP('',(#3688,#3689,#3690,#3691));
#7025=EDGE_LOOP('',(#3692,#3693,#3694,#3695));
#7026=EDGE_LOOP('',(#3696,#3697,#3698,#3699,#3700,#3701,#3702,#3703,#3704,
#3705,#3706,#3707,#3708,#3709,#3710,#3711,#3712,#3713,#3714,#3715,#3716,
#3717,#3718,#3719,#3720,#3721,#3722,#3723,#3724,#3725,#3726,#3727,#3728,
#3729,#3730,#3731,#3732,#3733,#3734,#3735,#3736,#3737,#3738,#3739,#3740,
#3741,#3742,#3743,#3744,#3745,#3746,#3747,#3748,#3749,#3750,#3751,#3752,
#3753,#3754,#3755,#3756,#3757,#3758,#3759,#3760,#3761,#3762,#3763,#3764,
#3765,#3766,#3767,#3768,#3769,#3770,#3771,#3772,#3773,#3774,#3775,#3776,
#3777,#3778,#3779));
#7027=EDGE_LOOP('',(#3780,#3781,#3782,#3783));
#7028=EDGE_LOOP('',(#3784,#3785,#3786,#3787));
#7029=EDGE_LOOP('',(#3788,#3789,#3790,#3791));
#7030=EDGE_LOOP('',(#3792,#3793,#3794,#3795));
#7031=EDGE_LOOP('',(#3796,#3797,#3798,#3799));
#7032=EDGE_LOOP('',(#3800,#3801,#3802,#3803));
#7033=EDGE_LOOP('',(#3804,#3805,#3806,#3807));
#7034=EDGE_LOOP('',(#3808,#3809,#3810,#3811));
#7035=EDGE_LOOP('',(#3812,#3813,#3814,#3815));
#7036=EDGE_LOOP('',(#3816,#3817,#3818,#3819));
#7037=EDGE_LOOP('',(#3820,#3821,#3822,#3823));
#7038=EDGE_LOOP('',(#3824,#3825,#3826,#3827));
#7039=EDGE_LOOP('',(#3828,#3829,#3830,#3831));
#7040=EDGE_LOOP('',(#3832,#3833,#3834,#3835));
#7041=EDGE_LOOP('',(#3836,#3837,#3838,#3839));
#7042=EDGE_LOOP('',(#3840,#3841,#3842,#3843));
#7043=EDGE_LOOP('',(#3844,#3845,#3846,#3847));
#7044=EDGE_LOOP('',(#3848,#3849,#3850,#3851));
#7045=EDGE_LOOP('',(#3852,#3853,#3854,#3855));
#7046=EDGE_LOOP('',(#3856,#3857,#3858,#3859));
#7047=EDGE_LOOP('',(#3860,#3861,#3862,#3863));
#7048=EDGE_LOOP('',(#3864,#3865,#3866,#3867,#3868,#3869,#3870,#3871,#3872,
#3873,#3874,#3875,#3876,#3877,#3878,#3879,#3880,#3881,#3882,#3883,#3884,
#3885,#3886,#3887,#3888,#3889,#3890,#3891,#3892,#3893,#3894,#3895,#3896,
#3897,#3898,#3899,#3900,#3901,#3902,#3903,#3904,#3905,#3906,#3907,#3908,
#3909,#3910,#3911,#3912,#3913,#3914,#3915,#3916,#3917,#3918,#3919,#3920,
#3921,#3922,#3923,#3924,#3925,#3926,#3927,#3928,#3929,#3930,#3931,#3932,
#3933,#3934,#3935,#3936,#3937,#3938,#3939,#3940,#3941,#3942,#3943,#3944,
#3945,#3946,#3947));
#7049=EDGE_LOOP('',(#3948,#3949,#3950,#3951));
#7050=EDGE_LOOP('',(#3952,#3953,#3954,#3955));
#7051=EDGE_LOOP('',(#3956,#3957,#3958,#3959));
#7052=EDGE_LOOP('',(#3960,#3961,#3962,#3963));
#7053=EDGE_LOOP('',(#3964,#3965,#3966,#3967));
#7054=EDGE_LOOP('',(#3968,#3969,#3970,#3971));
#7055=EDGE_LOOP('',(#3972,#3973,#3974,#3975));
#7056=EDGE_LOOP('',(#3976,#3977,#3978,#3979));
#7057=EDGE_LOOP('',(#3980,#3981,#3982,#3983));
#7058=EDGE_LOOP('',(#3984,#3985,#3986,#3987));
#7059=EDGE_LOOP('',(#3988,#3989,#3990,#3991));
#7060=EDGE_LOOP('',(#3992,#3993,#3994,#3995));
#7061=EDGE_LOOP('',(#3996,#3997,#3998,#3999));
#7062=EDGE_LOOP('',(#4000,#4001,#4002,#4003));
#7063=EDGE_LOOP('',(#4004,#4005,#4006,#4007));
#7064=EDGE_LOOP('',(#4008,#4009,#4010,#4011));
#7065=EDGE_LOOP('',(#4012,#4013,#4014,#4015));
#7066=EDGE_LOOP('',(#4016,#4017,#4018,#4019));
#7067=EDGE_LOOP('',(#4020,#4021,#4022,#4023));
#7068=EDGE_LOOP('',(#4024,#4025,#4026,#4027));
#7069=EDGE_LOOP('',(#4028,#4029,#4030,#4031));
#7070=EDGE_LOOP('',(#4032,#4033,#4034,#4035));
#7071=EDGE_LOOP('',(#4036,#4037,#4038,#4039));
#7072=EDGE_LOOP('',(#4040,#4041,#4042,#4043));
#7073=EDGE_LOOP('',(#4044,#4045,#4046,#4047));
#7074=EDGE_LOOP('',(#4048,#4049,#4050,#4051));
#7075=EDGE_LOOP('',(#4052,#4053,#4054,#4055));
#7076=EDGE_LOOP('',(#4056,#4057,#4058,#4059));
#7077=EDGE_LOOP('',(#4060,#4061,#4062,#4063));
#7078=EDGE_LOOP('',(#4064,#4065,#4066,#4067));
#7079=EDGE_LOOP('',(#4068,#4069,#4070,#4071));
#7080=EDGE_LOOP('',(#4072,#4073,#4074,#4075));
#7081=EDGE_LOOP('',(#4076,#4077,#4078,#4079));
#7082=EDGE_LOOP('',(#4080,#4081,#4082,#4083));
#7083=EDGE_LOOP('',(#4084,#4085,#4086,#4087));
#7084=EDGE_LOOP('',(#4088,#4089,#4090,#4091));
#7085=EDGE_LOOP('',(#4092,#4093,#4094,#4095));
#7086=EDGE_LOOP('',(#4096,#4097,#4098,#4099));
#7087=EDGE_LOOP('',(#4100,#4101,#4102,#4103));
#7088=EDGE_LOOP('',(#4104,#4105,#4106,#4107));
#7089=EDGE_LOOP('',(#4108,#4109,#4110,#4111));
#7090=EDGE_LOOP('',(#4112,#4113,#4114,#4115));
#7091=EDGE_LOOP('',(#4116,#4117,#4118,#4119));
#7092=EDGE_LOOP('',(#4120,#4121,#4122,#4123));
#7093=EDGE_LOOP('',(#4124,#4125,#4126,#4127));
#7094=EDGE_LOOP('',(#4128,#4129,#4130,#4131));
#7095=EDGE_LOOP('',(#4132,#4133,#4134,#4135));
#7096=EDGE_LOOP('',(#4136,#4137,#4138,#4139));
#7097=EDGE_LOOP('',(#4140,#4141,#4142,#4143));
#7098=EDGE_LOOP('',(#4144,#4145,#4146,#4147));
#7099=EDGE_LOOP('',(#4148,#4149,#4150,#4151));
#7100=EDGE_LOOP('',(#4152,#4153,#4154,#4155));
#7101=EDGE_LOOP('',(#4156,#4157,#4158,#4159));
#7102=EDGE_LOOP('',(#4160,#4161,#4162,#4163));
#7103=EDGE_LOOP('',(#4164,#4165,#4166,#4167));
#7104=EDGE_LOOP('',(#4168,#4169,#4170,#4171));
#7105=EDGE_LOOP('',(#4172,#4173,#4174,#4175));
#7106=EDGE_LOOP('',(#4176,#4177,#4178,#4179));
#7107=EDGE_LOOP('',(#4180,#4181,#4182,#4183));
#7108=EDGE_LOOP('',(#4184,#4185,#4186,#4187,#4188,#4189,#4190,#4191,#4192,
#4193,#4194,#4195,#4196,#4197,#4198,#4199,#4200,#4201,#4202,#4203,#4204,
#4205,#4206,#4207,#4208,#4209,#4210,#4211,#4212,#4213,#4214,#4215,#4216,
#4217,#4218,#4219,#4220,#4221,#4222,#4223,#4224,#4225,#4226,#4227,#4228,
#4229,#4230,#4231,#4232,#4233,#4234,#4235,#4236,#4237,#4238,#4239,#4240,
#4241,#4242,#4243,#4244,#4245,#4246,#4247,#4248,#4249,#4250,#4251,#4252,
#4253,#4254,#4255,#4256,#4257,#4258,#4259,#4260,#4261,#4262,#4263,#4264,
#4265,#4266,#4267));
#7109=EDGE_LOOP('',(#4268,#4269,#4270,#4271));
#7110=EDGE_LOOP('',(#4272,#4273,#4274,#4275));
#7111=EDGE_LOOP('',(#4276,#4277,#4278,#4279));
#7112=EDGE_LOOP('',(#4280,#4281,#4282,#4283));
#7113=EDGE_LOOP('',(#4284,#4285,#4286,#4287));
#7114=EDGE_LOOP('',(#4288,#4289,#4290,#4291));
#7115=EDGE_LOOP('',(#4292,#4293,#4294,#4295));
#7116=EDGE_LOOP('',(#4296));
#7117=EDGE_LOOP('',(#4297));
#7118=EDGE_LOOP('',(#4298));
#7119=EDGE_LOOP('',(#4299));
#7120=EDGE_LOOP('',(#4300));
#7121=EDGE_LOOP('',(#4301));
#7122=EDGE_LOOP('',(#4302));
#7123=EDGE_LOOP('',(#4303));
#7124=EDGE_LOOP('',(#4304));
#7125=EDGE_LOOP('',(#4305));
#7126=EDGE_LOOP('',(#4306));
#7127=EDGE_LOOP('',(#4307));
#7128=EDGE_LOOP('',(#4308));
#7129=EDGE_LOOP('',(#4309));
#7130=EDGE_LOOP('',(#4310));
#7131=EDGE_LOOP('',(#4311));
#7132=EDGE_LOOP('',(#4312));
#7133=EDGE_LOOP('',(#4313));
#7134=EDGE_LOOP('',(#4314));
#7135=EDGE_LOOP('',(#4315));
#7136=EDGE_LOOP('',(#4316));
#7137=EDGE_LOOP('',(#4317));
#7138=EDGE_LOOP('',(#4318));
#7139=EDGE_LOOP('',(#4319));
#7140=EDGE_LOOP('',(#4320));
#7141=EDGE_LOOP('',(#4321));
#7142=EDGE_LOOP('',(#4322));
#7143=EDGE_LOOP('',(#4323));
#7144=EDGE_LOOP('',(#4324));
#7145=EDGE_LOOP('',(#4325));
#7146=EDGE_LOOP('',(#4326));
#7147=EDGE_LOOP('',(#4327));
#7148=EDGE_LOOP('',(#4328));
#7149=EDGE_LOOP('',(#4329));
#7150=EDGE_LOOP('',(#4330));
#7151=EDGE_LOOP('',(#4331));
#7152=EDGE_LOOP('',(#4332));
#7153=EDGE_LOOP('',(#4333));
#7154=EDGE_LOOP('',(#4334));
#7155=EDGE_LOOP('',(#4335));
#7156=EDGE_LOOP('',(#4336,#4337,#4338,#4339));
#7157=EDGE_LOOP('',(#4340));
#7158=EDGE_LOOP('',(#4341));
#7159=EDGE_LOOP('',(#4342));
#7160=EDGE_LOOP('',(#4343));
#7161=EDGE_LOOP('',(#4344));
#7162=EDGE_LOOP('',(#4345));
#7163=EDGE_LOOP('',(#4346));
#7164=EDGE_LOOP('',(#4347));
#7165=EDGE_LOOP('',(#4348));
#7166=EDGE_LOOP('',(#4349));
#7167=EDGE_LOOP('',(#4350));
#7168=EDGE_LOOP('',(#4351));
#7169=EDGE_LOOP('',(#4352));
#7170=EDGE_LOOP('',(#4353));
#7171=EDGE_LOOP('',(#4354));
#7172=EDGE_LOOP('',(#4355));
#7173=EDGE_LOOP('',(#4356));
#7174=EDGE_LOOP('',(#4357));
#7175=EDGE_LOOP('',(#4358));
#7176=EDGE_LOOP('',(#4359));
#7177=EDGE_LOOP('',(#4360));
#7178=EDGE_LOOP('',(#4361));
#7179=EDGE_LOOP('',(#4362));
#7180=EDGE_LOOP('',(#4363));
#7181=EDGE_LOOP('',(#4364));
#7182=EDGE_LOOP('',(#4365));
#7183=EDGE_LOOP('',(#4366));
#7184=EDGE_LOOP('',(#4367));
#7185=EDGE_LOOP('',(#4368));
#7186=EDGE_LOOP('',(#4369));
#7187=EDGE_LOOP('',(#4370));
#7188=EDGE_LOOP('',(#4371));
#7189=EDGE_LOOP('',(#4372));
#7190=EDGE_LOOP('',(#4373));
#7191=EDGE_LOOP('',(#4374));
#7192=EDGE_LOOP('',(#4375));
#7193=EDGE_LOOP('',(#4376));
#7194=EDGE_LOOP('',(#4377));
#7195=EDGE_LOOP('',(#4378));
#7196=EDGE_LOOP('',(#4379));
#7197=EDGE_LOOP('',(#4380));
#7198=EDGE_LOOP('',(#4381));
#7199=EDGE_LOOP('',(#4382));
#7200=EDGE_LOOP('',(#4383));
#7201=EDGE_LOOP('',(#4384));
#7202=EDGE_LOOP('',(#4385));
#7203=EDGE_LOOP('',(#4386));
#7204=EDGE_LOOP('',(#4387));
#7205=EDGE_LOOP('',(#4388));
#7206=EDGE_LOOP('',(#4389));
#7207=EDGE_LOOP('',(#4390));
#7208=EDGE_LOOP('',(#4391));
#7209=EDGE_LOOP('',(#4392));
#7210=EDGE_LOOP('',(#4393));
#7211=EDGE_LOOP('',(#4394));
#7212=EDGE_LOOP('',(#4395));
#7213=EDGE_LOOP('',(#4396));
#7214=EDGE_LOOP('',(#4397));
#7215=EDGE_LOOP('',(#4398));
#7216=EDGE_LOOP('',(#4399));
#7217=EDGE_LOOP('',(#4400));
#7218=EDGE_LOOP('',(#4401));
#7219=EDGE_LOOP('',(#4402));
#7220=EDGE_LOOP('',(#4403));
#7221=EDGE_LOOP('',(#4404));
#7222=EDGE_LOOP('',(#4405));
#7223=EDGE_LOOP('',(#4406));
#7224=EDGE_LOOP('',(#4407));
#7225=EDGE_LOOP('',(#4408));
#7226=EDGE_LOOP('',(#4409));
#7227=EDGE_LOOP('',(#4410));
#7228=EDGE_LOOP('',(#4411));
#7229=EDGE_LOOP('',(#4412));
#7230=EDGE_LOOP('',(#4413));
#7231=EDGE_LOOP('',(#4414));
#7232=EDGE_LOOP('',(#4415));
#7233=EDGE_LOOP('',(#4416));
#7234=EDGE_LOOP('',(#4417));
#7235=EDGE_LOOP('',(#4418));
#7236=EDGE_LOOP('',(#4419));
#7237=EDGE_LOOP('',(#4420));
#7238=EDGE_LOOP('',(#4421));
#7239=EDGE_LOOP('',(#4422));
#7240=EDGE_LOOP('',(#4423));
#7241=EDGE_LOOP('',(#4424));
#7242=EDGE_LOOP('',(#4425));
#7243=EDGE_LOOP('',(#4426));
#7244=EDGE_LOOP('',(#4427));
#7245=EDGE_LOOP('',(#4428));
#7246=EDGE_LOOP('',(#4429));
#7247=EDGE_LOOP('',(#4430));
#7248=EDGE_LOOP('',(#4431));
#7249=EDGE_LOOP('',(#4432));
#7250=EDGE_LOOP('',(#4433));
#7251=EDGE_LOOP('',(#4434));
#7252=EDGE_LOOP('',(#4435));
#7253=EDGE_LOOP('',(#4436));
#7254=EDGE_LOOP('',(#4437));
#7255=EDGE_LOOP('',(#4438));
#7256=EDGE_LOOP('',(#4439));
#7257=EDGE_LOOP('',(#4440));
#7258=EDGE_LOOP('',(#4441));
#7259=EDGE_LOOP('',(#4442));
#7260=EDGE_LOOP('',(#4443));
#7261=EDGE_LOOP('',(#4444));
#7262=EDGE_LOOP('',(#4445));
#7263=EDGE_LOOP('',(#4446));
#7264=EDGE_LOOP('',(#4447));
#7265=EDGE_LOOP('',(#4448));
#7266=EDGE_LOOP('',(#4449));
#7267=EDGE_LOOP('',(#4450));
#7268=EDGE_LOOP('',(#4451));
#7269=EDGE_LOOP('',(#4452));
#7270=EDGE_LOOP('',(#4453));
#7271=EDGE_LOOP('',(#4454));
#7272=EDGE_LOOP('',(#4455));
#7273=EDGE_LOOP('',(#4456));
#7274=EDGE_LOOP('',(#4457));
#7275=EDGE_LOOP('',(#4458));
#7276=EDGE_LOOP('',(#4459));
#7277=EDGE_LOOP('',(#4460,#4461,#4462,#4463));
#7278=FACE_BOUND('',#6732,.T.);
#7279=FACE_BOUND('',#6733,.T.);
#7280=FACE_BOUND('',#6734,.T.);
#7281=FACE_BOUND('',#6735,.T.);
#7282=FACE_BOUND('',#6736,.T.);
#7283=FACE_BOUND('',#6737,.T.);
#7284=FACE_BOUND('',#6738,.T.);
#7285=FACE_BOUND('',#6739,.T.);
#7286=FACE_BOUND('',#6740,.T.);
#7287=FACE_BOUND('',#6741,.T.);
#7288=FACE_BOUND('',#6742,.T.);
#7289=FACE_BOUND('',#6743,.T.);
#7290=FACE_BOUND('',#6744,.T.);
#7291=FACE_BOUND('',#6745,.T.);
#7292=FACE_BOUND('',#6746,.T.);
#7293=FACE_BOUND('',#6747,.T.);
#7294=FACE_BOUND('',#6748,.T.);
#7295=FACE_BOUND('',#6749,.T.);
#7296=FACE_BOUND('',#6750,.T.);
#7297=FACE_BOUND('',#6751,.T.);
#7298=FACE_BOUND('',#6752,.T.);
#7299=FACE_BOUND('',#6753,.T.);
#7300=FACE_BOUND('',#6754,.T.);
#7301=FACE_BOUND('',#6755,.T.);
#7302=FACE_BOUND('',#6756,.T.);
#7303=FACE_BOUND('',#6757,.T.);
#7304=FACE_BOUND('',#6758,.T.);
#7305=FACE_BOUND('',#6759,.T.);
#7306=FACE_BOUND('',#6760,.T.);
#7307=FACE_BOUND('',#6761,.T.);
#7308=FACE_BOUND('',#6762,.T.);
#7309=FACE_BOUND('',#6763,.T.);
#7310=FACE_BOUND('',#6764,.T.);
#7311=FACE_BOUND('',#6765,.T.);
#7312=FACE_BOUND('',#6766,.T.);
#7313=FACE_BOUND('',#6767,.T.);
#7314=FACE_BOUND('',#6768,.T.);
#7315=FACE_BOUND('',#6769,.T.);
#7316=FACE_BOUND('',#6770,.T.);
#7317=FACE_BOUND('',#6771,.T.);
#7318=FACE_BOUND('',#6772,.T.);
#7319=FACE_BOUND('',#6773,.T.);
#7320=FACE_BOUND('',#6774,.T.);
#7321=FACE_BOUND('',#6775,.T.);
#7322=FACE_BOUND('',#6776,.T.);
#7323=FACE_BOUND('',#6777,.T.);
#7324=FACE_BOUND('',#6778,.T.);
#7325=FACE_BOUND('',#6779,.T.);
#7326=FACE_BOUND('',#6780,.T.);
#7327=FACE_BOUND('',#6781,.T.);
#7328=FACE_BOUND('',#6782,.T.);
#7329=FACE_BOUND('',#6783,.T.);
#7330=FACE_BOUND('',#6784,.T.);
#7331=FACE_BOUND('',#6785,.T.);
#7332=FACE_BOUND('',#6786,.T.);
#7333=FACE_BOUND('',#6787,.T.);
#7334=FACE_BOUND('',#6788,.T.);
#7335=FACE_BOUND('',#6789,.T.);
#7336=FACE_BOUND('',#6790,.T.);
#7337=FACE_BOUND('',#6791,.T.);
#7338=FACE_BOUND('',#6792,.T.);
#7339=FACE_BOUND('',#6793,.T.);
#7340=FACE_BOUND('',#6794,.T.);
#7341=FACE_BOUND('',#6795,.T.);
#7342=FACE_BOUND('',#6796,.T.);
#7343=FACE_BOUND('',#6797,.T.);
#7344=FACE_BOUND('',#6798,.T.);
#7345=FACE_BOUND('',#6799,.T.);
#7346=FACE_BOUND('',#6800,.T.);
#7347=FACE_BOUND('',#6801,.T.);
#7348=FACE_BOUND('',#6802,.T.);
#7349=FACE_BOUND('',#6803,.T.);
#7350=FACE_BOUND('',#6804,.T.);
#7351=FACE_BOUND('',#6805,.T.);
#7352=FACE_BOUND('',#6806,.T.);
#7353=FACE_BOUND('',#6807,.T.);
#7354=FACE_BOUND('',#6808,.T.);
#7355=FACE_BOUND('',#6809,.T.);
#7356=FACE_BOUND('',#6810,.T.);
#7357=FACE_BOUND('',#6811,.T.);
#7358=FACE_BOUND('',#6812,.T.);
#7359=FACE_BOUND('',#6813,.T.);
#7360=FACE_BOUND('',#6814,.T.);
#7361=FACE_BOUND('',#6815,.T.);
#7362=FACE_BOUND('',#6816,.T.);
#7363=FACE_BOUND('',#6817,.T.);
#7364=FACE_BOUND('',#6818,.T.);
#7365=FACE_BOUND('',#6819,.T.);
#7366=FACE_BOUND('',#6820,.T.);
#7367=FACE_BOUND('',#6821,.T.);
#7368=FACE_BOUND('',#6822,.T.);
#7369=FACE_BOUND('',#6823,.T.);
#7370=FACE_BOUND('',#6824,.T.);
#7371=FACE_BOUND('',#6825,.T.);
#7372=FACE_BOUND('',#6826,.T.);
#7373=FACE_BOUND('',#6827,.T.);
#7374=FACE_BOUND('',#6828,.T.);
#7375=FACE_BOUND('',#6829,.T.);
#7376=FACE_BOUND('',#6830,.T.);
#7377=FACE_BOUND('',#6831,.T.);
#7378=FACE_BOUND('',#6832,.T.);
#7379=FACE_BOUND('',#6833,.T.);
#7380=FACE_BOUND('',#6834,.T.);
#7381=FACE_BOUND('',#6835,.T.);
#7382=FACE_BOUND('',#6836,.T.);
#7383=FACE_BOUND('',#6837,.T.);
#7384=FACE_BOUND('',#6838,.T.);
#7385=FACE_BOUND('',#6839,.T.);
#7386=FACE_BOUND('',#6840,.T.);
#7387=FACE_BOUND('',#6841,.T.);
#7388=FACE_BOUND('',#6842,.T.);
#7389=FACE_BOUND('',#6843,.T.);
#7390=FACE_BOUND('',#6844,.T.);
#7391=FACE_BOUND('',#6845,.T.);
#7392=FACE_BOUND('',#6846,.T.);
#7393=FACE_BOUND('',#6847,.T.);
#7394=FACE_BOUND('',#6848,.T.);
#7395=FACE_BOUND('',#6849,.T.);
#7396=FACE_BOUND('',#6850,.T.);
#7397=FACE_BOUND('',#6851,.T.);
#7398=FACE_BOUND('',#6852,.T.);
#7399=FACE_BOUND('',#6853,.T.);
#7400=FACE_BOUND('',#6854,.T.);
#7401=FACE_BOUND('',#6855,.T.);
#7402=FACE_BOUND('',#6856,.T.);
#7403=FACE_BOUND('',#6857,.T.);
#7404=FACE_BOUND('',#6858,.T.);
#7405=FACE_BOUND('',#6859,.T.);
#7406=FACE_BOUND('',#6860,.T.);
#7407=FACE_BOUND('',#6861,.T.);
#7408=FACE_BOUND('',#6862,.T.);
#7409=FACE_BOUND('',#6863,.T.);
#7410=FACE_BOUND('',#6864,.T.);
#7411=FACE_BOUND('',#6865,.T.);
#7412=FACE_BOUND('',#6866,.T.);
#7413=FACE_BOUND('',#6867,.T.);
#7414=FACE_BOUND('',#6868,.T.);
#7415=FACE_BOUND('',#6869,.T.);
#7416=FACE_BOUND('',#6870,.T.);
#7417=FACE_BOUND('',#6871,.T.);
#7418=FACE_BOUND('',#6872,.T.);
#7419=FACE_BOUND('',#6873,.T.);
#7420=FACE_BOUND('',#6874,.T.);
#7421=FACE_BOUND('',#6875,.T.);
#7422=FACE_BOUND('',#6876,.T.);
#7423=FACE_BOUND('',#6877,.T.);
#7424=FACE_BOUND('',#6878,.T.);
#7425=FACE_BOUND('',#6879,.T.);
#7426=FACE_BOUND('',#6880,.T.);
#7427=FACE_BOUND('',#6881,.T.);
#7428=FACE_BOUND('',#6882,.T.);
#7429=FACE_BOUND('',#6883,.T.);
#7430=FACE_BOUND('',#6884,.T.);
#7431=FACE_BOUND('',#6885,.T.);
#7432=FACE_BOUND('',#6886,.T.);
#7433=FACE_BOUND('',#6887,.T.);
#7434=FACE_BOUND('',#6888,.T.);
#7435=FACE_BOUND('',#6889,.T.);
#7436=FACE_BOUND('',#6890,.T.);
#7437=FACE_BOUND('',#6891,.T.);
#7438=FACE_BOUND('',#6892,.T.);
#7439=FACE_BOUND('',#6893,.T.);
#7440=FACE_BOUND('',#6894,.T.);
#7441=FACE_BOUND('',#6895,.T.);
#7442=FACE_BOUND('',#6896,.T.);
#7443=FACE_BOUND('',#6897,.T.);
#7444=FACE_BOUND('',#6898,.T.);
#7445=FACE_BOUND('',#6899,.T.);
#7446=FACE_BOUND('',#6900,.T.);
#7447=FACE_BOUND('',#6901,.T.);
#7448=FACE_BOUND('',#6902,.T.);
#7449=FACE_BOUND('',#6903,.T.);
#7450=FACE_BOUND('',#6904,.T.);
#7451=FACE_BOUND('',#6905,.T.);
#7452=FACE_BOUND('',#6906,.T.);
#7453=FACE_BOUND('',#6907,.T.);
#7454=FACE_BOUND('',#6908,.T.);
#7455=FACE_BOUND('',#6909,.T.);
#7456=FACE_BOUND('',#6910,.T.);
#7457=FACE_BOUND('',#6911,.T.);
#7458=FACE_BOUND('',#6912,.T.);
#7459=FACE_BOUND('',#6913,.T.);
#7460=FACE_BOUND('',#6914,.T.);
#7461=FACE_BOUND('',#6915,.T.);
#7462=FACE_BOUND('',#6916,.T.);
#7463=FACE_BOUND('',#6917,.T.);
#7464=FACE_BOUND('',#6918,.T.);
#7465=FACE_BOUND('',#6919,.T.);
#7466=FACE_BOUND('',#6920,.T.);
#7467=FACE_BOUND('',#6921,.T.);
#7468=FACE_BOUND('',#6922,.T.);
#7469=FACE_BOUND('',#6923,.T.);
#7470=FACE_BOUND('',#6924,.T.);
#7471=FACE_BOUND('',#6925,.T.);
#7472=FACE_BOUND('',#6926,.T.);
#7473=FACE_BOUND('',#6927,.T.);
#7474=FACE_BOUND('',#6928,.T.);
#7475=FACE_BOUND('',#6929,.T.);
#7476=FACE_BOUND('',#6930,.T.);
#7477=FACE_BOUND('',#6931,.T.);
#7478=FACE_BOUND('',#6932,.T.);
#7479=FACE_BOUND('',#6933,.T.);
#7480=FACE_BOUND('',#6934,.T.);
#7481=FACE_BOUND('',#6935,.T.);
#7482=FACE_BOUND('',#6936,.T.);
#7483=FACE_BOUND('',#6937,.T.);
#7484=FACE_BOUND('',#6938,.T.);
#7485=FACE_BOUND('',#6939,.T.);
#7486=FACE_BOUND('',#6940,.T.);
#7487=FACE_BOUND('',#6941,.T.);
#7488=FACE_BOUND('',#6942,.T.);
#7489=FACE_BOUND('',#6943,.T.);
#7490=FACE_BOUND('',#6944,.T.);
#7491=FACE_BOUND('',#6945,.T.);
#7492=FACE_BOUND('',#6946,.T.);
#7493=FACE_BOUND('',#6947,.T.);
#7494=FACE_BOUND('',#6948,.T.);
#7495=FACE_BOUND('',#6949,.T.);
#7496=FACE_BOUND('',#6950,.T.);
#7497=FACE_BOUND('',#6951,.T.);
#7498=FACE_BOUND('',#6952,.T.);
#7499=FACE_BOUND('',#6953,.T.);
#7500=FACE_BOUND('',#6954,.T.);
#7501=FACE_BOUND('',#6955,.T.);
#7502=FACE_BOUND('',#6956,.T.);
#7503=FACE_BOUND('',#6957,.T.);
#7504=FACE_BOUND('',#6958,.T.);
#7505=FACE_BOUND('',#6959,.T.);
#7506=FACE_BOUND('',#6960,.T.);
#7507=FACE_BOUND('',#6961,.T.);
#7508=FACE_BOUND('',#6962,.T.);
#7509=FACE_BOUND('',#6963,.T.);
#7510=FACE_BOUND('',#6964,.T.);
#7511=FACE_BOUND('',#6965,.T.);
#7512=FACE_BOUND('',#6966,.T.);
#7513=FACE_BOUND('',#6967,.T.);
#7514=FACE_BOUND('',#6968,.T.);
#7515=FACE_BOUND('',#6969,.T.);
#7516=FACE_BOUND('',#6970,.T.);
#7517=FACE_BOUND('',#6971,.T.);
#7518=FACE_BOUND('',#6972,.T.);
#7519=FACE_BOUND('',#6973,.T.);
#7520=FACE_BOUND('',#6974,.T.);
#7521=FACE_BOUND('',#6975,.T.);
#7522=FACE_BOUND('',#6976,.T.);
#7523=FACE_BOUND('',#6977,.T.);
#7524=FACE_BOUND('',#6978,.T.);
#7525=FACE_BOUND('',#6979,.T.);
#7526=FACE_BOUND('',#6980,.T.);
#7527=FACE_BOUND('',#6981,.T.);
#7528=FACE_BOUND('',#6982,.T.);
#7529=FACE_BOUND('',#6983,.T.);
#7530=FACE_BOUND('',#6984,.T.);
#7531=FACE_BOUND('',#6985,.T.);
#7532=FACE_BOUND('',#6986,.T.);
#7533=FACE_BOUND('',#6987,.T.);
#7534=FACE_BOUND('',#6988,.T.);
#7535=FACE_BOUND('',#6989,.T.);
#7536=FACE_BOUND('',#6990,.T.);
#7537=FACE_BOUND('',#6991,.T.);
#7538=FACE_BOUND('',#6992,.T.);
#7539=FACE_BOUND('',#6993,.T.);
#7540=FACE_BOUND('',#6994,.T.);
#7541=FACE_BOUND('',#6995,.T.);
#7542=FACE_BOUND('',#6996,.T.);
#7543=FACE_BOUND('',#6997,.T.);
#7544=FACE_BOUND('',#6998,.T.);
#7545=FACE_BOUND('',#6999,.T.);
#7546=FACE_BOUND('',#7000,.T.);
#7547=FACE_BOUND('',#7001,.T.);
#7548=FACE_BOUND('',#7002,.T.);
#7549=FACE_BOUND('',#7003,.T.);
#7550=FACE_BOUND('',#7004,.T.);
#7551=FACE_BOUND('',#7005,.T.);
#7552=FACE_BOUND('',#7006,.T.);
#7553=FACE_BOUND('',#7007,.T.);
#7554=FACE_BOUND('',#7008,.T.);
#7555=FACE_BOUND('',#7009,.T.);
#7556=FACE_BOUND('',#7010,.T.);
#7557=FACE_BOUND('',#7011,.T.);
#7558=FACE_BOUND('',#7012,.T.);
#7559=FACE_BOUND('',#7013,.T.);
#7560=FACE_BOUND('',#7014,.T.);
#7561=FACE_BOUND('',#7015,.T.);
#7562=FACE_BOUND('',#7016,.T.);
#7563=FACE_BOUND('',#7017,.T.);
#7564=FACE_BOUND('',#7018,.T.);
#7565=FACE_BOUND('',#7019,.T.);
#7566=FACE_BOUND('',#7020,.T.);
#7567=FACE_BOUND('',#7021,.T.);
#7568=FACE_BOUND('',#7022,.T.);
#7569=FACE_BOUND('',#7023,.T.);
#7570=FACE_BOUND('',#7024,.T.);
#7571=FACE_BOUND('',#7025,.T.);
#7572=FACE_BOUND('',#7026,.T.);
#7573=FACE_BOUND('',#7027,.T.);
#7574=FACE_BOUND('',#7028,.T.);
#7575=FACE_BOUND('',#7029,.T.);
#7576=FACE_BOUND('',#7030,.T.);
#7577=FACE_BOUND('',#7031,.T.);
#7578=FACE_BOUND('',#7032,.T.);
#7579=FACE_BOUND('',#7033,.T.);
#7580=FACE_BOUND('',#7034,.T.);
#7581=FACE_BOUND('',#7035,.T.);
#7582=FACE_BOUND('',#7036,.T.);
#7583=FACE_BOUND('',#7037,.T.);
#7584=FACE_BOUND('',#7038,.T.);
#7585=FACE_BOUND('',#7039,.T.);
#7586=FACE_BOUND('',#7040,.T.);
#7587=FACE_BOUND('',#7041,.T.);
#7588=FACE_BOUND('',#7042,.T.);
#7589=FACE_BOUND('',#7043,.T.);
#7590=FACE_BOUND('',#7044,.T.);
#7591=FACE_BOUND('',#7045,.T.);
#7592=FACE_BOUND('',#7046,.T.);
#7593=FACE_BOUND('',#7047,.T.);
#7594=FACE_BOUND('',#7048,.T.);
#7595=FACE_BOUND('',#7049,.T.);
#7596=FACE_BOUND('',#7050,.T.);
#7597=FACE_BOUND('',#7051,.T.);
#7598=FACE_BOUND('',#7052,.T.);
#7599=FACE_BOUND('',#7053,.T.);
#7600=FACE_BOUND('',#7054,.T.);
#7601=FACE_BOUND('',#7055,.T.);
#7602=FACE_BOUND('',#7056,.T.);
#7603=FACE_BOUND('',#7057,.T.);
#7604=FACE_BOUND('',#7058,.T.);
#7605=FACE_BOUND('',#7059,.T.);
#7606=FACE_BOUND('',#7060,.T.);
#7607=FACE_BOUND('',#7061,.T.);
#7608=FACE_BOUND('',#7062,.T.);
#7609=FACE_BOUND('',#7063,.T.);
#7610=FACE_BOUND('',#7064,.T.);
#7611=FACE_BOUND('',#7065,.T.);
#7612=FACE_BOUND('',#7066,.T.);
#7613=FACE_BOUND('',#7067,.T.);
#7614=FACE_BOUND('',#7068,.T.);
#7615=FACE_BOUND('',#7069,.T.);
#7616=FACE_BOUND('',#7070,.T.);
#7617=FACE_BOUND('',#7071,.T.);
#7618=FACE_BOUND('',#7072,.T.);
#7619=FACE_BOUND('',#7073,.T.);
#7620=FACE_BOUND('',#7074,.T.);
#7621=FACE_BOUND('',#7075,.T.);
#7622=FACE_BOUND('',#7076,.T.);
#7623=FACE_BOUND('',#7077,.T.);
#7624=FACE_BOUND('',#7078,.T.);
#7625=FACE_BOUND('',#7079,.T.);
#7626=FACE_BOUND('',#7080,.T.);
#7627=FACE_BOUND('',#7081,.T.);
#7628=FACE_BOUND('',#7082,.T.);
#7629=FACE_BOUND('',#7083,.T.);
#7630=FACE_BOUND('',#7084,.T.);
#7631=FACE_BOUND('',#7085,.T.);
#7632=FACE_BOUND('',#7086,.T.);
#7633=FACE_BOUND('',#7087,.T.);
#7634=FACE_BOUND('',#7088,.T.);
#7635=FACE_BOUND('',#7089,.T.);
#7636=FACE_BOUND('',#7090,.T.);
#7637=FACE_BOUND('',#7091,.T.);
#7638=FACE_BOUND('',#7092,.T.);
#7639=FACE_BOUND('',#7093,.T.);
#7640=FACE_BOUND('',#7094,.T.);
#7641=FACE_BOUND('',#7095,.T.);
#7642=FACE_BOUND('',#7096,.T.);
#7643=FACE_BOUND('',#7097,.T.);
#7644=FACE_BOUND('',#7098,.T.);
#7645=FACE_BOUND('',#7099,.T.);
#7646=FACE_BOUND('',#7100,.T.);
#7647=FACE_BOUND('',#7101,.T.);
#7648=FACE_BOUND('',#7102,.T.);
#7649=FACE_BOUND('',#7103,.T.);
#7650=FACE_BOUND('',#7104,.T.);
#7651=FACE_BOUND('',#7105,.T.);
#7652=FACE_BOUND('',#7106,.T.);
#7653=FACE_BOUND('',#7107,.T.);
#7654=FACE_BOUND('',#7108,.T.);
#7655=FACE_BOUND('',#7109,.T.);
#7656=FACE_BOUND('',#7110,.T.);
#7657=FACE_BOUND('',#7111,.T.);
#7658=FACE_BOUND('',#7112,.T.);
#7659=FACE_BOUND('',#7113,.T.);
#7660=FACE_BOUND('',#7114,.T.);
#7661=FACE_BOUND('',#7115,.T.);
#7662=FACE_BOUND('',#7116,.T.);
#7663=FACE_BOUND('',#7117,.T.);
#7664=FACE_BOUND('',#7118,.T.);
#7665=FACE_BOUND('',#7119,.T.);
#7666=FACE_BOUND('',#7120,.T.);
#7667=FACE_BOUND('',#7121,.T.);
#7668=FACE_BOUND('',#7122,.T.);
#7669=FACE_BOUND('',#7123,.T.);
#7670=FACE_BOUND('',#7124,.T.);
#7671=FACE_BOUND('',#7125,.T.);
#7672=FACE_BOUND('',#7126,.T.);
#7673=FACE_BOUND('',#7127,.T.);
#7674=FACE_BOUND('',#7128,.T.);
#7675=FACE_BOUND('',#7129,.T.);
#7676=FACE_BOUND('',#7130,.T.);
#7677=FACE_BOUND('',#7131,.T.);
#7678=FACE_BOUND('',#7132,.T.);
#7679=FACE_BOUND('',#7133,.T.);
#7680=FACE_BOUND('',#7134,.T.);
#7681=FACE_BOUND('',#7135,.T.);
#7682=FACE_BOUND('',#7136,.T.);
#7683=FACE_BOUND('',#7137,.T.);
#7684=FACE_BOUND('',#7138,.T.);
#7685=FACE_BOUND('',#7139,.T.);
#7686=FACE_BOUND('',#7140,.T.);
#7687=FACE_BOUND('',#7141,.T.);
#7688=FACE_BOUND('',#7142,.T.);
#7689=FACE_BOUND('',#7143,.T.);
#7690=FACE_BOUND('',#7144,.T.);
#7691=FACE_BOUND('',#7145,.T.);
#7692=FACE_BOUND('',#7146,.T.);
#7693=FACE_BOUND('',#7147,.T.);
#7694=FACE_BOUND('',#7148,.T.);
#7695=FACE_BOUND('',#7149,.T.);
#7696=FACE_BOUND('',#7150,.T.);
#7697=FACE_BOUND('',#7151,.T.);
#7698=FACE_BOUND('',#7152,.T.);
#7699=FACE_BOUND('',#7153,.T.);
#7700=FACE_BOUND('',#7154,.T.);
#7701=FACE_BOUND('',#7155,.T.);
#7702=FACE_BOUND('',#7156,.T.);
#7703=FACE_BOUND('',#7157,.T.);
#7704=FACE_BOUND('',#7158,.T.);
#7705=FACE_BOUND('',#7159,.T.);
#7706=FACE_BOUND('',#7160,.T.);
#7707=FACE_BOUND('',#7161,.T.);
#7708=FACE_BOUND('',#7162,.T.);
#7709=FACE_BOUND('',#7163,.T.);
#7710=FACE_BOUND('',#7164,.T.);
#7711=FACE_BOUND('',#7165,.T.);
#7712=FACE_BOUND('',#7166,.T.);
#7713=FACE_BOUND('',#7167,.T.);
#7714=FACE_BOUND('',#7168,.T.);
#7715=FACE_BOUND('',#7169,.T.);
#7716=FACE_BOUND('',#7170,.T.);
#7717=FACE_BOUND('',#7171,.T.);
#7718=FACE_BOUND('',#7172,.T.);
#7719=FACE_BOUND('',#7173,.T.);
#7720=FACE_BOUND('',#7174,.T.);
#7721=FACE_BOUND('',#7175,.T.);
#7722=FACE_BOUND('',#7176,.T.);
#7723=FACE_BOUND('',#7177,.T.);
#7724=FACE_BOUND('',#7178,.T.);
#7725=FACE_BOUND('',#7179,.T.);
#7726=FACE_BOUND('',#7180,.T.);
#7727=FACE_BOUND('',#7181,.T.);
#7728=FACE_BOUND('',#7182,.T.);
#7729=FACE_BOUND('',#7183,.T.);
#7730=FACE_BOUND('',#7184,.T.);
#7731=FACE_BOUND('',#7185,.T.);
#7732=FACE_BOUND('',#7186,.T.);
#7733=FACE_BOUND('',#7187,.T.);
#7734=FACE_BOUND('',#7188,.T.);
#7735=FACE_BOUND('',#7189,.T.);
#7736=FACE_BOUND('',#7190,.T.);
#7737=FACE_BOUND('',#7191,.T.);
#7738=FACE_BOUND('',#7192,.T.);
#7739=FACE_BOUND('',#7193,.T.);
#7740=FACE_BOUND('',#7194,.T.);
#7741=FACE_BOUND('',#7195,.T.);
#7742=FACE_BOUND('',#7196,.T.);
#7743=FACE_BOUND('',#7197,.T.);
#7744=FACE_BOUND('',#7198,.T.);
#7745=FACE_BOUND('',#7199,.T.);
#7746=FACE_BOUND('',#7200,.T.);
#7747=FACE_BOUND('',#7201,.T.);
#7748=FACE_BOUND('',#7202,.T.);
#7749=FACE_BOUND('',#7203,.T.);
#7750=FACE_BOUND('',#7204,.T.);
#7751=FACE_BOUND('',#7205,.T.);
#7752=FACE_BOUND('',#7206,.T.);
#7753=FACE_BOUND('',#7207,.T.);
#7754=FACE_BOUND('',#7208,.T.);
#7755=FACE_BOUND('',#7209,.T.);
#7756=FACE_BOUND('',#7210,.T.);
#7757=FACE_BOUND('',#7211,.T.);
#7758=FACE_BOUND('',#7212,.T.);
#7759=FACE_BOUND('',#7213,.T.);
#7760=FACE_BOUND('',#7214,.T.);
#7761=FACE_BOUND('',#7215,.T.);
#7762=FACE_BOUND('',#7216,.T.);
#7763=FACE_BOUND('',#7217,.T.);
#7764=FACE_BOUND('',#7218,.T.);
#7765=FACE_BOUND('',#7219,.T.);
#7766=FACE_BOUND('',#7220,.T.);
#7767=FACE_BOUND('',#7221,.T.);
#7768=FACE_BOUND('',#7222,.T.);
#7769=FACE_BOUND('',#7223,.T.);
#7770=FACE_BOUND('',#7224,.T.);
#7771=FACE_BOUND('',#7225,.T.);
#7772=FACE_BOUND('',#7226,.T.);
#7773=FACE_BOUND('',#7227,.T.);
#7774=FACE_BOUND('',#7228,.T.);
#7775=FACE_BOUND('',#7229,.T.);
#7776=FACE_BOUND('',#7230,.T.);
#7777=FACE_BOUND('',#7231,.T.);
#7778=FACE_BOUND('',#7232,.T.);
#7779=FACE_BOUND('',#7233,.T.);
#7780=FACE_BOUND('',#7234,.T.);
#7781=FACE_BOUND('',#7235,.T.);
#7782=FACE_BOUND('',#7236,.T.);
#7783=FACE_BOUND('',#7237,.T.);
#7784=FACE_BOUND('',#7238,.T.);
#7785=FACE_BOUND('',#7239,.T.);
#7786=FACE_BOUND('',#7240,.T.);
#7787=FACE_BOUND('',#7241,.T.);
#7788=FACE_BOUND('',#7242,.T.);
#7789=FACE_BOUND('',#7243,.T.);
#7790=FACE_BOUND('',#7244,.T.);
#7791=FACE_BOUND('',#7245,.T.);
#7792=FACE_BOUND('',#7246,.T.);
#7793=FACE_BOUND('',#7247,.T.);
#7794=FACE_BOUND('',#7248,.T.);
#7795=FACE_BOUND('',#7249,.T.);
#7796=FACE_BOUND('',#7250,.T.);
#7797=FACE_BOUND('',#7251,.T.);
#7798=FACE_BOUND('',#7252,.T.);
#7799=FACE_BOUND('',#7253,.T.);
#7800=FACE_BOUND('',#7254,.T.);
#7801=FACE_BOUND('',#7255,.T.);
#7802=FACE_BOUND('',#7256,.T.);
#7803=FACE_BOUND('',#7257,.T.);
#7804=FACE_BOUND('',#7258,.T.);
#7805=FACE_BOUND('',#7259,.T.);
#7806=FACE_BOUND('',#7260,.T.);
#7807=FACE_BOUND('',#7261,.T.);
#7808=FACE_BOUND('',#7262,.T.);
#7809=FACE_BOUND('',#7263,.T.);
#7810=FACE_BOUND('',#7264,.T.);
#7811=FACE_BOUND('',#7265,.T.);
#7812=FACE_BOUND('',#7266,.T.);
#7813=FACE_BOUND('',#7267,.T.);
#7814=FACE_BOUND('',#7268,.T.);
#7815=FACE_BOUND('',#7269,.T.);
#7816=FACE_BOUND('',#7270,.T.);
#7817=FACE_BOUND('',#7271,.T.);
#7818=FACE_BOUND('',#7272,.T.);
#7819=FACE_BOUND('',#7273,.T.);
#7820=FACE_BOUND('',#7274,.T.);
#7821=FACE_BOUND('',#7275,.T.);
#7822=FACE_BOUND('',#7276,.T.);
#7823=FACE_BOUND('',#7277,.T.);
#7824=PLANE('',#8667);
#7825=PLANE('',#8669);
#7826=PLANE('',#8671);
#7827=PLANE('',#8672);
#7828=PLANE('',#8673);
#7829=PLANE('',#8674);
#7830=PLANE('',#8675);
#7831=PLANE('',#8676);
#7832=PLANE('',#8677);
#7833=PLANE('',#8678);
#7834=PLANE('',#8679);
#7835=PLANE('',#8680);
#7836=PLANE('',#8681);
#7837=PLANE('',#8682);
#7838=PLANE('',#8683);
#7839=PLANE('',#8684);
#7840=PLANE('',#8686);
#7841=PLANE('',#8687);
#7842=PLANE('',#8688);
#7843=PLANE('',#8689);
#7844=PLANE('',#8690);
#7845=PLANE('',#8692);
#7846=PLANE('',#8693);
#7847=PLANE('',#8694);
#7848=PLANE('',#8695);
#7849=PLANE('',#8696);
#7850=PLANE('',#8697);
#7851=PLANE('',#8698);
#7852=PLANE('',#8699);
#7853=PLANE('',#8700);
#7854=PLANE('',#8701);
#7855=PLANE('',#8702);
#7856=PLANE('',#8703);
#7857=PLANE('',#8704);
#7858=PLANE('',#8705);
#7859=PLANE('',#8706);
#7860=PLANE('',#8707);
#7861=PLANE('',#8708);
#7862=PLANE('',#8709);
#7863=PLANE('',#8710);
#7864=PLANE('',#8718);
#7865=PLANE('',#8719);
#7866=PLANE('',#8720);
#7867=PLANE('',#8721);
#7868=PLANE('',#8722);
#7869=PLANE('',#8723);
#7870=PLANE('',#8724);
#7871=PLANE('',#8725);
#7872=PLANE('',#8726);
#7873=PLANE('',#8727);
#7874=PLANE('',#8728);
#7875=PLANE('',#8729);
#7876=PLANE('',#8730);
#7877=PLANE('',#8731);
#7878=PLANE('',#8732);
#7879=PLANE('',#8733);
#7880=PLANE('',#8734);
#7881=PLANE('',#8735);
#7882=PLANE('',#8736);
#7883=PLANE('',#8737);
#7884=PLANE('',#8738);
#7885=PLANE('',#8739);
#7886=PLANE('',#8740);
#7887=PLANE('',#8741);
#7888=PLANE('',#8742);
#7889=PLANE('',#8743);
#7890=PLANE('',#8744);
#7891=PLANE('',#8745);
#7892=PLANE('',#8746);
#7893=PLANE('',#8747);
#7894=PLANE('',#8748);
#7895=PLANE('',#8749);
#7896=PLANE('',#8750);
#7897=PLANE('',#8751);
#7898=PLANE('',#8752);
#7899=PLANE('',#8753);
#7900=PLANE('',#8754);
#7901=PLANE('',#8755);
#7902=PLANE('',#8756);
#7903=PLANE('',#8757);
#7904=PLANE('',#8758);
#7905=PLANE('',#8759);
#7906=PLANE('',#8760);
#7907=PLANE('',#8761);
#7908=PLANE('',#8762);
#7909=PLANE('',#8763);
#7910=PLANE('',#8764);
#7911=PLANE('',#8765);
#7912=PLANE('',#8766);
#7913=PLANE('',#8767);
#7914=PLANE('',#8768);
#7915=PLANE('',#8769);
#7916=PLANE('',#8770);
#7917=PLANE('',#8771);
#7918=PLANE('',#8772);
#7919=PLANE('',#8773);
#7920=PLANE('',#8774);
#7921=PLANE('',#8775);
#7922=PLANE('',#8776);
#7923=PLANE('',#8777);
#7924=PLANE('',#8778);
#7925=PLANE('',#8779);
#7926=PLANE('',#8780);
#7927=PLANE('',#8781);
#7928=PLANE('',#8782);
#7929=PLANE('',#8785);
#7930=PLANE('',#8788);
#7931=PLANE('',#8789);
#7932=PLANE('',#8790);
#7933=PLANE('',#8793);
#7934=PLANE('',#8796);
#7935=PLANE('',#8799);
#7936=PLANE('',#8802);
#7937=PLANE('',#8803);
#7938=PLANE('',#8804);
#7939=PLANE('',#8807);
#7940=PLANE('',#8810);
#7941=PLANE('',#8813);
#7942=PLANE('',#8816);
#7943=PLANE('',#8817);
#7944=PLANE('',#8818);
#7945=PLANE('',#8821);
#7946=PLANE('',#8824);
#7947=PLANE('',#8827);
#7948=PLANE('',#8830);
#7949=PLANE('',#8831);
#7950=PLANE('',#8832);
#7951=PLANE('',#8835);
#7952=PLANE('',#8838);
#7953=PLANE('',#8841);
#7954=PLANE('',#8844);
#7955=PLANE('',#8845);
#7956=PLANE('',#8846);
#7957=PLANE('',#8849);
#7958=PLANE('',#8852);
#7959=PLANE('',#8855);
#7960=PLANE('',#8858);
#7961=PLANE('',#8859);
#7962=PLANE('',#8860);
#7963=PLANE('',#8863);
#7964=PLANE('',#8866);
#7965=PLANE('',#8869);
#7966=PLANE('',#8872);
#7967=PLANE('',#8873);
#7968=PLANE('',#8874);
#7969=PLANE('',#8877);
#7970=PLANE('',#8880);
#7971=PLANE('',#8883);
#7972=PLANE('',#8886);
#7973=PLANE('',#8887);
#7974=PLANE('',#8888);
#7975=PLANE('',#8891);
#7976=PLANE('',#8894);
#7977=PLANE('',#8897);
#7978=PLANE('',#8900);
#7979=PLANE('',#8901);
#7980=PLANE('',#8902);
#7981=PLANE('',#8905);
#7982=PLANE('',#8908);
#7983=PLANE('',#8911);
#7984=PLANE('',#8914);
#7985=PLANE('',#8915);
#7986=PLANE('',#8916);
#7987=PLANE('',#8919);
#7988=PLANE('',#8922);
#7989=PLANE('',#8925);
#7990=PLANE('',#8928);
#7991=PLANE('',#8929);
#7992=PLANE('',#8930);
#7993=PLANE('',#8933);
#7994=PLANE('',#8936);
#7995=PLANE('',#8939);
#7996=PLANE('',#8942);
#7997=PLANE('',#8943);
#7998=PLANE('',#8944);
#7999=PLANE('',#8947);
#8000=PLANE('',#8950);
#8001=PLANE('',#8953);
#8002=PLANE('',#8956);
#8003=PLANE('',#8957);
#8004=PLANE('',#8958);
#8005=PLANE('',#8961);
#8006=PLANE('',#8964);
#8007=PLANE('',#8967);
#8008=PLANE('',#8970);
#8009=PLANE('',#8971);
#8010=PLANE('',#8972);
#8011=PLANE('',#8975);
#8012=PLANE('',#8978);
#8013=PLANE('',#8981);
#8014=PLANE('',#8984);
#8015=PLANE('',#8985);
#8016=PLANE('',#8986);
#8017=PLANE('',#8989);
#8018=PLANE('',#8992);
#8019=PLANE('',#8995);
#8020=PLANE('',#8998);
#8021=PLANE('',#8999);
#8022=PLANE('',#9000);
#8023=PLANE('',#9003);
#8024=PLANE('',#9006);
#8025=PLANE('',#9009);
#8026=PLANE('',#9012);
#8027=PLANE('',#9013);
#8028=PLANE('',#9014);
#8029=PLANE('',#9017);
#8030=PLANE('',#9020);
#8031=PLANE('',#9023);
#8032=PLANE('',#9026);
#8033=PLANE('',#9027);
#8034=PLANE('',#9028);
#8035=PLANE('',#9031);
#8036=PLANE('',#9034);
#8037=PLANE('',#9037);
#8038=PLANE('',#9040);
#8039=PLANE('',#9041);
#8040=PLANE('',#9042);
#8041=PLANE('',#9045);
#8042=PLANE('',#9048);
#8043=PLANE('',#9051);
#8044=PLANE('',#9054);
#8045=PLANE('',#9055);
#8046=PLANE('',#9056);
#8047=PLANE('',#9057);
#8048=PLANE('',#9058);
#8049=PLANE('',#9061);
#8050=PLANE('',#9064);
#8051=PLANE('',#9065);
#8052=PLANE('',#9066);
#8053=PLANE('',#9067);
#8054=PLANE('',#9068);
#8055=PLANE('',#9069);
#8056=PLANE('',#9070);
#8057=PLANE('',#9071);
#8058=PLANE('',#9072);
#8059=PLANE('',#9073);
#8060=PLANE('',#9074);
#8061=PLANE('',#9075);
#8062=PLANE('',#9076);
#8063=PLANE('',#9077);
#8064=PLANE('',#9078);
#8065=PLANE('',#9079);
#8066=PLANE('',#9080);
#8067=PLANE('',#9081);
#8068=PLANE('',#9082);
#8069=PLANE('',#9083);
#8070=PLANE('',#9084);
#8071=PLANE('',#9086);
#8072=PLANE('',#9088);
#8073=PLANE('',#9090);
#8074=PLANE('',#9092);
#8075=PLANE('',#9094);
#8076=PLANE('',#9096);
#8077=PLANE('',#9098);
#8078=PLANE('',#9100);
#8079=PLANE('',#9102);
#8080=PLANE('',#9104);
#8081=PLANE('',#9106);
#8082=PLANE('',#9108);
#8083=PLANE('',#9110);
#8084=PLANE('',#9112);
#8085=PLANE('',#9114);
#8086=PLANE('',#9116);
#8087=PLANE('',#9118);
#8088=PLANE('',#9120);
#8089=PLANE('',#9122);
#8090=PLANE('',#9124);
#8091=PLANE('',#9125);
#8092=PLANE('',#9126);
#8093=PLANE('',#9148);
#8094=PLANE('',#9168);
#8095=PLANE('',#9188);
#8096=PLANE('',#9189);
#8097=PLANE('',#9190);
#8098=PLANE('',#9191);
#8099=PLANE('',#9192);
#8100=PLANE('',#9193);
#8101=PLANE('',#9194);
#8102=PLANE('',#9195);
#8103=PLANE('',#9196);
#8104=PLANE('',#9197);
#8105=PLANE('',#9198);
#8106=PLANE('',#9199);
#8107=PLANE('',#9200);
#8108=PLANE('',#9201);
#8109=PLANE('',#9202);
#8110=PLANE('',#9203);
#8111=PLANE('',#9204);
#8112=PLANE('',#9205);
#8113=PLANE('',#9206);
#8114=PLANE('',#9207);
#8115=PLANE('',#9208);
#8116=PLANE('',#9210);
#8117=PLANE('',#9211);
#8118=PLANE('',#9213);
#8119=PLANE('',#9214);
#8120=PLANE('',#9215);
#8121=PLANE('',#9216);
#8122=PLANE('',#9217);
#8123=PLANE('',#9338);
#8124=PLANE('',#9339);
#8125=PLANE('',#9340);
#8126=PLANE('',#9341);
#8127=PLANE('',#9342);
#8128=PLANE('',#9343);
#8129=PLANE('',#9344);
#8130=PLANE('',#9345);
#8131=PLANE('',#9346);
#8132=PLANE('',#9347);
#8133=PLANE('',#9348);
#8134=PLANE('',#9349);
#8135=PLANE('',#9350);
#8136=PLANE('',#9351);
#8137=PLANE('',#9352);
#8138=PLANE('',#9353);
#8139=PLANE('',#9354);
#8140=PLANE('',#9355);
#8141=PLANE('',#9356);
#8142=PLANE('',#9357);
#8143=PLANE('',#9358);
#8144=PLANE('',#9359);
#8145=PLANE('',#9360);
#8146=PLANE('',#9361);
#8147=PLANE('',#9362);
#8148=PLANE('',#9363);
#8149=PLANE('',#9364);
#8150=PLANE('',#9365);
#8151=PLANE('',#9366);
#8152=PLANE('',#9367);
#8153=PLANE('',#9368);
#8154=PLANE('',#9369);
#8155=PLANE('',#9370);
#8156=PLANE('',#9371);
#8157=PLANE('',#9372);
#8158=PLANE('',#9373);
#8159=PLANE('',#9374);
#8160=PLANE('',#9375);
#8161=PLANE('',#9376);
#8162=PLANE('',#9377);
#8163=PLANE('',#9378);
#8164=ADVANCED_FACE('',(#7278),#7824,.F.);
#8165=ADVANCED_FACE('',(#7279),#7825,.F.);
#8166=ADVANCED_FACE('',(#7280),#7826,.T.);
#8167=ADVANCED_FACE('',(#7281),#7827,.T.);
#8168=ADVANCED_FACE('',(#7282),#7828,.T.);
#8169=ADVANCED_FACE('',(#7283),#7829,.T.);
#8170=ADVANCED_FACE('',(#7284),#7830,.F.);
#8171=ADVANCED_FACE('',(#7285),#7831,.F.);
#8172=ADVANCED_FACE('',(#7286),#7832,.T.);
#8173=ADVANCED_FACE('',(#7287),#7833,.T.);
#8174=ADVANCED_FACE('',(#7288),#7834,.T.);
#8175=ADVANCED_FACE('',(#7289),#7835,.T.);
#8176=ADVANCED_FACE('',(#7290),#7836,.T.);
#8177=ADVANCED_FACE('',(#7291),#7837,.T.);
#8178=ADVANCED_FACE('',(#7292),#7838,.T.);
#8179=ADVANCED_FACE('',(#7293),#7839,.F.);
#8180=ADVANCED_FACE('',(#7294),#7840,.F.);
#8181=ADVANCED_FACE('',(#7295),#7841,.F.);
#8182=ADVANCED_FACE('',(#7296),#7842,.F.);
#8183=ADVANCED_FACE('',(#7297),#7843,.F.);
#8184=ADVANCED_FACE('',(#7298),#7844,.F.);
#8185=ADVANCED_FACE('',(#7299),#7845,.T.);
#8186=ADVANCED_FACE('',(#7300),#7846,.T.);
#8187=ADVANCED_FACE('',(#7301),#7847,.T.);
#8188=ADVANCED_FACE('',(#7302),#7848,.T.);
#8189=ADVANCED_FACE('',(#7303),#7849,.T.);
#8190=ADVANCED_FACE('',(#7304),#7850,.F.);
#8191=ADVANCED_FACE('',(#7305),#7851,.T.);
#8192=ADVANCED_FACE('',(#7306),#7852,.T.);
#8193=ADVANCED_FACE('',(#7307),#7853,.F.);
#8194=ADVANCED_FACE('',(#7308),#7854,.F.);
#8195=ADVANCED_FACE('',(#7309),#7855,.F.);
#8196=ADVANCED_FACE('',(#7310),#7856,.F.);
#8197=ADVANCED_FACE('',(#7311),#7857,.T.);
#8198=ADVANCED_FACE('',(#7312),#7858,.T.);
#8199=ADVANCED_FACE('',(#7313),#7859,.T.);
#8200=ADVANCED_FACE('',(#7314),#7860,.T.);
#8201=ADVANCED_FACE('',(#7315),#7861,.T.);
#8202=ADVANCED_FACE('',(#7316),#7862,.F.);
#8203=ADVANCED_FACE('',(#7317),#7863,.T.);
#8204=ADVANCED_FACE('',(#7318,#7319),#38,.T.);
#8205=ADVANCED_FACE('',(#7320),#36,.T.);
#8206=ADVANCED_FACE('',(#7321,#7322),#39,.T.);
#8207=ADVANCED_FACE('',(#7323),#37,.T.);
#8208=ADVANCED_FACE('',(#7324),#7864,.F.);
#8209=ADVANCED_FACE('',(#7325),#7865,.F.);
#8210=ADVANCED_FACE('',(#7326),#7866,.T.);
#8211=ADVANCED_FACE('',(#7327),#7867,.T.);
#8212=ADVANCED_FACE('',(#7328),#7868,.F.);
#8213=ADVANCED_FACE('',(#7329),#7869,.F.);
#8214=ADVANCED_FACE('',(#7330),#7870,.F.);
#8215=ADVANCED_FACE('',(#7331),#7871,.F.);
#8216=ADVANCED_FACE('',(#7332),#7872,.F.);
#8217=ADVANCED_FACE('',(#7333),#7873,.F.);
#8218=ADVANCED_FACE('',(#7334),#7874,.F.);
#8219=ADVANCED_FACE('',(#7335),#7875,.F.);
#8220=ADVANCED_FACE('',(#7336),#7876,.F.);
#8221=ADVANCED_FACE('',(#7337),#7877,.F.);
#8222=ADVANCED_FACE('',(#7338),#7878,.F.);
#8223=ADVANCED_FACE('',(#7339),#7879,.F.);
#8224=ADVANCED_FACE('',(#7340),#7880,.F.);
#8225=ADVANCED_FACE('',(#7341),#7881,.F.);
#8226=ADVANCED_FACE('',(#7342),#7882,.F.);
#8227=ADVANCED_FACE('',(#7343),#7883,.F.);
#8228=ADVANCED_FACE('',(#7344),#7884,.F.);
#8229=ADVANCED_FACE('',(#7345),#7885,.F.);
#8230=ADVANCED_FACE('',(#7346),#7886,.F.);
#8231=ADVANCED_FACE('',(#7347),#7887,.F.);
#8232=ADVANCED_FACE('',(#7348),#7888,.F.);
#8233=ADVANCED_FACE('',(#7349),#7889,.F.);
#8234=ADVANCED_FACE('',(#7350),#7890,.F.);
#8235=ADVANCED_FACE('',(#7351),#7891,.F.);
#8236=ADVANCED_FACE('',(#7352),#7892,.F.);
#8237=ADVANCED_FACE('',(#7353),#7893,.F.);
#8238=ADVANCED_FACE('',(#7354),#7894,.F.);
#8239=ADVANCED_FACE('',(#7355),#7895,.F.);
#8240=ADVANCED_FACE('',(#7356),#7896,.F.);
#8241=ADVANCED_FACE('',(#7357),#7897,.F.);
#8242=ADVANCED_FACE('',(#7358),#7898,.F.);
#8243=ADVANCED_FACE('',(#7359),#7899,.F.);
#8244=ADVANCED_FACE('',(#7360),#7900,.F.);
#8245=ADVANCED_FACE('',(#7361),#7901,.F.);
#8246=ADVANCED_FACE('',(#7362),#7902,.F.);
#8247=ADVANCED_FACE('',(#7363),#7903,.F.);
#8248=ADVANCED_FACE('',(#7364),#7904,.F.);
#8249=ADVANCED_FACE('',(#7365),#7905,.F.);
#8250=ADVANCED_FACE('',(#7366),#7906,.F.);
#8251=ADVANCED_FACE('',(#7367),#7907,.F.);
#8252=ADVANCED_FACE('',(#7368),#7908,.F.);
#8253=ADVANCED_FACE('',(#7369),#7909,.F.);
#8254=ADVANCED_FACE('',(#7370),#7910,.F.);
#8255=ADVANCED_FACE('',(#7371),#7911,.F.);
#8256=ADVANCED_FACE('',(#7372),#7912,.F.);
#8257=ADVANCED_FACE('',(#7373),#7913,.F.);
#8258=ADVANCED_FACE('',(#7374),#7914,.F.);
#8259=ADVANCED_FACE('',(#7375),#7915,.F.);
#8260=ADVANCED_FACE('',(#7376),#7916,.F.);
#8261=ADVANCED_FACE('',(#7377),#7917,.F.);
#8262=ADVANCED_FACE('',(#7378),#7918,.F.);
#8263=ADVANCED_FACE('',(#7379),#7919,.F.);
#8264=ADVANCED_FACE('',(#7380),#7920,.F.);
#8265=ADVANCED_FACE('',(#7381),#7921,.F.);
#8266=ADVANCED_FACE('',(#7382),#7922,.F.);
#8267=ADVANCED_FACE('',(#7383),#7923,.F.);
#8268=ADVANCED_FACE('',(#7384),#7924,.F.);
#8269=ADVANCED_FACE('',(#7385),#7925,.F.);
#8270=ADVANCED_FACE('',(#7386),#7926,.F.);
#8271=ADVANCED_FACE('',(#7387),#7927,.F.);
#8272=ADVANCED_FACE('',(#7388),#7928,.T.);
#8273=ADVANCED_FACE('',(#7389),#7929,.T.);
#8274=ADVANCED_FACE('',(#7390),#7930,.T.);
#8275=ADVANCED_FACE('',(#7391),#7931,.T.);
#8276=ADVANCED_FACE('',(#7392),#7932,.T.);
#8277=ADVANCED_FACE('',(#7393),#7933,.T.);
#8278=ADVANCED_FACE('',(#7394),#7934,.T.);
#8279=ADVANCED_FACE('',(#7395),#7935,.T.);
#8280=ADVANCED_FACE('',(#7396),#7936,.T.);
#8281=ADVANCED_FACE('',(#7397),#7937,.T.);
#8282=ADVANCED_FACE('',(#7398),#7938,.T.);
#8283=ADVANCED_FACE('',(#7399),#7939,.T.);
#8284=ADVANCED_FACE('',(#7400),#7940,.T.);
#8285=ADVANCED_FACE('',(#7401),#7941,.T.);
#8286=ADVANCED_FACE('',(#7402),#7942,.T.);
#8287=ADVANCED_FACE('',(#7403),#7943,.T.);
#8288=ADVANCED_FACE('',(#7404),#7944,.T.);
#8289=ADVANCED_FACE('',(#7405),#7945,.T.);
#8290=ADVANCED_FACE('',(#7406),#7946,.T.);
#8291=ADVANCED_FACE('',(#7407),#7947,.T.);
#8292=ADVANCED_FACE('',(#7408),#7948,.T.);
#8293=ADVANCED_FACE('',(#7409),#7949,.T.);
#8294=ADVANCED_FACE('',(#7410),#7950,.T.);
#8295=ADVANCED_FACE('',(#7411),#7951,.T.);
#8296=ADVANCED_FACE('',(#7412),#7952,.T.);
#8297=ADVANCED_FACE('',(#7413),#7953,.T.);
#8298=ADVANCED_FACE('',(#7414),#7954,.T.);
#8299=ADVANCED_FACE('',(#7415),#7955,.T.);
#8300=ADVANCED_FACE('',(#7416),#7956,.T.);
#8301=ADVANCED_FACE('',(#7417),#7957,.T.);
#8302=ADVANCED_FACE('',(#7418),#7958,.T.);
#8303=ADVANCED_FACE('',(#7419),#7959,.T.);
#8304=ADVANCED_FACE('',(#7420),#7960,.T.);
#8305=ADVANCED_FACE('',(#7421),#7961,.T.);
#8306=ADVANCED_FACE('',(#7422),#7962,.T.);
#8307=ADVANCED_FACE('',(#7423),#7963,.T.);
#8308=ADVANCED_FACE('',(#7424),#7964,.T.);
#8309=ADVANCED_FACE('',(#7425),#7965,.T.);
#8310=ADVANCED_FACE('',(#7426),#7966,.T.);
#8311=ADVANCED_FACE('',(#7427),#7967,.T.);
#8312=ADVANCED_FACE('',(#7428),#7968,.T.);
#8313=ADVANCED_FACE('',(#7429),#7969,.T.);
#8314=ADVANCED_FACE('',(#7430),#7970,.T.);
#8315=ADVANCED_FACE('',(#7431),#7971,.T.);
#8316=ADVANCED_FACE('',(#7432),#7972,.T.);
#8317=ADVANCED_FACE('',(#7433),#7973,.T.);
#8318=ADVANCED_FACE('',(#7434),#7974,.T.);
#8319=ADVANCED_FACE('',(#7435),#7975,.T.);
#8320=ADVANCED_FACE('',(#7436),#7976,.T.);
#8321=ADVANCED_FACE('',(#7437),#7977,.T.);
#8322=ADVANCED_FACE('',(#7438),#7978,.T.);
#8323=ADVANCED_FACE('',(#7439),#7979,.T.);
#8324=ADVANCED_FACE('',(#7440),#7980,.T.);
#8325=ADVANCED_FACE('',(#7441),#7981,.T.);
#8326=ADVANCED_FACE('',(#7442),#7982,.T.);
#8327=ADVANCED_FACE('',(#7443),#7983,.T.);
#8328=ADVANCED_FACE('',(#7444),#7984,.T.);
#8329=ADVANCED_FACE('',(#7445),#7985,.T.);
#8330=ADVANCED_FACE('',(#7446),#7986,.T.);
#8331=ADVANCED_FACE('',(#7447),#7987,.T.);
#8332=ADVANCED_FACE('',(#7448),#7988,.T.);
#8333=ADVANCED_FACE('',(#7449),#7989,.T.);
#8334=ADVANCED_FACE('',(#7450),#7990,.T.);
#8335=ADVANCED_FACE('',(#7451),#7991,.T.);
#8336=ADVANCED_FACE('',(#7452),#7992,.T.);
#8337=ADVANCED_FACE('',(#7453),#7993,.T.);
#8338=ADVANCED_FACE('',(#7454),#7994,.T.);
#8339=ADVANCED_FACE('',(#7455),#7995,.T.);
#8340=ADVANCED_FACE('',(#7456),#7996,.T.);
#8341=ADVANCED_FACE('',(#7457),#7997,.T.);
#8342=ADVANCED_FACE('',(#7458),#7998,.T.);
#8343=ADVANCED_FACE('',(#7459),#7999,.T.);
#8344=ADVANCED_FACE('',(#7460),#8000,.T.);
#8345=ADVANCED_FACE('',(#7461),#8001,.T.);
#8346=ADVANCED_FACE('',(#7462),#8002,.T.);
#8347=ADVANCED_FACE('',(#7463),#8003,.T.);
#8348=ADVANCED_FACE('',(#7464),#8004,.T.);
#8349=ADVANCED_FACE('',(#7465),#8005,.T.);
#8350=ADVANCED_FACE('',(#7466),#8006,.T.);
#8351=ADVANCED_FACE('',(#7467),#8007,.T.);
#8352=ADVANCED_FACE('',(#7468),#8008,.T.);
#8353=ADVANCED_FACE('',(#7469),#8009,.T.);
#8354=ADVANCED_FACE('',(#7470),#8010,.T.);
#8355=ADVANCED_FACE('',(#7471),#8011,.T.);
#8356=ADVANCED_FACE('',(#7472),#8012,.T.);
#8357=ADVANCED_FACE('',(#7473),#8013,.T.);
#8358=ADVANCED_FACE('',(#7474),#8014,.T.);
#8359=ADVANCED_FACE('',(#7475),#8015,.T.);
#8360=ADVANCED_FACE('',(#7476),#8016,.T.);
#8361=ADVANCED_FACE('',(#7477),#8017,.T.);
#8362=ADVANCED_FACE('',(#7478),#8018,.T.);
#8363=ADVANCED_FACE('',(#7479),#8019,.T.);
#8364=ADVANCED_FACE('',(#7480),#8020,.T.);
#8365=ADVANCED_FACE('',(#7481),#8021,.T.);
#8366=ADVANCED_FACE('',(#7482),#8022,.T.);
#8367=ADVANCED_FACE('',(#7483),#8023,.T.);
#8368=ADVANCED_FACE('',(#7484),#8024,.T.);
#8369=ADVANCED_FACE('',(#7485),#8025,.T.);
#8370=ADVANCED_FACE('',(#7486),#8026,.T.);
#8371=ADVANCED_FACE('',(#7487),#8027,.T.);
#8372=ADVANCED_FACE('',(#7488),#8028,.T.);
#8373=ADVANCED_FACE('',(#7489),#8029,.T.);
#8374=ADVANCED_FACE('',(#7490),#8030,.T.);
#8375=ADVANCED_FACE('',(#7491),#8031,.T.);
#8376=ADVANCED_FACE('',(#7492),#8032,.T.);
#8377=ADVANCED_FACE('',(#7493),#8033,.T.);
#8378=ADVANCED_FACE('',(#7494),#8034,.T.);
#8379=ADVANCED_FACE('',(#7495),#8035,.T.);
#8380=ADVANCED_FACE('',(#7496),#8036,.T.);
#8381=ADVANCED_FACE('',(#7497),#8037,.T.);
#8382=ADVANCED_FACE('',(#7498),#8038,.T.);
#8383=ADVANCED_FACE('',(#7499),#8039,.T.);
#8384=ADVANCED_FACE('',(#7500),#8040,.T.);
#8385=ADVANCED_FACE('',(#7501),#8041,.T.);
#8386=ADVANCED_FACE('',(#7502),#8042,.T.);
#8387=ADVANCED_FACE('',(#7503),#8043,.T.);
#8388=ADVANCED_FACE('',(#7504),#8044,.T.);
#8389=ADVANCED_FACE('',(#7505),#8045,.T.);
#8390=ADVANCED_FACE('',(#7506),#8046,.T.);
#8391=ADVANCED_FACE('',(#7507),#8047,.T.);
#8392=ADVANCED_FACE('',(#7508),#8048,.T.);
#8393=ADVANCED_FACE('',(#7509),#8049,.T.);
#8394=ADVANCED_FACE('',(#7510),#8050,.F.);
#8395=ADVANCED_FACE('',(#7511),#8051,.F.);
#8396=ADVANCED_FACE('',(#7512),#8052,.F.);
#8397=ADVANCED_FACE('',(#7513),#8053,.F.);
#8398=ADVANCED_FACE('',(#7514),#8054,.F.);
#8399=ADVANCED_FACE('',(#7515),#8055,.F.);
#8400=ADVANCED_FACE('',(#7516),#8056,.F.);
#8401=ADVANCED_FACE('',(#7517),#8057,.F.);
#8402=ADVANCED_FACE('',(#7518),#8058,.F.);
#8403=ADVANCED_FACE('',(#7519),#8059,.F.);
#8404=ADVANCED_FACE('',(#7520),#8060,.F.);
#8405=ADVANCED_FACE('',(#7521),#8061,.F.);
#8406=ADVANCED_FACE('',(#7522),#8062,.F.);
#8407=ADVANCED_FACE('',(#7523),#8063,.F.);
#8408=ADVANCED_FACE('',(#7524),#8064,.F.);
#8409=ADVANCED_FACE('',(#7525),#8065,.F.);
#8410=ADVANCED_FACE('',(#7526),#8066,.F.);
#8411=ADVANCED_FACE('',(#7527),#8067,.F.);
#8412=ADVANCED_FACE('',(#7528),#8068,.F.);
#8413=ADVANCED_FACE('',(#7529),#8069,.F.);
#8414=ADVANCED_FACE('',(#7530),#8070,.T.);
#8415=ADVANCED_FACE('',(#7531),#40,.F.);
#8416=ADVANCED_FACE('',(#7532),#8071,.T.);
#8417=ADVANCED_FACE('',(#7533),#41,.F.);
#8418=ADVANCED_FACE('',(#7534),#8072,.T.);
#8419=ADVANCED_FACE('',(#7535),#42,.F.);
#8420=ADVANCED_FACE('',(#7536),#8073,.T.);
#8421=ADVANCED_FACE('',(#7537),#43,.F.);
#8422=ADVANCED_FACE('',(#7538),#8074,.T.);
#8423=ADVANCED_FACE('',(#7539),#44,.F.);
#8424=ADVANCED_FACE('',(#7540),#8075,.T.);
#8425=ADVANCED_FACE('',(#7541),#45,.F.);
#8426=ADVANCED_FACE('',(#7542),#8076,.T.);
#8427=ADVANCED_FACE('',(#7543),#46,.F.);
#8428=ADVANCED_FACE('',(#7544),#8077,.T.);
#8429=ADVANCED_FACE('',(#7545),#47,.F.);
#8430=ADVANCED_FACE('',(#7546),#8078,.T.);
#8431=ADVANCED_FACE('',(#7547),#48,.F.);
#8432=ADVANCED_FACE('',(#7548),#8079,.T.);
#8433=ADVANCED_FACE('',(#7549),#49,.F.);
#8434=ADVANCED_FACE('',(#7550),#8080,.T.);
#8435=ADVANCED_FACE('',(#7551),#50,.F.);
#8436=ADVANCED_FACE('',(#7552),#8081,.T.);
#8437=ADVANCED_FACE('',(#7553),#51,.F.);
#8438=ADVANCED_FACE('',(#7554),#8082,.T.);
#8439=ADVANCED_FACE('',(#7555),#52,.F.);
#8440=ADVANCED_FACE('',(#7556),#8083,.T.);
#8441=ADVANCED_FACE('',(#7557),#53,.F.);
#8442=ADVANCED_FACE('',(#7558),#8084,.T.);
#8443=ADVANCED_FACE('',(#7559),#54,.F.);
#8444=ADVANCED_FACE('',(#7560),#8085,.T.);
#8445=ADVANCED_FACE('',(#7561),#55,.F.);
#8446=ADVANCED_FACE('',(#7562),#8086,.T.);
#8447=ADVANCED_FACE('',(#7563),#56,.F.);
#8448=ADVANCED_FACE('',(#7564),#8087,.T.);
#8449=ADVANCED_FACE('',(#7565),#57,.F.);
#8450=ADVANCED_FACE('',(#7566),#8088,.T.);
#8451=ADVANCED_FACE('',(#7567),#58,.F.);
#8452=ADVANCED_FACE('',(#7568),#8089,.T.);
#8453=ADVANCED_FACE('',(#7569),#59,.F.);
#8454=ADVANCED_FACE('',(#7570),#8090,.T.);
#8455=ADVANCED_FACE('',(#7571),#8091,.T.);
#8456=ADVANCED_FACE('',(#7572),#8092,.T.);
#8457=ADVANCED_FACE('',(#7573),#60,.T.);
#8458=ADVANCED_FACE('',(#7574),#61,.T.);
#8459=ADVANCED_FACE('',(#7575),#62,.T.);
#8460=ADVANCED_FACE('',(#7576),#63,.T.);
#8461=ADVANCED_FACE('',(#7577),#64,.T.);
#8462=ADVANCED_FACE('',(#7578),#65,.T.);
#8463=ADVANCED_FACE('',(#7579),#66,.T.);
#8464=ADVANCED_FACE('',(#7580),#67,.T.);
#8465=ADVANCED_FACE('',(#7581),#68,.T.);
#8466=ADVANCED_FACE('',(#7582),#69,.T.);
#8467=ADVANCED_FACE('',(#7583),#70,.T.);
#8468=ADVANCED_FACE('',(#7584),#71,.T.);
#8469=ADVANCED_FACE('',(#7585),#72,.T.);
#8470=ADVANCED_FACE('',(#7586),#73,.T.);
#8471=ADVANCED_FACE('',(#7587),#74,.T.);
#8472=ADVANCED_FACE('',(#7588),#75,.T.);
#8473=ADVANCED_FACE('',(#7589),#76,.T.);
#8474=ADVANCED_FACE('',(#7590),#77,.T.);
#8475=ADVANCED_FACE('',(#7591),#78,.T.);
#8476=ADVANCED_FACE('',(#7592),#79,.T.);
#8477=ADVANCED_FACE('',(#7593),#80,.T.);
#8478=ADVANCED_FACE('',(#7594),#8093,.T.);
#8479=ADVANCED_FACE('',(#7595),#81,.T.);
#8480=ADVANCED_FACE('',(#7596),#82,.T.);
#8481=ADVANCED_FACE('',(#7597),#83,.T.);
#8482=ADVANCED_FACE('',(#7598),#84,.T.);
#8483=ADVANCED_FACE('',(#7599),#85,.T.);
#8484=ADVANCED_FACE('',(#7600),#86,.T.);
#8485=ADVANCED_FACE('',(#7601),#87,.T.);
#8486=ADVANCED_FACE('',(#7602),#88,.T.);
#8487=ADVANCED_FACE('',(#7603),#89,.T.);
#8488=ADVANCED_FACE('',(#7604),#90,.T.);
#8489=ADVANCED_FACE('',(#7605),#91,.T.);
#8490=ADVANCED_FACE('',(#7606),#92,.T.);
#8491=ADVANCED_FACE('',(#7607),#93,.T.);
#8492=ADVANCED_FACE('',(#7608),#94,.T.);
#8493=ADVANCED_FACE('',(#7609),#95,.T.);
#8494=ADVANCED_FACE('',(#7610),#96,.T.);
#8495=ADVANCED_FACE('',(#7611),#97,.T.);
#8496=ADVANCED_FACE('',(#7612),#98,.T.);
#8497=ADVANCED_FACE('',(#7613),#99,.T.);
#8498=ADVANCED_FACE('',(#7614),#8094,.T.);
#8499=ADVANCED_FACE('',(#7615),#100,.F.);
#8500=ADVANCED_FACE('',(#7616),#101,.F.);
#8501=ADVANCED_FACE('',(#7617),#102,.F.);
#8502=ADVANCED_FACE('',(#7618),#103,.F.);
#8503=ADVANCED_FACE('',(#7619),#104,.F.);
#8504=ADVANCED_FACE('',(#7620),#105,.F.);
#8505=ADVANCED_FACE('',(#7621),#106,.F.);
#8506=ADVANCED_FACE('',(#7622),#107,.F.);
#8507=ADVANCED_FACE('',(#7623),#108,.F.);
#8508=ADVANCED_FACE('',(#7624),#109,.F.);
#8509=ADVANCED_FACE('',(#7625),#110,.F.);
#8510=ADVANCED_FACE('',(#7626),#111,.F.);
#8511=ADVANCED_FACE('',(#7627),#112,.F.);
#8512=ADVANCED_FACE('',(#7628),#113,.F.);
#8513=ADVANCED_FACE('',(#7629),#114,.F.);
#8514=ADVANCED_FACE('',(#7630),#115,.F.);
#8515=ADVANCED_FACE('',(#7631),#116,.F.);
#8516=ADVANCED_FACE('',(#7632),#117,.F.);
#8517=ADVANCED_FACE('',(#7633),#118,.F.);
#8518=ADVANCED_FACE('',(#7634),#8095,.T.);
#8519=ADVANCED_FACE('',(#7635),#8096,.T.);
#8520=ADVANCED_FACE('',(#7636),#8097,.T.);
#8521=ADVANCED_FACE('',(#7637),#8098,.T.);
#8522=ADVANCED_FACE('',(#7638),#8099,.T.);
#8523=ADVANCED_FACE('',(#7639),#8100,.T.);
#8524=ADVANCED_FACE('',(#7640),#8101,.T.);
#8525=ADVANCED_FACE('',(#7641),#8102,.T.);
#8526=ADVANCED_FACE('',(#7642),#8103,.T.);
#8527=ADVANCED_FACE('',(#7643),#8104,.T.);
#8528=ADVANCED_FACE('',(#7644),#8105,.T.);
#8529=ADVANCED_FACE('',(#7645),#8106,.T.);
#8530=ADVANCED_FACE('',(#7646),#8107,.T.);
#8531=ADVANCED_FACE('',(#7647),#8108,.T.);
#8532=ADVANCED_FACE('',(#7648),#8109,.T.);
#8533=ADVANCED_FACE('',(#7649),#8110,.T.);
#8534=ADVANCED_FACE('',(#7650),#8111,.T.);
#8535=ADVANCED_FACE('',(#7651),#8112,.T.);
#8536=ADVANCED_FACE('',(#7652),#8113,.T.);
#8537=ADVANCED_FACE('',(#7653),#8114,.T.);
#8538=ADVANCED_FACE('',(#7654),#8115,.T.);
#8539=ADVANCED_FACE('',(#7655),#119,.F.);
#8540=ADVANCED_FACE('',(#7656),#8116,.T.);
#8541=ADVANCED_FACE('',(#7657),#8117,.T.);
#8542=ADVANCED_FACE('',(#7658),#8118,.F.);
#8543=ADVANCED_FACE('',(#7659),#8119,.F.);
#8544=ADVANCED_FACE('',(#7660),#8120,.T.);
#8545=ADVANCED_FACE('',(#7661),#8121,.T.);
#8546=ADVANCED_FACE('',(#7662,#7663,#7664,#7665,#7666,#7667,#7668,#7669,
#7670,#7671,#7672,#7673,#7674,#7675,#7676,#7677,#7678,#7679,#7680,#7681,
#7682,#7683,#7684,#7685,#7686,#7687,#7688,#7689,#7690,#7691,#7692,#7693,
#7694,#7695,#7696,#7697,#7698,#7699,#7700,#7701,#7702),#8122,.T.);
#8547=ADVANCED_FACE('',(#7703,#7704),#120,.T.);
#8548=ADVANCED_FACE('',(#7705,#7706),#121,.T.);
#8549=ADVANCED_FACE('',(#7707,#7708),#122,.T.);
#8550=ADVANCED_FACE('',(#7709,#7710),#123,.T.);
#8551=ADVANCED_FACE('',(#7711,#7712),#124,.T.);
#8552=ADVANCED_FACE('',(#7713,#7714),#125,.T.);
#8553=ADVANCED_FACE('',(#7715,#7716),#126,.T.);
#8554=ADVANCED_FACE('',(#7717,#7718),#127,.T.);
#8555=ADVANCED_FACE('',(#7719,#7720),#128,.T.);
#8556=ADVANCED_FACE('',(#7721,#7722),#129,.T.);
#8557=ADVANCED_FACE('',(#7723,#7724),#130,.T.);
#8558=ADVANCED_FACE('',(#7725,#7726),#131,.T.);
#8559=ADVANCED_FACE('',(#7727,#7728),#132,.T.);
#8560=ADVANCED_FACE('',(#7729,#7730),#133,.T.);
#8561=ADVANCED_FACE('',(#7731,#7732),#134,.T.);
#8562=ADVANCED_FACE('',(#7733,#7734),#135,.T.);
#8563=ADVANCED_FACE('',(#7735,#7736),#136,.T.);
#8564=ADVANCED_FACE('',(#7737,#7738),#137,.T.);
#8565=ADVANCED_FACE('',(#7739,#7740),#138,.T.);
#8566=ADVANCED_FACE('',(#7741,#7742),#139,.T.);
#8567=ADVANCED_FACE('',(#7743,#7744),#140,.T.);
#8568=ADVANCED_FACE('',(#7745,#7746),#141,.T.);
#8569=ADVANCED_FACE('',(#7747,#7748),#142,.T.);
#8570=ADVANCED_FACE('',(#7749,#7750),#143,.T.);
#8571=ADVANCED_FACE('',(#7751,#7752),#144,.T.);
#8572=ADVANCED_FACE('',(#7753,#7754),#145,.T.);
#8573=ADVANCED_FACE('',(#7755,#7756),#146,.T.);
#8574=ADVANCED_FACE('',(#7757,#7758),#147,.T.);
#8575=ADVANCED_FACE('',(#7759,#7760),#148,.T.);
#8576=ADVANCED_FACE('',(#7761,#7762),#149,.T.);
#8577=ADVANCED_FACE('',(#7763,#7764),#150,.T.);
#8578=ADVANCED_FACE('',(#7765,#7766),#151,.T.);
#8579=ADVANCED_FACE('',(#7767,#7768),#152,.T.);
#8580=ADVANCED_FACE('',(#7769,#7770),#153,.T.);
#8581=ADVANCED_FACE('',(#7771,#7772),#154,.T.);
#8582=ADVANCED_FACE('',(#7773,#7774),#155,.T.);
#8583=ADVANCED_FACE('',(#7775,#7776),#156,.T.);
#8584=ADVANCED_FACE('',(#7777,#7778),#157,.T.);
#8585=ADVANCED_FACE('',(#7779,#7780),#158,.T.);
#8586=ADVANCED_FACE('',(#7781,#7782),#159,.T.);
#8587=ADVANCED_FACE('',(#7783),#8123,.T.);
#8588=ADVANCED_FACE('',(#7784),#8124,.T.);
#8589=ADVANCED_FACE('',(#7785),#8125,.T.);
#8590=ADVANCED_FACE('',(#7786),#8126,.T.);
#8591=ADVANCED_FACE('',(#7787),#8127,.T.);
#8592=ADVANCED_FACE('',(#7788),#8128,.T.);
#8593=ADVANCED_FACE('',(#7789),#8129,.T.);
#8594=ADVANCED_FACE('',(#7790),#8130,.T.);
#8595=ADVANCED_FACE('',(#7791),#8131,.T.);
#8596=ADVANCED_FACE('',(#7792),#8132,.T.);
#8597=ADVANCED_FACE('',(#7793),#8133,.T.);
#8598=ADVANCED_FACE('',(#7794),#8134,.T.);
#8599=ADVANCED_FACE('',(#7795),#8135,.T.);
#8600=ADVANCED_FACE('',(#7796),#8136,.T.);
#8601=ADVANCED_FACE('',(#7797),#8137,.T.);
#8602=ADVANCED_FACE('',(#7798),#8138,.T.);
#8603=ADVANCED_FACE('',(#7799),#8139,.T.);
#8604=ADVANCED_FACE('',(#7800),#8140,.T.);
#8605=ADVANCED_FACE('',(#7801),#8141,.T.);
#8606=ADVANCED_FACE('',(#7802),#8142,.T.);
#8607=ADVANCED_FACE('',(#7803),#8143,.T.);
#8608=ADVANCED_FACE('',(#7804),#8144,.T.);
#8609=ADVANCED_FACE('',(#7805),#8145,.T.);
#8610=ADVANCED_FACE('',(#7806),#8146,.T.);
#8611=ADVANCED_FACE('',(#7807),#8147,.T.);
#8612=ADVANCED_FACE('',(#7808),#8148,.T.);
#8613=ADVANCED_FACE('',(#7809),#8149,.T.);
#8614=ADVANCED_FACE('',(#7810),#8150,.T.);
#8615=ADVANCED_FACE('',(#7811),#8151,.T.);
#8616=ADVANCED_FACE('',(#7812),#8152,.T.);
#8617=ADVANCED_FACE('',(#7813),#8153,.T.);
#8618=ADVANCED_FACE('',(#7814),#8154,.T.);
#8619=ADVANCED_FACE('',(#7815),#8155,.T.);
#8620=ADVANCED_FACE('',(#7816),#8156,.T.);
#8621=ADVANCED_FACE('',(#7817),#8157,.T.);
#8622=ADVANCED_FACE('',(#7818),#8158,.T.);
#8623=ADVANCED_FACE('',(#7819),#8159,.T.);
#8624=ADVANCED_FACE('',(#7820),#8160,.T.);
#8625=ADVANCED_FACE('',(#7821),#8161,.T.);
#8626=ADVANCED_FACE('',(#7822),#8162,.T.);
#8627=ADVANCED_FACE('',(#7823),#8163,.T.);
#8628=CLOSED_SHELL('',(#8164,#8165,#8166,#8167,#8168,#8169,#8170,#8171,
#8172,#8173,#8174,#8175,#8176,#8177,#8178,#8179,#8180,#8181,#8182,#8183,
#8184,#8185,#8186,#8187,#8188,#8189,#8190,#8191,#8192,#8193,#8194,#8195,
#8196,#8197,#8198,#8199,#8200,#8201,#8202,#8203,#8204,#8205,#8206,#8207));
#8629=CLOSED_SHELL('',(#8208,#8209,#8210,#8211,#8212,#8213,#8214,#8215,
#8216,#8217,#8218,#8219,#8220,#8221,#8222,#8223,#8224,#8225,#8226,#8227,
#8228,#8229,#8230,#8231,#8232,#8233,#8234,#8235,#8236,#8237,#8238,#8239,
#8240,#8241,#8242,#8243,#8244,#8245,#8246,#8247,#8248,#8249,#8250,#8251,
#8252,#8253,#8254,#8255,#8256,#8257,#8258,#8259,#8260,#8261,#8262,#8263,
#8264,#8265,#8266,#8267,#8268,#8269,#8270,#8271,#8272,#8273,#8274,#8275,
#8276,#8277,#8278,#8279,#8280,#8281,#8282,#8283,#8284,#8285,#8286,#8287,
#8288,#8289,#8290,#8291,#8292,#8293,#8294,#8295,#8296,#8297,#8298,#8299,
#8300,#8301,#8302,#8303,#8304,#8305,#8306,#8307,#8308,#8309,#8310,#8311,
#8312,#8313,#8314,#8315,#8316,#8317,#8318,#8319,#8320,#8321,#8322,#8323,
#8324,#8325,#8326,#8327,#8328,#8329,#8330,#8331,#8332,#8333,#8334,#8335,
#8336,#8337,#8338,#8339,#8340,#8341,#8342,#8343,#8344,#8345,#8346,#8347,
#8348,#8349,#8350,#8351,#8352,#8353,#8354,#8355,#8356,#8357,#8358,#8359,
#8360,#8361,#8362,#8363,#8364,#8365,#8366,#8367,#8368,#8369,#8370,#8371,
#8372,#8373,#8374,#8375,#8376,#8377,#8378,#8379,#8380,#8381,#8382,#8383,
#8384,#8385,#8386,#8387,#8388,#8389,#8390,#8391,#8392,#8393,#8394,#8395,
#8396,#8397,#8398,#8399,#8400,#8401,#8402,#8403,#8404,#8405,#8406,#8407,
#8408,#8409,#8410,#8411,#8412,#8413,#8414,#8415,#8416,#8417,#8418,#8419,
#8420,#8421,#8422,#8423,#8424,#8425,#8426,#8427,#8428,#8429,#8430,#8431,
#8432,#8433,#8434,#8435,#8436,#8437,#8438,#8439,#8440,#8441,#8442,#8443,
#8444,#8445,#8446,#8447,#8448,#8449,#8450,#8451,#8452,#8453,#8454,#8455,
#8456,#8457,#8458,#8459,#8460,#8461,#8462,#8463,#8464,#8465,#8466,#8467,
#8468,#8469,#8470,#8471,#8472,#8473,#8474,#8475,#8476,#8477,#8478,#8479,
#8480,#8481,#8482,#8483,#8484,#8485,#8486,#8487,#8488,#8489,#8490,#8491,
#8492,#8493,#8494,#8495,#8496,#8497,#8498,#8499,#8500,#8501,#8502,#8503,
#8504,#8505,#8506,#8507,#8508,#8509,#8510,#8511,#8512,#8513,#8514,#8515,
#8516,#8517,#8518,#8519,#8520,#8521,#8522,#8523,#8524,#8525,#8526,#8527,
#8528,#8529,#8530,#8531,#8532,#8533,#8534,#8535,#8536,#8537,#8538,#8539,
#8540,#8541));
#8630=CLOSED_SHELL('',(#8542,#8543,#8544,#8545,#8546,#8547,#8548,#8549,
#8550,#8551,#8552,#8553,#8554,#8555,#8556,#8557,#8558,#8559,#8560,#8561,
#8562,#8563,#8564,#8565,#8566,#8567,#8568,#8569,#8570,#8571,#8572,#8573,
#8574,#8575,#8576,#8577,#8578,#8579,#8580,#8581,#8582,#8583,#8584,#8585,
#8586,#8587,#8588,#8589,#8590,#8591,#8592,#8593,#8594,#8595,#8596,#8597,
#8598,#8599,#8600,#8601,#8602,#8603,#8604,#8605,#8606,#8607,#8608,#8609,
#8610,#8611,#8612,#8613,#8614,#8615,#8616,#8617,#8618,#8619,#8620,#8621,
#8622,#8623,#8624,#8625,#8626,#8627));
#8631=STYLED_ITEM('',(#8634),#8655);
#8632=STYLED_ITEM('',(#8635),#8656);
#8633=STYLED_ITEM('',(#8636),#8657);
#8634=PRESENTATION_STYLE_ASSIGNMENT((#8637));
#8635=PRESENTATION_STYLE_ASSIGNMENT((#8638));
#8636=PRESENTATION_STYLE_ASSIGNMENT((#8639));
#8637=SURFACE_STYLE_USAGE(.BOTH.,#8640);
#8638=SURFACE_STYLE_USAGE(.BOTH.,#8641);
#8639=SURFACE_STYLE_USAGE(.BOTH.,#8642);
#8640=SURFACE_SIDE_STYLE('',(#8643));
#8641=SURFACE_SIDE_STYLE('',(#8644));
#8642=SURFACE_SIDE_STYLE('',(#8645));
#8643=SURFACE_STYLE_FILL_AREA(#8646);
#8644=SURFACE_STYLE_FILL_AREA(#8647);
#8645=SURFACE_STYLE_FILL_AREA(#8648);
#8646=FILL_AREA_STYLE('',(#8649));
#8647=FILL_AREA_STYLE('',(#8650));
#8648=FILL_AREA_STYLE('',(#8651));
#8649=FILL_AREA_STYLE_COLOUR('',#8652);
#8650=FILL_AREA_STYLE_COLOUR('',#8653);
#8651=FILL_AREA_STYLE_COLOUR('',#8654);
#8652=COLOUR_RGB('',0.470588237047195,0.470588237047195,0.470588237047195);
#8653=COLOUR_RGB('',0.95686274766922,0.95686274766922,0.95686274766922);
#8654=COLOUR_RGB('',1.,0.874509811401367,0.149019613862038);
#8655=MANIFOLD_SOLID_BREP('TFC-120-02-L-D-A_terminal',#8628);
#8656=MANIFOLD_SOLID_BREP('TFC-120-02-L-D_pins',#8629);
#8657=MANIFOLD_SOLID_BREP('TFC-120-02-L-D2_pins',#8630);
#8658=SHAPE_DEFINITION_REPRESENTATION(#14266,#8662);
#8659=SHAPE_DEFINITION_REPRESENTATION(#14267,#8663);
#8660=SHAPE_DEFINITION_REPRESENTATION(#14269,#8664);
#8661=SHAPE_DEFINITION_REPRESENTATION(#14271,#8665);
#8662=SHAPE_REPRESENTATION('TFC-120-02-F-D-A',(#8666,#8717,#9212,#9379),
#14252);
#8663=SHAPE_REPRESENTATION('TFC-120-02-L-D-A_terminal',(#8666),#14253);
#8664=SHAPE_REPRESENTATION('TFC-120-02-L-D_pins',(#8666),#14254);
#8665=SHAPE_REPRESENTATION('TFC-120-02-L-D2_pins',(#8666),#14255);
#8666=AXIS2_PLACEMENT_3D('',#11761,#9380,#9381);
#8667=AXIS2_PLACEMENT_3D('',#11762,#9382,#9383);
#8668=AXIS2_PLACEMENT_3D('',#11763,#9384,#9385);
#8669=AXIS2_PLACEMENT_3D('',#11773,#9390,#9391);
#8670=AXIS2_PLACEMENT_3D('',#11774,#9392,#9393);
#8671=AXIS2_PLACEMENT_3D('',#11782,#9397,#9398);
#8672=AXIS2_PLACEMENT_3D('',#11791,#9403,#9404);
#8673=AXIS2_PLACEMENT_3D('',#11800,#9409,#9410);
#8674=AXIS2_PLACEMENT_3D('',#11823,#9422,#9423);
#8675=AXIS2_PLACEMENT_3D('',#11842,#9433,#9434);
#8676=AXIS2_PLACEMENT_3D('',#11850,#9441,#9442);
#8677=AXIS2_PLACEMENT_3D('',#11864,#9451,#9452);
#8678=AXIS2_PLACEMENT_3D('',#11869,#9456,#9457);
#8679=AXIS2_PLACEMENT_3D('',#11874,#9461,#9462);
#8680=AXIS2_PLACEMENT_3D('',#11880,#9466,#9467);
#8681=AXIS2_PLACEMENT_3D('',#11886,#9471,#9472);
#8682=AXIS2_PLACEMENT_3D('',#11891,#9476,#9477);
#8683=AXIS2_PLACEMENT_3D('',#11896,#9481,#9482);
#8684=AXIS2_PLACEMENT_3D('',#11898,#9484,#9485);
#8685=AXIS2_PLACEMENT_3D('',#11899,#9486,#9487);
#8686=AXIS2_PLACEMENT_3D('',#11903,#9490,#9491);
#8687=AXIS2_PLACEMENT_3D('',#11910,#9496,#9497);
#8688=AXIS2_PLACEMENT_3D('',#11920,#9503,#9504);
#8689=AXIS2_PLACEMENT_3D('',#11922,#9506,#9507);
#8690=AXIS2_PLACEMENT_3D('',#11923,#9508,#9509);
#8691=AXIS2_PLACEMENT_3D('',#11924,#9510,#9511);
#8692=AXIS2_PLACEMENT_3D('',#11926,#9513,#9514);
#8693=AXIS2_PLACEMENT_3D('',#11930,#9517,#9518);
#8694=AXIS2_PLACEMENT_3D('',#11932,#9520,#9521);
#8695=AXIS2_PLACEMENT_3D('',#11938,#9525,#9526);
#8696=AXIS2_PLACEMENT_3D('',#11944,#9530,#9531);
#8697=AXIS2_PLACEMENT_3D('',#11947,#9534,#9535);
#8698=AXIS2_PLACEMENT_3D('',#11948,#9536,#9537);
#8699=AXIS2_PLACEMENT_3D('',#11949,#9538,#9539);
#8700=AXIS2_PLACEMENT_3D('',#11951,#9541,#9542);
#8701=AXIS2_PLACEMENT_3D('',#11957,#9546,#9547);
#8702=AXIS2_PLACEMENT_3D('',#11961,#9550,#9551);
#8703=AXIS2_PLACEMENT_3D('',#11965,#9554,#9555);
#8704=AXIS2_PLACEMENT_3D('',#11969,#9558,#9559);
#8705=AXIS2_PLACEMENT_3D('',#11973,#9562,#9563);
#8706=AXIS2_PLACEMENT_3D('',#11974,#9564,#9565);
#8707=AXIS2_PLACEMENT_3D('',#11975,#9566,#9567);
#8708=AXIS2_PLACEMENT_3D('',#11976,#9568,#9569);
#8709=AXIS2_PLACEMENT_3D('',#11977,#9570,#9571);
#8710=AXIS2_PLACEMENT_3D('',#11979,#9573,#9574);
#8711=AXIS2_PLACEMENT_3D('',#11980,#9575,#9576);
#8712=AXIS2_PLACEMENT_3D('',#11981,#9577,#9578);
#8713=AXIS2_PLACEMENT_3D('',#11983,#9579,#9580);
#8714=AXIS2_PLACEMENT_3D('',#11984,#9581,#9582);
#8715=AXIS2_PLACEMENT_3D('',#11985,#9583,#9584);
#8716=AXIS2_PLACEMENT_3D('',#11987,#9585,#9586);
#8717=AXIS2_PLACEMENT_3D('',#11988,#9587,#9588);
#8718=AXIS2_PLACEMENT_3D('',#11989,#9589,#9590);
#8719=AXIS2_PLACEMENT_3D('',#12014,#9603,#9604);
#8720=AXIS2_PLACEMENT_3D('',#12039,#9617,#9618);
#8721=AXIS2_PLACEMENT_3D('',#12042,#9621,#9622);
#8722=AXIS2_PLACEMENT_3D('',#12045,#9625,#9626);
#8723=AXIS2_PLACEMENT_3D('',#12054,#9631,#9632);
#8724=AXIS2_PLACEMENT_3D('',#12063,#9637,#9638);
#8725=AXIS2_PLACEMENT_3D('',#12072,#9643,#9644);
#8726=AXIS2_PLACEMENT_3D('',#12081,#9649,#9650);
#8727=AXIS2_PLACEMENT_3D('',#12090,#9655,#9656);
#8728=AXIS2_PLACEMENT_3D('',#12099,#9661,#9662);
#8729=AXIS2_PLACEMENT_3D('',#12108,#9667,#9668);
#8730=AXIS2_PLACEMENT_3D('',#12117,#9673,#9674);
#8731=AXIS2_PLACEMENT_3D('',#12126,#9679,#9680);
#8732=AXIS2_PLACEMENT_3D('',#12135,#9685,#9686);
#8733=AXIS2_PLACEMENT_3D('',#12144,#9691,#9692);
#8734=AXIS2_PLACEMENT_3D('',#12153,#9697,#9698);
#8735=AXIS2_PLACEMENT_3D('',#12162,#9703,#9704);
#8736=AXIS2_PLACEMENT_3D('',#12171,#9709,#9710);
#8737=AXIS2_PLACEMENT_3D('',#12180,#9715,#9716);
#8738=AXIS2_PLACEMENT_3D('',#12189,#9721,#9722);
#8739=AXIS2_PLACEMENT_3D('',#12198,#9727,#9728);
#8740=AXIS2_PLACEMENT_3D('',#12207,#9733,#9734);
#8741=AXIS2_PLACEMENT_3D('',#12216,#9739,#9740);
#8742=AXIS2_PLACEMENT_3D('',#12225,#9745,#9746);
#8743=AXIS2_PLACEMENT_3D('',#12234,#9751,#9752);
#8744=AXIS2_PLACEMENT_3D('',#12243,#9757,#9758);
#8745=AXIS2_PLACEMENT_3D('',#12252,#9763,#9764);
#8746=AXIS2_PLACEMENT_3D('',#12261,#9769,#9770);
#8747=AXIS2_PLACEMENT_3D('',#12270,#9775,#9776);
#8748=AXIS2_PLACEMENT_3D('',#12279,#9781,#9782);
#8749=AXIS2_PLACEMENT_3D('',#12288,#9787,#9788);
#8750=AXIS2_PLACEMENT_3D('',#12297,#9793,#9794);
#8751=AXIS2_PLACEMENT_3D('',#12306,#9799,#9800);
#8752=AXIS2_PLACEMENT_3D('',#12315,#9805,#9806);
#8753=AXIS2_PLACEMENT_3D('',#12324,#9811,#9812);
#8754=AXIS2_PLACEMENT_3D('',#12333,#9817,#9818);
#8755=AXIS2_PLACEMENT_3D('',#12342,#9823,#9824);
#8756=AXIS2_PLACEMENT_3D('',#12351,#9829,#9830);
#8757=AXIS2_PLACEMENT_3D('',#12360,#9835,#9836);
#8758=AXIS2_PLACEMENT_3D('',#12369,#9841,#9842);
#8759=AXIS2_PLACEMENT_3D('',#12378,#9847,#9848);
#8760=AXIS2_PLACEMENT_3D('',#12387,#9853,#9854);
#8761=AXIS2_PLACEMENT_3D('',#12396,#9859,#9860);
#8762=AXIS2_PLACEMENT_3D('',#12405,#9865,#9866);
#8763=AXIS2_PLACEMENT_3D('',#12411,#9870,#9871);
#8764=AXIS2_PLACEMENT_3D('',#12417,#9875,#9876);
#8765=AXIS2_PLACEMENT_3D('',#12423,#9880,#9881);
#8766=AXIS2_PLACEMENT_3D('',#12429,#9885,#9886);
#8767=AXIS2_PLACEMENT_3D('',#12435,#9890,#9891);
#8768=AXIS2_PLACEMENT_3D('',#12441,#9895,#9896);
#8769=AXIS2_PLACEMENT_3D('',#12447,#9900,#9901);
#8770=AXIS2_PLACEMENT_3D('',#12453,#9905,#9906);
#8771=AXIS2_PLACEMENT_3D('',#12459,#9910,#9911);
#8772=AXIS2_PLACEMENT_3D('',#12465,#9915,#9916);
#8773=AXIS2_PLACEMENT_3D('',#12471,#9920,#9921);
#8774=AXIS2_PLACEMENT_3D('',#12477,#9925,#9926);
#8775=AXIS2_PLACEMENT_3D('',#12483,#9930,#9931);
#8776=AXIS2_PLACEMENT_3D('',#12489,#9935,#9936);
#8777=AXIS2_PLACEMENT_3D('',#12495,#9940,#9941);
#8778=AXIS2_PLACEMENT_3D('',#12501,#9945,#9946);
#8779=AXIS2_PLACEMENT_3D('',#12507,#9950,#9951);
#8780=AXIS2_PLACEMENT_3D('',#12513,#9955,#9956);
#8781=AXIS2_PLACEMENT_3D('',#12519,#9960,#9961);
#8782=AXIS2_PLACEMENT_3D('',#12525,#9965,#9966);
#8783=AXIS2_PLACEMENT_3D('',#12531,#9969,#9970);
#8784=AXIS2_PLACEMENT_3D('',#12534,#9972,#9973);
#8785=AXIS2_PLACEMENT_3D('',#12537,#9975,#9976);
#8786=AXIS2_PLACEMENT_3D('',#12543,#9979,#9980);
#8787=AXIS2_PLACEMENT_3D('',#12548,#9983,#9984);
#8788=AXIS2_PLACEMENT_3D('',#12551,#9986,#9987);
#8789=AXIS2_PLACEMENT_3D('',#12554,#9990,#9991);
#8790=AXIS2_PLACEMENT_3D('',#12557,#9994,#9995);
#8791=AXIS2_PLACEMENT_3D('',#12563,#9998,#9999);
#8792=AXIS2_PLACEMENT_3D('',#12566,#10001,#10002);
#8793=AXIS2_PLACEMENT_3D('',#12569,#10004,#10005);
#8794=AXIS2_PLACEMENT_3D('',#12575,#10008,#10009);
#8795=AXIS2_PLACEMENT_3D('',#12580,#10012,#10013);
#8796=AXIS2_PLACEMENT_3D('',#12583,#10015,#10016);
#8797=AXIS2_PLACEMENT_3D('',#12584,#10017,#10018);
#8798=AXIS2_PLACEMENT_3D('',#12593,#10022,#10023);
#8799=AXIS2_PLACEMENT_3D('',#12595,#10025,#10026);
#8800=AXIS2_PLACEMENT_3D('',#12596,#10027,#10028);
#8801=AXIS2_PLACEMENT_3D('',#12605,#10032,#10033);
#8802=AXIS2_PLACEMENT_3D('',#12609,#10036,#10037);
#8803=AXIS2_PLACEMENT_3D('',#12612,#10040,#10041);
#8804=AXIS2_PLACEMENT_3D('',#12615,#10044,#10045);
#8805=AXIS2_PLACEMENT_3D('',#12621,#10048,#10049);
#8806=AXIS2_PLACEMENT_3D('',#12624,#10051,#10052);
#8807=AXIS2_PLACEMENT_3D('',#12627,#10054,#10055);
#8808=AXIS2_PLACEMENT_3D('',#12633,#10058,#10059);
#8809=AXIS2_PLACEMENT_3D('',#12638,#10062,#10063);
#8810=AXIS2_PLACEMENT_3D('',#12641,#10065,#10066);
#8811=AXIS2_PLACEMENT_3D('',#12642,#10067,#10068);
#8812=AXIS2_PLACEMENT_3D('',#12651,#10072,#10073);
#8813=AXIS2_PLACEMENT_3D('',#12653,#10075,#10076);
#8814=AXIS2_PLACEMENT_3D('',#12654,#10077,#10078);
#8815=AXIS2_PLACEMENT_3D('',#12663,#10082,#10083);
#8816=AXIS2_PLACEMENT_3D('',#12667,#10086,#10087);
#8817=AXIS2_PLACEMENT_3D('',#12670,#10090,#10091);
#8818=AXIS2_PLACEMENT_3D('',#12673,#10094,#10095);
#8819=AXIS2_PLACEMENT_3D('',#12679,#10098,#10099);
#8820=AXIS2_PLACEMENT_3D('',#12682,#10101,#10102);
#8821=AXIS2_PLACEMENT_3D('',#12685,#10104,#10105);
#8822=AXIS2_PLACEMENT_3D('',#12691,#10108,#10109);
#8823=AXIS2_PLACEMENT_3D('',#12696,#10112,#10113);
#8824=AXIS2_PLACEMENT_3D('',#12699,#10115,#10116);
#8825=AXIS2_PLACEMENT_3D('',#12700,#10117,#10118);
#8826=AXIS2_PLACEMENT_3D('',#12709,#10122,#10123);
#8827=AXIS2_PLACEMENT_3D('',#12711,#10125,#10126);
#8828=AXIS2_PLACEMENT_3D('',#12712,#10127,#10128);
#8829=AXIS2_PLACEMENT_3D('',#12721,#10132,#10133);
#8830=AXIS2_PLACEMENT_3D('',#12725,#10136,#10137);
#8831=AXIS2_PLACEMENT_3D('',#12728,#10140,#10141);
#8832=AXIS2_PLACEMENT_3D('',#12731,#10144,#10145);
#8833=AXIS2_PLACEMENT_3D('',#12737,#10148,#10149);
#8834=AXIS2_PLACEMENT_3D('',#12740,#10151,#10152);
#8835=AXIS2_PLACEMENT_3D('',#12743,#10154,#10155);
#8836=AXIS2_PLACEMENT_3D('',#12749,#10158,#10159);
#8837=AXIS2_PLACEMENT_3D('',#12754,#10162,#10163);
#8838=AXIS2_PLACEMENT_3D('',#12757,#10165,#10166);
#8839=AXIS2_PLACEMENT_3D('',#12758,#10167,#10168);
#8840=AXIS2_PLACEMENT_3D('',#12767,#10172,#10173);
#8841=AXIS2_PLACEMENT_3D('',#12769,#10175,#10176);
#8842=AXIS2_PLACEMENT_3D('',#12770,#10177,#10178);
#8843=AXIS2_PLACEMENT_3D('',#12779,#10182,#10183);
#8844=AXIS2_PLACEMENT_3D('',#12783,#10186,#10187);
#8845=AXIS2_PLACEMENT_3D('',#12786,#10190,#10191);
#8846=AXIS2_PLACEMENT_3D('',#12789,#10194,#10195);
#8847=AXIS2_PLACEMENT_3D('',#12795,#10198,#10199);
#8848=AXIS2_PLACEMENT_3D('',#12798,#10201,#10202);
#8849=AXIS2_PLACEMENT_3D('',#12801,#10204,#10205);
#8850=AXIS2_PLACEMENT_3D('',#12807,#10208,#10209);
#8851=AXIS2_PLACEMENT_3D('',#12812,#10212,#10213);
#8852=AXIS2_PLACEMENT_3D('',#12815,#10215,#10216);
#8853=AXIS2_PLACEMENT_3D('',#12816,#10217,#10218);
#8854=AXIS2_PLACEMENT_3D('',#12825,#10222,#10223);
#8855=AXIS2_PLACEMENT_3D('',#12827,#10225,#10226);
#8856=AXIS2_PLACEMENT_3D('',#12828,#10227,#10228);
#8857=AXIS2_PLACEMENT_3D('',#12837,#10232,#10233);
#8858=AXIS2_PLACEMENT_3D('',#12841,#10236,#10237);
#8859=AXIS2_PLACEMENT_3D('',#12844,#10240,#10241);
#8860=AXIS2_PLACEMENT_3D('',#12847,#10244,#10245);
#8861=AXIS2_PLACEMENT_3D('',#12853,#10248,#10249);
#8862=AXIS2_PLACEMENT_3D('',#12856,#10251,#10252);
#8863=AXIS2_PLACEMENT_3D('',#12859,#10254,#10255);
#8864=AXIS2_PLACEMENT_3D('',#12865,#10258,#10259);
#8865=AXIS2_PLACEMENT_3D('',#12870,#10262,#10263);
#8866=AXIS2_PLACEMENT_3D('',#12873,#10265,#10266);
#8867=AXIS2_PLACEMENT_3D('',#12874,#10267,#10268);
#8868=AXIS2_PLACEMENT_3D('',#12883,#10272,#10273);
#8869=AXIS2_PLACEMENT_3D('',#12885,#10275,#10276);
#8870=AXIS2_PLACEMENT_3D('',#12886,#10277,#10278);
#8871=AXIS2_PLACEMENT_3D('',#12895,#10282,#10283);
#8872=AXIS2_PLACEMENT_3D('',#12899,#10286,#10287);
#8873=AXIS2_PLACEMENT_3D('',#12902,#10290,#10291);
#8874=AXIS2_PLACEMENT_3D('',#12905,#10294,#10295);
#8875=AXIS2_PLACEMENT_3D('',#12911,#10298,#10299);
#8876=AXIS2_PLACEMENT_3D('',#12914,#10301,#10302);
#8877=AXIS2_PLACEMENT_3D('',#12917,#10304,#10305);
#8878=AXIS2_PLACEMENT_3D('',#12923,#10308,#10309);
#8879=AXIS2_PLACEMENT_3D('',#12928,#10312,#10313);
#8880=AXIS2_PLACEMENT_3D('',#12931,#10315,#10316);
#8881=AXIS2_PLACEMENT_3D('',#12932,#10317,#10318);
#8882=AXIS2_PLACEMENT_3D('',#12941,#10322,#10323);
#8883=AXIS2_PLACEMENT_3D('',#12943,#10325,#10326);
#8884=AXIS2_PLACEMENT_3D('',#12944,#10327,#10328);
#8885=AXIS2_PLACEMENT_3D('',#12953,#10332,#10333);
#8886=AXIS2_PLACEMENT_3D('',#12957,#10336,#10337);
#8887=AXIS2_PLACEMENT_3D('',#12960,#10340,#10341);
#8888=AXIS2_PLACEMENT_3D('',#12963,#10344,#10345);
#8889=AXIS2_PLACEMENT_3D('',#12969,#10348,#10349);
#8890=AXIS2_PLACEMENT_3D('',#12972,#10351,#10352);
#8891=AXIS2_PLACEMENT_3D('',#12975,#10354,#10355);
#8892=AXIS2_PLACEMENT_3D('',#12981,#10358,#10359);
#8893=AXIS2_PLACEMENT_3D('',#12986,#10362,#10363);
#8894=AXIS2_PLACEMENT_3D('',#12989,#10365,#10366);
#8895=AXIS2_PLACEMENT_3D('',#12990,#10367,#10368);
#8896=AXIS2_PLACEMENT_3D('',#12999,#10372,#10373);
#8897=AXIS2_PLACEMENT_3D('',#13001,#10375,#10376);
#8898=AXIS2_PLACEMENT_3D('',#13002,#10377,#10378);
#8899=AXIS2_PLACEMENT_3D('',#13011,#10382,#10383);
#8900=AXIS2_PLACEMENT_3D('',#13015,#10386,#10387);
#8901=AXIS2_PLACEMENT_3D('',#13018,#10390,#10391);
#8902=AXIS2_PLACEMENT_3D('',#13021,#10394,#10395);
#8903=AXIS2_PLACEMENT_3D('',#13027,#10398,#10399);
#8904=AXIS2_PLACEMENT_3D('',#13030,#10401,#10402);
#8905=AXIS2_PLACEMENT_3D('',#13033,#10404,#10405);
#8906=AXIS2_PLACEMENT_3D('',#13039,#10408,#10409);
#8907=AXIS2_PLACEMENT_3D('',#13044,#10412,#10413);
#8908=AXIS2_PLACEMENT_3D('',#13047,#10415,#10416);
#8909=AXIS2_PLACEMENT_3D('',#13048,#10417,#10418);
#8910=AXIS2_PLACEMENT_3D('',#13057,#10422,#10423);
#8911=AXIS2_PLACEMENT_3D('',#13059,#10425,#10426);
#8912=AXIS2_PLACEMENT_3D('',#13060,#10427,#10428);
#8913=AXIS2_PLACEMENT_3D('',#13069,#10432,#10433);
#8914=AXIS2_PLACEMENT_3D('',#13073,#10436,#10437);
#8915=AXIS2_PLACEMENT_3D('',#13076,#10440,#10441);
#8916=AXIS2_PLACEMENT_3D('',#13079,#10444,#10445);
#8917=AXIS2_PLACEMENT_3D('',#13085,#10448,#10449);
#8918=AXIS2_PLACEMENT_3D('',#13088,#10451,#10452);
#8919=AXIS2_PLACEMENT_3D('',#13091,#10454,#10455);
#8920=AXIS2_PLACEMENT_3D('',#13097,#10458,#10459);
#8921=AXIS2_PLACEMENT_3D('',#13102,#10462,#10463);
#8922=AXIS2_PLACEMENT_3D('',#13105,#10465,#10466);
#8923=AXIS2_PLACEMENT_3D('',#13106,#10467,#10468);
#8924=AXIS2_PLACEMENT_3D('',#13115,#10472,#10473);
#8925=AXIS2_PLACEMENT_3D('',#13117,#10475,#10476);
#8926=AXIS2_PLACEMENT_3D('',#13118,#10477,#10478);
#8927=AXIS2_PLACEMENT_3D('',#13127,#10482,#10483);
#8928=AXIS2_PLACEMENT_3D('',#13131,#10486,#10487);
#8929=AXIS2_PLACEMENT_3D('',#13134,#10490,#10491);
#8930=AXIS2_PLACEMENT_3D('',#13137,#10494,#10495);
#8931=AXIS2_PLACEMENT_3D('',#13143,#10498,#10499);
#8932=AXIS2_PLACEMENT_3D('',#13146,#10501,#10502);
#8933=AXIS2_PLACEMENT_3D('',#13149,#10504,#10505);
#8934=AXIS2_PLACEMENT_3D('',#13155,#10508,#10509);
#8935=AXIS2_PLACEMENT_3D('',#13160,#10512,#10513);
#8936=AXIS2_PLACEMENT_3D('',#13163,#10515,#10516);
#8937=AXIS2_PLACEMENT_3D('',#13164,#10517,#10518);
#8938=AXIS2_PLACEMENT_3D('',#13173,#10522,#10523);
#8939=AXIS2_PLACEMENT_3D('',#13175,#10525,#10526);
#8940=AXIS2_PLACEMENT_3D('',#13176,#10527,#10528);
#8941=AXIS2_PLACEMENT_3D('',#13185,#10532,#10533);
#8942=AXIS2_PLACEMENT_3D('',#13189,#10536,#10537);
#8943=AXIS2_PLACEMENT_3D('',#13192,#10540,#10541);
#8944=AXIS2_PLACEMENT_3D('',#13195,#10544,#10545);
#8945=AXIS2_PLACEMENT_3D('',#13201,#10548,#10549);
#8946=AXIS2_PLACEMENT_3D('',#13204,#10551,#10552);
#8947=AXIS2_PLACEMENT_3D('',#13207,#10554,#10555);
#8948=AXIS2_PLACEMENT_3D('',#13213,#10558,#10559);
#8949=AXIS2_PLACEMENT_3D('',#13218,#10562,#10563);
#8950=AXIS2_PLACEMENT_3D('',#13221,#10565,#10566);
#8951=AXIS2_PLACEMENT_3D('',#13222,#10567,#10568);
#8952=AXIS2_PLACEMENT_3D('',#13231,#10572,#10573);
#8953=AXIS2_PLACEMENT_3D('',#13233,#10575,#10576);
#8954=AXIS2_PLACEMENT_3D('',#13234,#10577,#10578);
#8955=AXIS2_PLACEMENT_3D('',#13243,#10582,#10583);
#8956=AXIS2_PLACEMENT_3D('',#13247,#10586,#10587);
#8957=AXIS2_PLACEMENT_3D('',#13250,#10590,#10591);
#8958=AXIS2_PLACEMENT_3D('',#13253,#10594,#10595);
#8959=AXIS2_PLACEMENT_3D('',#13259,#10598,#10599);
#8960=AXIS2_PLACEMENT_3D('',#13262,#10601,#10602);
#8961=AXIS2_PLACEMENT_3D('',#13265,#10604,#10605);
#8962=AXIS2_PLACEMENT_3D('',#13271,#10608,#10609);
#8963=AXIS2_PLACEMENT_3D('',#13276,#10612,#10613);
#8964=AXIS2_PLACEMENT_3D('',#13279,#10615,#10616);
#8965=AXIS2_PLACEMENT_3D('',#13280,#10617,#10618);
#8966=AXIS2_PLACEMENT_3D('',#13289,#10622,#10623);
#8967=AXIS2_PLACEMENT_3D('',#13291,#10625,#10626);
#8968=AXIS2_PLACEMENT_3D('',#13292,#10627,#10628);
#8969=AXIS2_PLACEMENT_3D('',#13301,#10632,#10633);
#8970=AXIS2_PLACEMENT_3D('',#13305,#10636,#10637);
#8971=AXIS2_PLACEMENT_3D('',#13308,#10640,#10641);
#8972=AXIS2_PLACEMENT_3D('',#13311,#10644,#10645);
#8973=AXIS2_PLACEMENT_3D('',#13317,#10648,#10649);
#8974=AXIS2_PLACEMENT_3D('',#13320,#10651,#10652);
#8975=AXIS2_PLACEMENT_3D('',#13323,#10654,#10655);
#8976=AXIS2_PLACEMENT_3D('',#13329,#10658,#10659);
#8977=AXIS2_PLACEMENT_3D('',#13334,#10662,#10663);
#8978=AXIS2_PLACEMENT_3D('',#13337,#10665,#10666);
#8979=AXIS2_PLACEMENT_3D('',#13338,#10667,#10668);
#8980=AXIS2_PLACEMENT_3D('',#13347,#10672,#10673);
#8981=AXIS2_PLACEMENT_3D('',#13349,#10675,#10676);
#8982=AXIS2_PLACEMENT_3D('',#13350,#10677,#10678);
#8983=AXIS2_PLACEMENT_3D('',#13359,#10682,#10683);
#8984=AXIS2_PLACEMENT_3D('',#13363,#10686,#10687);
#8985=AXIS2_PLACEMENT_3D('',#13366,#10690,#10691);
#8986=AXIS2_PLACEMENT_3D('',#13369,#10694,#10695);
#8987=AXIS2_PLACEMENT_3D('',#13375,#10698,#10699);
#8988=AXIS2_PLACEMENT_3D('',#13378,#10701,#10702);
#8989=AXIS2_PLACEMENT_3D('',#13381,#10704,#10705);
#8990=AXIS2_PLACEMENT_3D('',#13387,#10708,#10709);
#8991=AXIS2_PLACEMENT_3D('',#13392,#10712,#10713);
#8992=AXIS2_PLACEMENT_3D('',#13395,#10715,#10716);
#8993=AXIS2_PLACEMENT_3D('',#13396,#10717,#10718);
#8994=AXIS2_PLACEMENT_3D('',#13405,#10722,#10723);
#8995=AXIS2_PLACEMENT_3D('',#13407,#10725,#10726);
#8996=AXIS2_PLACEMENT_3D('',#13408,#10727,#10728);
#8997=AXIS2_PLACEMENT_3D('',#13417,#10732,#10733);
#8998=AXIS2_PLACEMENT_3D('',#13421,#10736,#10737);
#8999=AXIS2_PLACEMENT_3D('',#13424,#10740,#10741);
#9000=AXIS2_PLACEMENT_3D('',#13427,#10744,#10745);
#9001=AXIS2_PLACEMENT_3D('',#13433,#10748,#10749);
#9002=AXIS2_PLACEMENT_3D('',#13436,#10751,#10752);
#9003=AXIS2_PLACEMENT_3D('',#13439,#10754,#10755);
#9004=AXIS2_PLACEMENT_3D('',#13445,#10758,#10759);
#9005=AXIS2_PLACEMENT_3D('',#13450,#10762,#10763);
#9006=AXIS2_PLACEMENT_3D('',#13453,#10765,#10766);
#9007=AXIS2_PLACEMENT_3D('',#13454,#10767,#10768);
#9008=AXIS2_PLACEMENT_3D('',#13463,#10772,#10773);
#9009=AXIS2_PLACEMENT_3D('',#13465,#10775,#10776);
#9010=AXIS2_PLACEMENT_3D('',#13466,#10777,#10778);
#9011=AXIS2_PLACEMENT_3D('',#13475,#10782,#10783);
#9012=AXIS2_PLACEMENT_3D('',#13479,#10786,#10787);
#9013=AXIS2_PLACEMENT_3D('',#13482,#10790,#10791);
#9014=AXIS2_PLACEMENT_3D('',#13485,#10794,#10795);
#9015=AXIS2_PLACEMENT_3D('',#13491,#10798,#10799);
#9016=AXIS2_PLACEMENT_3D('',#13494,#10801,#10802);
#9017=AXIS2_PLACEMENT_3D('',#13497,#10804,#10805);
#9018=AXIS2_PLACEMENT_3D('',#13503,#10808,#10809);
#9019=AXIS2_PLACEMENT_3D('',#13508,#10812,#10813);
#9020=AXIS2_PLACEMENT_3D('',#13511,#10815,#10816);
#9021=AXIS2_PLACEMENT_3D('',#13512,#10817,#10818);
#9022=AXIS2_PLACEMENT_3D('',#13521,#10822,#10823);
#9023=AXIS2_PLACEMENT_3D('',#13523,#10825,#10826);
#9024=AXIS2_PLACEMENT_3D('',#13524,#10827,#10828);
#9025=AXIS2_PLACEMENT_3D('',#13533,#10832,#10833);
#9026=AXIS2_PLACEMENT_3D('',#13537,#10836,#10837);
#9027=AXIS2_PLACEMENT_3D('',#13540,#10840,#10841);
#9028=AXIS2_PLACEMENT_3D('',#13543,#10844,#10845);
#9029=AXIS2_PLACEMENT_3D('',#13549,#10848,#10849);
#9030=AXIS2_PLACEMENT_3D('',#13552,#10851,#10852);
#9031=AXIS2_PLACEMENT_3D('',#13555,#10854,#10855);
#9032=AXIS2_PLACEMENT_3D('',#13561,#10858,#10859);
#9033=AXIS2_PLACEMENT_3D('',#13566,#10862,#10863);
#9034=AXIS2_PLACEMENT_3D('',#13569,#10865,#10866);
#9035=AXIS2_PLACEMENT_3D('',#13570,#10867,#10868);
#9036=AXIS2_PLACEMENT_3D('',#13579,#10872,#10873);
#9037=AXIS2_PLACEMENT_3D('',#13581,#10875,#10876);
#9038=AXIS2_PLACEMENT_3D('',#13582,#10877,#10878);
#9039=AXIS2_PLACEMENT_3D('',#13591,#10882,#10883);
#9040=AXIS2_PLACEMENT_3D('',#13595,#10886,#10887);
#9041=AXIS2_PLACEMENT_3D('',#13598,#10890,#10891);
#9042=AXIS2_PLACEMENT_3D('',#13601,#10894,#10895);
#9043=AXIS2_PLACEMENT_3D('',#13607,#10898,#10899);
#9044=AXIS2_PLACEMENT_3D('',#13610,#10901,#10902);
#9045=AXIS2_PLACEMENT_3D('',#13613,#10904,#10905);
#9046=AXIS2_PLACEMENT_3D('',#13619,#10908,#10909);
#9047=AXIS2_PLACEMENT_3D('',#13624,#10912,#10913);
#9048=AXIS2_PLACEMENT_3D('',#13627,#10915,#10916);
#9049=AXIS2_PLACEMENT_3D('',#13628,#10917,#10918);
#9050=AXIS2_PLACEMENT_3D('',#13637,#10922,#10923);
#9051=AXIS2_PLACEMENT_3D('',#13639,#10925,#10926);
#9052=AXIS2_PLACEMENT_3D('',#13640,#10927,#10928);
#9053=AXIS2_PLACEMENT_3D('',#13649,#10932,#10933);
#9054=AXIS2_PLACEMENT_3D('',#13653,#10936,#10937);
#9055=AXIS2_PLACEMENT_3D('',#13656,#10940,#10941);
#9056=AXIS2_PLACEMENT_3D('',#13659,#10944,#10945);
#9057=AXIS2_PLACEMENT_3D('',#13665,#10949,#10950);
#9058=AXIS2_PLACEMENT_3D('',#13671,#10954,#10955);
#9059=AXIS2_PLACEMENT_3D('',#13672,#10956,#10957);
#9060=AXIS2_PLACEMENT_3D('',#13678,#10960,#10961);
#9061=AXIS2_PLACEMENT_3D('',#13680,#10963,#10964);
#9062=AXIS2_PLACEMENT_3D('',#13681,#10965,#10966);
#9063=AXIS2_PLACEMENT_3D('',#13687,#10969,#10970);
#9064=AXIS2_PLACEMENT_3D('',#13691,#10973,#10974);
#9065=AXIS2_PLACEMENT_3D('',#13693,#10976,#10977);
#9066=AXIS2_PLACEMENT_3D('',#13695,#10979,#10980);
#9067=AXIS2_PLACEMENT_3D('',#13697,#10982,#10983);
#9068=AXIS2_PLACEMENT_3D('',#13699,#10985,#10986);
#9069=AXIS2_PLACEMENT_3D('',#13701,#10988,#10989);
#9070=AXIS2_PLACEMENT_3D('',#13703,#10991,#10992);
#9071=AXIS2_PLACEMENT_3D('',#13705,#10994,#10995);
#9072=AXIS2_PLACEMENT_3D('',#13707,#10997,#10998);
#9073=AXIS2_PLACEMENT_3D('',#13709,#11000,#11001);
#9074=AXIS2_PLACEMENT_3D('',#13711,#11003,#11004);
#9075=AXIS2_PLACEMENT_3D('',#13713,#11006,#11007);
#9076=AXIS2_PLACEMENT_3D('',#13715,#11009,#11010);
#9077=AXIS2_PLACEMENT_3D('',#13717,#11012,#11013);
#9078=AXIS2_PLACEMENT_3D('',#13719,#11015,#11016);
#9079=AXIS2_PLACEMENT_3D('',#13721,#11018,#11019);
#9080=AXIS2_PLACEMENT_3D('',#13723,#11021,#11022);
#9081=AXIS2_PLACEMENT_3D('',#13725,#11024,#11025);
#9082=AXIS2_PLACEMENT_3D('',#13727,#11027,#11028);
#9083=AXIS2_PLACEMENT_3D('',#13729,#11030,#11031);
#9084=AXIS2_PLACEMENT_3D('',#13731,#11033,#11034);
#9085=AXIS2_PLACEMENT_3D('',#13753,#11056,#11057);
#9086=AXIS2_PLACEMENT_3D('',#13755,#11059,#11060);
#9087=AXIS2_PLACEMENT_3D('',#13756,#11061,#11062);
#9088=AXIS2_PLACEMENT_3D('',#13758,#11064,#11065);
#9089=AXIS2_PLACEMENT_3D('',#13759,#11066,#11067);
#9090=AXIS2_PLACEMENT_3D('',#13761,#11069,#11070);
#9091=AXIS2_PLACEMENT_3D('',#13762,#11071,#11072);
#9092=AXIS2_PLACEMENT_3D('',#13764,#11074,#11075);
#9093=AXIS2_PLACEMENT_3D('',#13765,#11076,#11077);
#9094=AXIS2_PLACEMENT_3D('',#13767,#11079,#11080);
#9095=AXIS2_PLACEMENT_3D('',#13768,#11081,#11082);
#9096=AXIS2_PLACEMENT_3D('',#13770,#11084,#11085);
#9097=AXIS2_PLACEMENT_3D('',#13771,#11086,#11087);
#9098=AXIS2_PLACEMENT_3D('',#13773,#11089,#11090);
#9099=AXIS2_PLACEMENT_3D('',#13774,#11091,#11092);
#9100=AXIS2_PLACEMENT_3D('',#13776,#11094,#11095);
#9101=AXIS2_PLACEMENT_3D('',#13777,#11096,#11097);
#9102=AXIS2_PLACEMENT_3D('',#13779,#11099,#11100);
#9103=AXIS2_PLACEMENT_3D('',#13780,#11101,#11102);
#9104=AXIS2_PLACEMENT_3D('',#13782,#11104,#11105);
#9105=AXIS2_PLACEMENT_3D('',#13783,#11106,#11107);
#9106=AXIS2_PLACEMENT_3D('',#13785,#11109,#11110);
#9107=AXIS2_PLACEMENT_3D('',#13786,#11111,#11112);
#9108=AXIS2_PLACEMENT_3D('',#13788,#11114,#11115);
#9109=AXIS2_PLACEMENT_3D('',#13789,#11116,#11117);
#9110=AXIS2_PLACEMENT_3D('',#13791,#11119,#11120);
#9111=AXIS2_PLACEMENT_3D('',#13792,#11121,#11122);
#9112=AXIS2_PLACEMENT_3D('',#13794,#11124,#11125);
#9113=AXIS2_PLACEMENT_3D('',#13795,#11126,#11127);
#9114=AXIS2_PLACEMENT_3D('',#13797,#11129,#11130);
#9115=AXIS2_PLACEMENT_3D('',#13798,#11131,#11132);
#9116=AXIS2_PLACEMENT_3D('',#13800,#11134,#11135);
#9117=AXIS2_PLACEMENT_3D('',#13801,#11136,#11137);
#9118=AXIS2_PLACEMENT_3D('',#13803,#11139,#11140);
#9119=AXIS2_PLACEMENT_3D('',#13804,#11141,#11142);
#9120=AXIS2_PLACEMENT_3D('',#13806,#11144,#11145);
#9121=AXIS2_PLACEMENT_3D('',#13807,#11146,#11147);
#9122=AXIS2_PLACEMENT_3D('',#13809,#11149,#11150);
#9123=AXIS2_PLACEMENT_3D('',#13810,#11151,#11152);
#9124=AXIS2_PLACEMENT_3D('',#13812,#11154,#11155);
#9125=AXIS2_PLACEMENT_3D('',#13813,#11156,#11157);
#9126=AXIS2_PLACEMENT_3D('',#13814,#11158,#11159);
#9127=AXIS2_PLACEMENT_3D('',#13836,#11181,#11182);
#9128=AXIS2_PLACEMENT_3D('',#13837,#11183,#11184);
#9129=AXIS2_PLACEMENT_3D('',#13838,#11185,#11186);
#9130=AXIS2_PLACEMENT_3D('',#13839,#11187,#11188);
#9131=AXIS2_PLACEMENT_3D('',#13840,#11189,#11190);
#9132=AXIS2_PLACEMENT_3D('',#13841,#11191,#11192);
#9133=AXIS2_PLACEMENT_3D('',#13842,#11193,#11194);
#9134=AXIS2_PLACEMENT_3D('',#13843,#11195,#11196);
#9135=AXIS2_PLACEMENT_3D('',#13844,#11197,#11198);
#9136=AXIS2_PLACEMENT_3D('',#13845,#11199,#11200);
#9137=AXIS2_PLACEMENT_3D('',#13846,#11201,#11202);
#9138=AXIS2_PLACEMENT_3D('',#13847,#11203,#11204);
#9139=AXIS2_PLACEMENT_3D('',#13848,#11205,#11206);
#9140=AXIS2_PLACEMENT_3D('',#13849,#11207,#11208);
#9141=AXIS2_PLACEMENT_3D('',#13850,#11209,#11210);
#9142=AXIS2_PLACEMENT_3D('',#13851,#11211,#11212);
#9143=AXIS2_PLACEMENT_3D('',#13852,#11213,#11214);
#9144=AXIS2_PLACEMENT_3D('',#13853,#11215,#11216);
#9145=AXIS2_PLACEMENT_3D('',#13854,#11217,#11218);
#9146=AXIS2_PLACEMENT_3D('',#13855,#11219,#11220);
#9147=AXIS2_PLACEMENT_3D('',#13856,#11221,#11222);
#9148=AXIS2_PLACEMENT_3D('',#13858,#11224,#11225);
#9149=AXIS2_PLACEMENT_3D('',#13879,#11246,#11247);
#9150=AXIS2_PLACEMENT_3D('',#13880,#11248,#11249);
#9151=AXIS2_PLACEMENT_3D('',#13881,#11250,#11251);
#9152=AXIS2_PLACEMENT_3D('',#13882,#11252,#11253);
#9153=AXIS2_PLACEMENT_3D('',#13883,#11254,#11255);
#9154=AXIS2_PLACEMENT_3D('',#13884,#11256,#11257);
#9155=AXIS2_PLACEMENT_3D('',#13885,#11258,#11259);
#9156=AXIS2_PLACEMENT_3D('',#13886,#11260,#11261);
#9157=AXIS2_PLACEMENT_3D('',#13887,#11262,#11263);
#9158=AXIS2_PLACEMENT_3D('',#13888,#11264,#11265);
#9159=AXIS2_PLACEMENT_3D('',#13889,#11266,#11267);
#9160=AXIS2_PLACEMENT_3D('',#13890,#11268,#11269);
#9161=AXIS2_PLACEMENT_3D('',#13891,#11270,#11271);
#9162=AXIS2_PLACEMENT_3D('',#13892,#11272,#11273);
#9163=AXIS2_PLACEMENT_3D('',#13893,#11274,#11275);
#9164=AXIS2_PLACEMENT_3D('',#13894,#11276,#11277);
#9165=AXIS2_PLACEMENT_3D('',#13895,#11278,#11279);
#9166=AXIS2_PLACEMENT_3D('',#13896,#11280,#11281);
#9167=AXIS2_PLACEMENT_3D('',#13897,#11282,#11283);
#9168=AXIS2_PLACEMENT_3D('',#13898,#11284,#11285);
#9169=AXIS2_PLACEMENT_3D('',#13899,#11286,#11287);
#9170=AXIS2_PLACEMENT_3D('',#13902,#11290,#11291);
#9171=AXIS2_PLACEMENT_3D('',#13905,#11294,#11295);
#9172=AXIS2_PLACEMENT_3D('',#13908,#11298,#11299);
#9173=AXIS2_PLACEMENT_3D('',#13911,#11302,#11303);
#9174=AXIS2_PLACEMENT_3D('',#13914,#11306,#11307);
#9175=AXIS2_PLACEMENT_3D('',#13917,#11310,#11311);
#9176=AXIS2_PLACEMENT_3D('',#13920,#11314,#11315);
#9177=AXIS2_PLACEMENT_3D('',#13923,#11318,#11319);
#9178=AXIS2_PLACEMENT_3D('',#13926,#11322,#11323);
#9179=AXIS2_PLACEMENT_3D('',#13929,#11326,#11327);
#9180=AXIS2_PLACEMENT_3D('',#13932,#11330,#11331);
#9181=AXIS2_PLACEMENT_3D('',#13935,#11334,#11335);
#9182=AXIS2_PLACEMENT_3D('',#13938,#11338,#11339);
#9183=AXIS2_PLACEMENT_3D('',#13941,#11342,#11343);
#9184=AXIS2_PLACEMENT_3D('',#13944,#11346,#11347);
#9185=AXIS2_PLACEMENT_3D('',#13947,#11350,#11351);
#9186=AXIS2_PLACEMENT_3D('',#13950,#11354,#11355);
#9187=AXIS2_PLACEMENT_3D('',#13953,#11358,#11359);
#9188=AXIS2_PLACEMENT_3D('',#13956,#11362,#11363);
#9189=AXIS2_PLACEMENT_3D('',#13958,#11365,#11366);
#9190=AXIS2_PLACEMENT_3D('',#13959,#11367,#11368);
#9191=AXIS2_PLACEMENT_3D('',#13960,#11369,#11370);
#9192=AXIS2_PLACEMENT_3D('',#13961,#11371,#11372);
#9193=AXIS2_PLACEMENT_3D('',#13962,#11373,#11374);
#9194=AXIS2_PLACEMENT_3D('',#13963,#11375,#11376);
#9195=AXIS2_PLACEMENT_3D('',#13964,#11377,#11378);
#9196=AXIS2_PLACEMENT_3D('',#13965,#11379,#11380);
#9197=AXIS2_PLACEMENT_3D('',#13966,#11381,#11382);
#9198=AXIS2_PLACEMENT_3D('',#13967,#11383,#11384);
#9199=AXIS2_PLACEMENT_3D('',#13968,#11385,#11386);
#9200=AXIS2_PLACEMENT_3D('',#13969,#11387,#11388);
#9201=AXIS2_PLACEMENT_3D('',#13970,#11389,#11390);
#9202=AXIS2_PLACEMENT_3D('',#13971,#11391,#11392);
#9203=AXIS2_PLACEMENT_3D('',#13972,#11393,#11394);
#9204=AXIS2_PLACEMENT_3D('',#13973,#11395,#11396);
#9205=AXIS2_PLACEMENT_3D('',#13974,#11397,#11398);
#9206=AXIS2_PLACEMENT_3D('',#13975,#11399,#11400);
#9207=AXIS2_PLACEMENT_3D('',#13976,#11401,#11402);
#9208=AXIS2_PLACEMENT_3D('',#13978,#11404,#11405);
#9209=AXIS2_PLACEMENT_3D('',#13980,#11407,#11408);
#9210=AXIS2_PLACEMENT_3D('',#13981,#11409,#11410);
#9211=AXIS2_PLACEMENT_3D('',#13982,#11411,#11412);
#9212=AXIS2_PLACEMENT_3D('',#13983,#11413,#11414);
#9213=AXIS2_PLACEMENT_3D('',#13984,#11415,#11416);
#9214=AXIS2_PLACEMENT_3D('',#13993,#11421,#11422);
#9215=AXIS2_PLACEMENT_3D('',#14002,#11427,#11428);
#9216=AXIS2_PLACEMENT_3D('',#14005,#11431,#11432);
#9217=AXIS2_PLACEMENT_3D('',#14008,#11435,#11436);
#9218=AXIS2_PLACEMENT_3D('',#14009,#11437,#11438);
#9219=AXIS2_PLACEMENT_3D('',#14011,#11439,#11440);
#9220=AXIS2_PLACEMENT_3D('',#14013,#11441,#11442);
#9221=AXIS2_PLACEMENT_3D('',#14015,#11443,#11444);
#9222=AXIS2_PLACEMENT_3D('',#14017,#11445,#11446);
#9223=AXIS2_PLACEMENT_3D('',#14019,#11447,#11448);
#9224=AXIS2_PLACEMENT_3D('',#14021,#11449,#11450);
#9225=AXIS2_PLACEMENT_3D('',#14023,#11451,#11452);
#9226=AXIS2_PLACEMENT_3D('',#14025,#11453,#11454);
#9227=AXIS2_PLACEMENT_3D('',#14027,#11455,#11456);
#9228=AXIS2_PLACEMENT_3D('',#14029,#11457,#11458);
#9229=AXIS2_PLACEMENT_3D('',#14031,#11459,#11460);
#9230=AXIS2_PLACEMENT_3D('',#14033,#11461,#11462);
#9231=AXIS2_PLACEMENT_3D('',#14035,#11463,#11464);
#9232=AXIS2_PLACEMENT_3D('',#14037,#11465,#11466);
#9233=AXIS2_PLACEMENT_3D('',#14039,#11467,#11468);
#9234=AXIS2_PLACEMENT_3D('',#14041,#11469,#11470);
#9235=AXIS2_PLACEMENT_3D('',#14043,#11471,#11472);
#9236=AXIS2_PLACEMENT_3D('',#14045,#11473,#11474);
#9237=AXIS2_PLACEMENT_3D('',#14047,#11475,#11476);
#9238=AXIS2_PLACEMENT_3D('',#14049,#11477,#11478);
#9239=AXIS2_PLACEMENT_3D('',#14051,#11479,#11480);
#9240=AXIS2_PLACEMENT_3D('',#14053,#11481,#11482);
#9241=AXIS2_PLACEMENT_3D('',#14055,#11483,#11484);
#9242=AXIS2_PLACEMENT_3D('',#14057,#11485,#11486);
#9243=AXIS2_PLACEMENT_3D('',#14059,#11487,#11488);
#9244=AXIS2_PLACEMENT_3D('',#14061,#11489,#11490);
#9245=AXIS2_PLACEMENT_3D('',#14063,#11491,#11492);
#9246=AXIS2_PLACEMENT_3D('',#14065,#11493,#11494);
#9247=AXIS2_PLACEMENT_3D('',#14067,#11495,#11496);
#9248=AXIS2_PLACEMENT_3D('',#14069,#11497,#11498);
#9249=AXIS2_PLACEMENT_3D('',#14071,#11499,#11500);
#9250=AXIS2_PLACEMENT_3D('',#14073,#11501,#11502);
#9251=AXIS2_PLACEMENT_3D('',#14075,#11503,#11504);
#9252=AXIS2_PLACEMENT_3D('',#14077,#11505,#11506);
#9253=AXIS2_PLACEMENT_3D('',#14079,#11507,#11508);
#9254=AXIS2_PLACEMENT_3D('',#14081,#11509,#11510);
#9255=AXIS2_PLACEMENT_3D('',#14083,#11511,#11512);
#9256=AXIS2_PLACEMENT_3D('',#14085,#11513,#11514);
#9257=AXIS2_PLACEMENT_3D('',#14087,#11515,#11516);
#9258=AXIS2_PLACEMENT_3D('',#14089,#11517,#11518);
#9259=AXIS2_PLACEMENT_3D('',#14090,#11519,#11520);
#9260=AXIS2_PLACEMENT_3D('',#14092,#11521,#11522);
#9261=AXIS2_PLACEMENT_3D('',#14093,#11523,#11524);
#9262=AXIS2_PLACEMENT_3D('',#14095,#11525,#11526);
#9263=AXIS2_PLACEMENT_3D('',#14096,#11527,#11528);
#9264=AXIS2_PLACEMENT_3D('',#14098,#11529,#11530);
#9265=AXIS2_PLACEMENT_3D('',#14099,#11531,#11532);
#9266=AXIS2_PLACEMENT_3D('',#14101,#11533,#11534);
#9267=AXIS2_PLACEMENT_3D('',#14102,#11535,#11536);
#9268=AXIS2_PLACEMENT_3D('',#14104,#11537,#11538);
#9269=AXIS2_PLACEMENT_3D('',#14105,#11539,#11540);
#9270=AXIS2_PLACEMENT_3D('',#14107,#11541,#11542);
#9271=AXIS2_PLACEMENT_3D('',#14108,#11543,#11544);
#9272=AXIS2_PLACEMENT_3D('',#14110,#11545,#11546);
#9273=AXIS2_PLACEMENT_3D('',#14111,#11547,#11548);
#9274=AXIS2_PLACEMENT_3D('',#14113,#11549,#11550);
#9275=AXIS2_PLACEMENT_3D('',#14114,#11551,#11552);
#9276=AXIS2_PLACEMENT_3D('',#14116,#11553,#11554);
#9277=AXIS2_PLACEMENT_3D('',#14117,#11555,#11556);
#9278=AXIS2_PLACEMENT_3D('',#14119,#11557,#11558);
#9279=AXIS2_PLACEMENT_3D('',#14120,#11559,#11560);
#9280=AXIS2_PLACEMENT_3D('',#14122,#11561,#11562);
#9281=AXIS2_PLACEMENT_3D('',#14123,#11563,#11564);
#9282=AXIS2_PLACEMENT_3D('',#14125,#11565,#11566);
#9283=AXIS2_PLACEMENT_3D('',#14126,#11567,#11568);
#9284=AXIS2_PLACEMENT_3D('',#14128,#11569,#11570);
#9285=AXIS2_PLACEMENT_3D('',#14129,#11571,#11572);
#9286=AXIS2_PLACEMENT_3D('',#14131,#11573,#11574);
#9287=AXIS2_PLACEMENT_3D('',#14132,#11575,#11576);
#9288=AXIS2_PLACEMENT_3D('',#14134,#11577,#11578);
#9289=AXIS2_PLACEMENT_3D('',#14135,#11579,#11580);
#9290=AXIS2_PLACEMENT_3D('',#14137,#11581,#11582);
#9291=AXIS2_PLACEMENT_3D('',#14138,#11583,#11584);
#9292=AXIS2_PLACEMENT_3D('',#14140,#11585,#11586);
#9293=AXIS2_PLACEMENT_3D('',#14141,#11587,#11588);
#9294=AXIS2_PLACEMENT_3D('',#14143,#11589,#11590);
#9295=AXIS2_PLACEMENT_3D('',#14144,#11591,#11592);
#9296=AXIS2_PLACEMENT_3D('',#14146,#11593,#11594);
#9297=AXIS2_PLACEMENT_3D('',#14147,#11595,#11596);
#9298=AXIS2_PLACEMENT_3D('',#14149,#11597,#11598);
#9299=AXIS2_PLACEMENT_3D('',#14150,#11599,#11600);
#9300=AXIS2_PLACEMENT_3D('',#14152,#11601,#11602);
#9301=AXIS2_PLACEMENT_3D('',#14153,#11603,#11604);
#9302=AXIS2_PLACEMENT_3D('',#14155,#11605,#11606);
#9303=AXIS2_PLACEMENT_3D('',#14156,#11607,#11608);
#9304=AXIS2_PLACEMENT_3D('',#14158,#11609,#11610);
#9305=AXIS2_PLACEMENT_3D('',#14159,#11611,#11612);
#9306=AXIS2_PLACEMENT_3D('',#14161,#11613,#11614);
#9307=AXIS2_PLACEMENT_3D('',#14162,#11615,#11616);
#9308=AXIS2_PLACEMENT_3D('',#14164,#11617,#11618);
#9309=AXIS2_PLACEMENT_3D('',#14165,#11619,#11620);
#9310=AXIS2_PLACEMENT_3D('',#14167,#11621,#11622);
#9311=AXIS2_PLACEMENT_3D('',#14168,#11623,#11624);
#9312=AXIS2_PLACEMENT_3D('',#14170,#11625,#11626);
#9313=AXIS2_PLACEMENT_3D('',#14171,#11627,#11628);
#9314=AXIS2_PLACEMENT_3D('',#14173,#11629,#11630);
#9315=AXIS2_PLACEMENT_3D('',#14174,#11631,#11632);
#9316=AXIS2_PLACEMENT_3D('',#14176,#11633,#11634);
#9317=AXIS2_PLACEMENT_3D('',#14177,#11635,#11636);
#9318=AXIS2_PLACEMENT_3D('',#14179,#11637,#11638);
#9319=AXIS2_PLACEMENT_3D('',#14180,#11639,#11640);
#9320=AXIS2_PLACEMENT_3D('',#14182,#11641,#11642);
#9321=AXIS2_PLACEMENT_3D('',#14183,#11643,#11644);
#9322=AXIS2_PLACEMENT_3D('',#14185,#11645,#11646);
#9323=AXIS2_PLACEMENT_3D('',#14186,#11647,#11648);
#9324=AXIS2_PLACEMENT_3D('',#14188,#11649,#11650);
#9325=AXIS2_PLACEMENT_3D('',#14189,#11651,#11652);
#9326=AXIS2_PLACEMENT_3D('',#14191,#11653,#11654);
#9327=AXIS2_PLACEMENT_3D('',#14192,#11655,#11656);
#9328=AXIS2_PLACEMENT_3D('',#14194,#11657,#11658);
#9329=AXIS2_PLACEMENT_3D('',#14195,#11659,#11660);
#9330=AXIS2_PLACEMENT_3D('',#14197,#11661,#11662);
#9331=AXIS2_PLACEMENT_3D('',#14198,#11663,#11664);
#9332=AXIS2_PLACEMENT_3D('',#14200,#11665,#11666);
#9333=AXIS2_PLACEMENT_3D('',#14201,#11667,#11668);
#9334=AXIS2_PLACEMENT_3D('',#14203,#11669,#11670);
#9335=AXIS2_PLACEMENT_3D('',#14204,#11671,#11672);
#9336=AXIS2_PLACEMENT_3D('',#14206,#11673,#11674);
#9337=AXIS2_PLACEMENT_3D('',#14207,#11675,#11676);
#9338=AXIS2_PLACEMENT_3D('',#14209,#11677,#11678);
#9339=AXIS2_PLACEMENT_3D('',#14210,#11679,#11680);
#9340=AXIS2_PLACEMENT_3D('',#14211,#11681,#11682);
#9341=AXIS2_PLACEMENT_3D('',#14212,#11683,#11684);
#9342=AXIS2_PLACEMENT_3D('',#14213,#11685,#11686);
#9343=AXIS2_PLACEMENT_3D('',#14214,#11687,#11688);
#9344=AXIS2_PLACEMENT_3D('',#14215,#11689,#11690);
#9345=AXIS2_PLACEMENT_3D('',#14216,#11691,#11692);
#9346=AXIS2_PLACEMENT_3D('',#14217,#11693,#11694);
#9347=AXIS2_PLACEMENT_3D('',#14218,#11695,#11696);
#9348=AXIS2_PLACEMENT_3D('',#14219,#11697,#11698);
#9349=AXIS2_PLACEMENT_3D('',#14220,#11699,#11700);
#9350=AXIS2_PLACEMENT_3D('',#14221,#11701,#11702);
#9351=AXIS2_PLACEMENT_3D('',#14222,#11703,#11704);
#9352=AXIS2_PLACEMENT_3D('',#14223,#11705,#11706);
#9353=AXIS2_PLACEMENT_3D('',#14224,#11707,#11708);
#9354=AXIS2_PLACEMENT_3D('',#14225,#11709,#11710);
#9355=AXIS2_PLACEMENT_3D('',#14226,#11711,#11712);
#9356=AXIS2_PLACEMENT_3D('',#14227,#11713,#11714);
#9357=AXIS2_PLACEMENT_3D('',#14228,#11715,#11716);
#9358=AXIS2_PLACEMENT_3D('',#14229,#11717,#11718);
#9359=AXIS2_PLACEMENT_3D('',#14230,#11719,#11720);
#9360=AXIS2_PLACEMENT_3D('',#14231,#11721,#11722);
#9361=AXIS2_PLACEMENT_3D('',#14232,#11723,#11724);
#9362=AXIS2_PLACEMENT_3D('',#14233,#11725,#11726);
#9363=AXIS2_PLACEMENT_3D('',#14234,#11727,#11728);
#9364=AXIS2_PLACEMENT_3D('',#14235,#11729,#11730);
#9365=AXIS2_PLACEMENT_3D('',#14236,#11731,#11732);
#9366=AXIS2_PLACEMENT_3D('',#14237,#11733,#11734);
#9367=AXIS2_PLACEMENT_3D('',#14238,#11735,#11736);
#9368=AXIS2_PLACEMENT_3D('',#14239,#11737,#11738);
#9369=AXIS2_PLACEMENT_3D('',#14240,#11739,#11740);
#9370=AXIS2_PLACEMENT_3D('',#14241,#11741,#11742);
#9371=AXIS2_PLACEMENT_3D('',#14242,#11743,#11744);
#9372=AXIS2_PLACEMENT_3D('',#14243,#11745,#11746);
#9373=AXIS2_PLACEMENT_3D('',#14244,#11747,#11748);
#9374=AXIS2_PLACEMENT_3D('',#14245,#11749,#11750);
#9375=AXIS2_PLACEMENT_3D('',#14246,#11751,#11752);
#9376=AXIS2_PLACEMENT_3D('',#14247,#11753,#11754);
#9377=AXIS2_PLACEMENT_3D('',#14248,#11755,#11756);
#9378=AXIS2_PLACEMENT_3D('',#14249,#11757,#11758);
#9379=AXIS2_PLACEMENT_3D('',#14250,#11759,#11760);
#9380=DIRECTION('',(0.,0.,1.));
#9381=DIRECTION('',(1.,0.,0.));
#9382=DIRECTION('',(0.,1.,0.));
#9383=DIRECTION('',(0.,0.,1.));
#9384=DIRECTION('',(0.,-1.,0.));
#9385=DIRECTION('',(0.,0.,-1.));
#9386=DIRECTION('',(0.,0.,-1.));
#9387=DIRECTION('',(-1.,0.,0.));
#9388=DIRECTION('',(-0.707106781186548,0.,-0.707106781186548));
#9389=DIRECTION('',(0.,0.,-1.));
#9390=DIRECTION('',(0.,1.,0.));
#9391=DIRECTION('',(0.,0.,1.));
#9392=DIRECTION('',(0.,-1.,0.));
#9393=DIRECTION('',(0.,0.,-1.));
#9394=DIRECTION('',(3.03538665962696E-16,0.,1.));
#9395=DIRECTION('',(-1.,0.,0.));
#9396=DIRECTION('',(0.,0.,-1.));
#9397=DIRECTION('',(0.,0.,1.));
#9398=DIRECTION('',(1.,0.,0.));
#9399=DIRECTION('',(0.,-1.,0.));
#9400=DIRECTION('',(-1.,0.,0.));
#9401=DIRECTION('',(0.,-1.,0.));
#9402=DIRECTION('',(-1.,0.,0.));
#9403=DIRECTION('',(0.,0.,-1.));
#9404=DIRECTION('',(-1.,0.,0.));
#9405=DIRECTION('',(0.,-1.,0.));
#9406=DIRECTION('',(-1.,0.,0.));
#9407=DIRECTION('',(0.,1.,0.));
#9408=DIRECTION('',(1.,0.,0.));
#9409=DIRECTION('',(0.,1.,0.));
#9410=DIRECTION('',(0.,0.,1.));
#9411=DIRECTION('',(0.,0.,1.));
#9412=DIRECTION('',(-1.,0.,0.));
#9413=DIRECTION('',(0.,0.,-1.));
#9414=DIRECTION('',(-1.,0.,0.));
#9415=DIRECTION('',(0.,0.,-1.));
#9416=DIRECTION('',(-0.707106781186548,0.,-0.707106781186548));
#9417=DIRECTION('',(-1.,0.,0.));
#9418=DIRECTION('',(3.03538665962696E-16,0.,1.));
#9419=DIRECTION('',(-1.,0.,0.));
#9420=DIRECTION('',(0.,0.,1.));
#9421=DIRECTION('',(-1.,0.,0.));
#9422=DIRECTION('',(0.,1.,0.));
#9423=DIRECTION('',(0.,0.,1.));
#9424=DIRECTION('',(0.,0.,-1.));
#9425=DIRECTION('',(-1.,0.,0.));
#9426=DIRECTION('',(0.,0.,-1.));
#9427=DIRECTION('',(1.,0.,0.));
#9428=DIRECTION('',(0.,0.,1.));
#9429=DIRECTION('',(-1.,0.,0.));
#9430=DIRECTION('',(3.03538665962696E-16,0.,1.));
#9431=DIRECTION('',(1.,0.,0.));
#9432=DIRECTION('',(0.707106781186546,0.,-0.707106781186548));
#9433=DIRECTION('',(1.,0.,-3.03538665962696E-16));
#9434=DIRECTION('',(-3.03538665962696E-16,0.,-1.));
#9435=DIRECTION('',(0.,-0.707106781186548,-0.707106781186547));
#9436=DIRECTION('',(0.,0.,1.));
#9437=DIRECTION('',(0.,0.707106781186548,-0.707106781186547));
#9438=DIRECTION('',(0.,-1.,0.));
#9439=DIRECTION('',(3.03538665962696E-16,0.,1.));
#9440=DIRECTION('',(0.,-1.,0.));
#9441=DIRECTION('',(-1.,0.,0.));
#9442=DIRECTION('',(0.,0.,1.));
#9443=DIRECTION('',(0.,-0.707106781186548,-0.707106781186547));
#9444=DIRECTION('',(0.,-1.,0.));
#9445=DIRECTION('',(0.,0.,-1.));
#9446=DIRECTION('',(0.,-1.,0.));
#9447=DIRECTION('',(0.,0.707106781186548,-0.707106781186547));
#9448=DIRECTION('',(0.,-1.,0.));
#9449=DIRECTION('',(0.,0.,-1.));
#9450=DIRECTION('',(0.,-1.,0.));
#9451=DIRECTION('',(0.707106781186547,0.707106781186548,0.));
#9452=DIRECTION('',(-0.707106781186547,0.707106781186548,0.));
#9453=DIRECTION('',(0.577350269189626,-0.577350269189626,0.577350269189625));
#9454=DIRECTION('',(0.,0.,1.));
#9455=DIRECTION('',(0.577350269189626,-0.577350269189626,0.577350269189626));
#9456=DIRECTION('',(0.707106781186547,0.707106781186548,0.));
#9457=DIRECTION('',(-0.707106781186547,0.707106781186548,0.));
#9458=DIRECTION('',(0.,0.,1.));
#9459=DIRECTION('',(-0.577350269189626,0.577350269189626,0.577350269189625));
#9460=DIRECTION('',(0.577350269189626,-0.577350269189626,-0.577350269189626));
#9461=DIRECTION('',(-0.707106781186547,0.707106781186548,0.));
#9462=DIRECTION('',(0.707106781186547,0.707106781186548,0.));
#9463=DIRECTION('',(0.,0.,-1.));
#9464=DIRECTION('',(0.577350269189626,0.577350269189626,-0.577350269189625));
#9465=DIRECTION('',(0.707106781186548,0.707106781186547,0.));
#9466=DIRECTION('',(-0.707106781186547,0.707106781186548,0.));
#9467=DIRECTION('',(0.707106781186547,0.707106781186548,0.));
#9468=DIRECTION('',(-0.577350269189626,-0.577350269189626,-0.577350269189625));
#9469=DIRECTION('',(0.,0.,-1.));
#9470=DIRECTION('',(-0.577350269189626,-0.577350269189626,-0.577350269189626));
#9471=DIRECTION('',(0.,0.,1.));
#9472=DIRECTION('',(1.,0.,0.));
#9473=DIRECTION('',(-1.,0.,0.));
#9474=DIRECTION('',(0.,1.,0.));
#9475=DIRECTION('',(-1.,0.,0.));
#9476=DIRECTION('',(0.,0.,-1.));
#9477=DIRECTION('',(-1.,0.,0.));
#9478=DIRECTION('',(0.,-1.,0.));
#9479=DIRECTION('',(-1.,0.,0.));
#9480=DIRECTION('',(1.,0.,0.));
#9481=DIRECTION('',(0.,1.,0.));
#9482=DIRECTION('',(0.,0.,1.));
#9483=DIRECTION('',(0.,0.,1.));
#9484=DIRECTION('',(0.,1.,0.));
#9485=DIRECTION('',(0.,0.,1.));
#9486=DIRECTION('',(0.,-1.,0.));
#9487=DIRECTION('',(0.,0.,-1.));
#9488=DIRECTION('',(0.,0.,-1.));
#9489=DIRECTION('',(1.,0.,0.));
#9490=DIRECTION('',(0.,0.,1.));
#9491=DIRECTION('',(1.,0.,0.));
#9492=DIRECTION('',(0.,1.,0.));
#9493=DIRECTION('',(-1.,0.,0.));
#9494=DIRECTION('',(0.,1.,0.));
#9495=DIRECTION('',(0.,-1.,0.));
#9496=DIRECTION('',(0.,0.,-1.));
#9497=DIRECTION('',(-1.,0.,0.));
#9498=DIRECTION('',(-1.,0.,0.));
#9499=DIRECTION('',(0.,-1.,0.));
#9500=DIRECTION('',(1.,0.,0.));
#9501=DIRECTION('',(0.,-1.,0.));
#9502=DIRECTION('',(0.,-1.,0.));
#9503=DIRECTION('',(-0.707106781186549,0.,-0.707106781186547));
#9504=DIRECTION('',(-0.707106781186547,0.,0.707106781186549));
#9505=DIRECTION('',(0.707106781186546,0.,-0.707106781186548));
#9506=DIRECTION('',(-0.707106781186548,0.,0.707106781186548));
#9507=DIRECTION('',(0.707106781186548,0.,0.707106781186548));
#9508=DIRECTION('',(0.,1.,0.));
#9509=DIRECTION('',(0.,0.,1.));
#9510=DIRECTION('',(0.,-1.,0.));
#9511=DIRECTION('',(0.,0.,-1.));
#9512=DIRECTION('',(0.,0.,-1.));
#9513=DIRECTION('',(0.,0.707106781186548,0.707106781186547));
#9514=DIRECTION('',(0.,0.707106781186548,-0.707106781186547));
#9515=DIRECTION('',(0.,-0.707106781186547,0.707106781186548));
#9516=DIRECTION('',(-1.,0.,0.));
#9517=DIRECTION('',(0.,0.707106781186548,-0.707106781186547));
#9518=DIRECTION('',(0.,0.707106781186548,0.707106781186547));
#9519=DIRECTION('',(1.,0.,0.));
#9520=DIRECTION('',(0.,-0.868243142124459,0.496138938356834));
#9521=DIRECTION('',(0.,-0.496138938356834,-0.868243142124459));
#9522=DIRECTION('',(0.,0.496138938356834,0.868243142124459));
#9523=DIRECTION('',(-1.,0.,0.));
#9524=DIRECTION('',(0.,0.496138938356834,0.868243142124459));
#9525=DIRECTION('',(0.,-0.868243142124459,-0.496138938356834));
#9526=DIRECTION('',(0.,0.496138938356834,-0.868243142124459));
#9527=DIRECTION('',(0.,-0.496138938356834,0.868243142124459));
#9528=DIRECTION('',(0.,-0.496138938356834,0.868243142124459));
#9529=DIRECTION('',(-1.,0.,0.));
#9530=DIRECTION('',(0.,-1.,-5.02177940011813E-17));
#9531=DIRECTION('',(0.,5.02177940011813E-17,-1.));
#9532=DIRECTION('',(0.,-5.02177940011813E-17,1.));
#9533=DIRECTION('',(0.,-5.02177940011813E-17,1.));
#9534=DIRECTION('',(1.,0.,0.));
#9535=DIRECTION('',(0.,0.,-1.));
#9536=DIRECTION('',(1.,0.,0.));
#9537=DIRECTION('',(0.,0.,-1.));
#9538=DIRECTION('',(0.,1.,0.));
#9539=DIRECTION('',(0.,0.,1.));
#9540=DIRECTION('',(0.,0.,-1.));
#9541=DIRECTION('',(0.,0.,-1.));
#9542=DIRECTION('',(-1.,0.,0.));
#9543=DIRECTION('',(-1.,0.,0.));
#9544=DIRECTION('',(0.,1.,0.));
#9545=DIRECTION('',(0.,1.,0.));
#9546=DIRECTION('',(-1.,0.,0.));
#9547=DIRECTION('',(0.,0.,1.));
#9548=DIRECTION('',(0.,1.,0.));
#9549=DIRECTION('',(0.,0.,1.));
#9550=DIRECTION('',(0.,0.,1.));
#9551=DIRECTION('',(1.,0.,0.));
#9552=DIRECTION('',(0.,1.,0.));
#9553=DIRECTION('',(1.,0.,0.));
#9554=DIRECTION('',(1.,0.,0.));
#9555=DIRECTION('',(0.,0.,-1.));
#9556=DIRECTION('',(0.,1.,0.));
#9557=DIRECTION('',(0.,0.,-1.));
#9558=DIRECTION('',(0.,1.,0.));
#9559=DIRECTION('',(0.,0.,1.));
#9560=DIRECTION('',(1.,0.,0.));
#9561=DIRECTION('',(0.,0.,1.));
#9562=DIRECTION('',(0.,0.707106781186547,-0.707106781186548));
#9563=DIRECTION('',(0.,0.707106781186548,0.707106781186547));
#9564=DIRECTION('',(0.,0.707106781186547,0.707106781186548));
#9565=DIRECTION('',(0.,-0.707106781186548,0.707106781186547));
#9566=DIRECTION('',(0.,0.707106781186547,-0.707106781186548));
#9567=DIRECTION('',(0.,0.707106781186548,0.707106781186547));
#9568=DIRECTION('',(0.,0.707106781186547,0.707106781186548));
#9569=DIRECTION('',(0.,-0.707106781186548,0.707106781186547));
#9570=DIRECTION('',(-1.,0.,0.));
#9571=DIRECTION('',(0.,0.,1.));
#9572=DIRECTION('',(0.,-1.,0.));
#9573=DIRECTION('',(0.,0.,1.));
#9574=DIRECTION('',(1.,0.,0.));
#9575=DIRECTION('',(0.,-1.,0.));
#9576=DIRECTION('',(0.,0.,-1.));
#9577=DIRECTION('',(0.,-1.,0.));
#9578=DIRECTION('',(0.,0.,-1.));
#9579=DIRECTION('',(0.,-1.,0.));
#9580=DIRECTION('',(-1.,0.,0.));
#9581=DIRECTION('',(0.,-1.,0.));
#9582=DIRECTION('',(0.,0.,-1.));
#9583=DIRECTION('',(0.,-1.,0.));
#9584=DIRECTION('',(0.,0.,-1.));
#9585=DIRECTION('',(0.,-1.,0.));
#9586=DIRECTION('',(-1.,0.,0.));
#9587=DIRECTION('',(0.,0.,1.));
#9588=DIRECTION('',(1.,0.,0.));
#9589=DIRECTION('',(1.,0.,0.));
#9590=DIRECTION('',(0.,0.,-1.));
#9591=DIRECTION('',(0.,3.12668539899855E-17,1.));
#9592=DIRECTION('',(0.,-1.,0.));
#9593=DIRECTION('',(0.,0.,1.));
#9594=DIRECTION('',(0.,-1.,0.));
#9595=DIRECTION('',(0.,0.,-1.));
#9596=DIRECTION('',(0.,1.,1.58093055188904E-16));
#9597=DIRECTION('',(0.,1.0671281225251E-16,1.));
#9598=DIRECTION('',(0.,-1.,-3.16186110377808E-16));
#9599=DIRECTION('',(0.,0.,-1.));
#9600=DIRECTION('',(0.,1.,0.));
#9601=DIRECTION('',(0.,0.,1.));
#9602=DIRECTION('',(0.,1.,-4.74279165566713E-16));
#9603=DIRECTION('',(-1.,0.,0.));
#9604=DIRECTION('',(0.,0.,1.));
#9605=DIRECTION('',(0.,-3.12668539899855E-17,-1.));
#9606=DIRECTION('',(0.,1.,-4.74279165566713E-16));
#9607=DIRECTION('',(0.,0.,1.));
#9608=DIRECTION('',(0.,1.,0.));
#9609=DIRECTION('',(0.,0.,1.));
#9610=DIRECTION('',(0.,-1.,-3.16186110377808E-16));
#9611=DIRECTION('',(0.,1.0671281225251E-16,1.));
#9612=DIRECTION('',(0.,1.,1.58093055188904E-16));
#9613=DIRECTION('',(0.,0.,1.));
#9614=DIRECTION('',(0.,-1.,0.));
#9615=DIRECTION('',(0.,0.,1.));
#9616=DIRECTION('',(0.,-1.,0.));
#9617=DIRECTION('',(0.,4.74279165566713E-16,1.));
#9618=DIRECTION('',(0.,-1.,4.74279165566713E-16));
#9619=DIRECTION('',(-1.,0.,0.));
#9620=DIRECTION('',(-1.,0.,0.));
#9621=DIRECTION('',(0.,0.,-1.));
#9622=DIRECTION('',(-1.,0.,0.));
#9623=DIRECTION('',(1.,0.,0.));
#9624=DIRECTION('',(-1.,0.,0.));
#9625=DIRECTION('',(0.,0.,1.));
#9626=DIRECTION('',(1.,0.,0.));
#9627=DIRECTION('',(-1.,0.,0.));
#9628=DIRECTION('',(0.,1.,0.));
#9629=DIRECTION('',(-1.,0.,0.));
#9630=DIRECTION('',(0.,-1.,0.));
#9631=DIRECTION('',(0.,0.,1.));
#9632=DIRECTION('',(1.,0.,0.));
#9633=DIRECTION('',(-1.,0.,0.));
#9634=DIRECTION('',(0.,1.,0.));
#9635=DIRECTION('',(-1.,0.,0.));
#9636=DIRECTION('',(0.,-1.,0.));
#9637=DIRECTION('',(0.,0.,1.));
#9638=DIRECTION('',(1.,0.,0.));
#9639=DIRECTION('',(-1.,0.,0.));
#9640=DIRECTION('',(0.,1.,0.));
#9641=DIRECTION('',(-1.,0.,0.));
#9642=DIRECTION('',(0.,-1.,0.));
#9643=DIRECTION('',(0.,0.,1.));
#9644=DIRECTION('',(1.,0.,0.));
#9645=DIRECTION('',(-1.,0.,0.));
#9646=DIRECTION('',(0.,1.,0.));
#9647=DIRECTION('',(-1.,0.,0.));
#9648=DIRECTION('',(0.,-1.,0.));
#9649=DIRECTION('',(0.,0.,1.));
#9650=DIRECTION('',(1.,0.,0.));
#9651=DIRECTION('',(-1.,0.,0.));
#9652=DIRECTION('',(0.,1.,0.));
#9653=DIRECTION('',(-1.,0.,0.));
#9654=DIRECTION('',(0.,-1.,0.));
#9655=DIRECTION('',(0.,0.,1.));
#9656=DIRECTION('',(1.,0.,0.));
#9657=DIRECTION('',(-1.,0.,0.));
#9658=DIRECTION('',(0.,1.,0.));
#9659=DIRECTION('',(-1.,0.,0.));
#9660=DIRECTION('',(0.,-1.,0.));
#9661=DIRECTION('',(0.,0.,1.));
#9662=DIRECTION('',(1.,0.,0.));
#9663=DIRECTION('',(-1.,0.,0.));
#9664=DIRECTION('',(0.,1.,0.));
#9665=DIRECTION('',(-1.,0.,0.));
#9666=DIRECTION('',(0.,-1.,0.));
#9667=DIRECTION('',(0.,0.,1.));
#9668=DIRECTION('',(1.,0.,0.));
#9669=DIRECTION('',(-1.,0.,0.));
#9670=DIRECTION('',(0.,1.,0.));
#9671=DIRECTION('',(-1.,0.,0.));
#9672=DIRECTION('',(0.,-1.,0.));
#9673=DIRECTION('',(0.,0.,1.));
#9674=DIRECTION('',(1.,0.,0.));
#9675=DIRECTION('',(-1.,0.,0.));
#9676=DIRECTION('',(0.,1.,0.));
#9677=DIRECTION('',(-1.,0.,0.));
#9678=DIRECTION('',(0.,-1.,0.));
#9679=DIRECTION('',(0.,0.,1.));
#9680=DIRECTION('',(1.,0.,0.));
#9681=DIRECTION('',(-1.,0.,0.));
#9682=DIRECTION('',(0.,1.,0.));
#9683=DIRECTION('',(-1.,0.,0.));
#9684=DIRECTION('',(0.,-1.,0.));
#9685=DIRECTION('',(0.,0.,1.));
#9686=DIRECTION('',(1.,0.,0.));
#9687=DIRECTION('',(-1.,0.,0.));
#9688=DIRECTION('',(0.,1.,0.));
#9689=DIRECTION('',(-1.,0.,0.));
#9690=DIRECTION('',(0.,-1.,0.));
#9691=DIRECTION('',(0.,0.,1.));
#9692=DIRECTION('',(1.,0.,0.));
#9693=DIRECTION('',(-1.,0.,0.));
#9694=DIRECTION('',(0.,1.,0.));
#9695=DIRECTION('',(-1.,0.,0.));
#9696=DIRECTION('',(0.,-1.,0.));
#9697=DIRECTION('',(0.,0.,1.));
#9698=DIRECTION('',(1.,0.,0.));
#9699=DIRECTION('',(-1.,0.,0.));
#9700=DIRECTION('',(0.,1.,0.));
#9701=DIRECTION('',(-1.,0.,0.));
#9702=DIRECTION('',(0.,-1.,0.));
#9703=DIRECTION('',(0.,0.,1.));
#9704=DIRECTION('',(1.,0.,0.));
#9705=DIRECTION('',(-1.,0.,0.));
#9706=DIRECTION('',(0.,1.,0.));
#9707=DIRECTION('',(-1.,0.,0.));
#9708=DIRECTION('',(0.,-1.,0.));
#9709=DIRECTION('',(0.,0.,1.));
#9710=DIRECTION('',(1.,0.,0.));
#9711=DIRECTION('',(-1.,0.,0.));
#9712=DIRECTION('',(0.,1.,0.));
#9713=DIRECTION('',(-1.,0.,0.));
#9714=DIRECTION('',(0.,-1.,0.));
#9715=DIRECTION('',(0.,0.,1.));
#9716=DIRECTION('',(1.,0.,0.));
#9717=DIRECTION('',(-1.,0.,0.));
#9718=DIRECTION('',(0.,1.,0.));
#9719=DIRECTION('',(-1.,0.,0.));
#9720=DIRECTION('',(0.,-1.,0.));
#9721=DIRECTION('',(0.,0.,1.));
#9722=DIRECTION('',(1.,0.,0.));
#9723=DIRECTION('',(-1.,0.,0.));
#9724=DIRECTION('',(0.,1.,0.));
#9725=DIRECTION('',(-1.,0.,0.));
#9726=DIRECTION('',(0.,-1.,0.));
#9727=DIRECTION('',(0.,0.,1.));
#9728=DIRECTION('',(1.,0.,0.));
#9729=DIRECTION('',(-1.,0.,0.));
#9730=DIRECTION('',(0.,1.,0.));
#9731=DIRECTION('',(-1.,0.,0.));
#9732=DIRECTION('',(0.,-1.,0.));
#9733=DIRECTION('',(0.,0.,1.));
#9734=DIRECTION('',(1.,0.,0.));
#9735=DIRECTION('',(-1.,0.,0.));
#9736=DIRECTION('',(0.,1.,0.));
#9737=DIRECTION('',(-1.,0.,0.));
#9738=DIRECTION('',(0.,-1.,0.));
#9739=DIRECTION('',(0.,0.,1.));
#9740=DIRECTION('',(1.,0.,0.));
#9741=DIRECTION('',(-1.,0.,0.));
#9742=DIRECTION('',(0.,1.,0.));
#9743=DIRECTION('',(-1.,0.,0.));
#9744=DIRECTION('',(0.,-1.,0.));
#9745=DIRECTION('',(0.,0.,-1.));
#9746=DIRECTION('',(-1.,0.,0.));
#9747=DIRECTION('',(1.,0.,0.));
#9748=DIRECTION('',(0.,1.,0.));
#9749=DIRECTION('',(1.,0.,0.));
#9750=DIRECTION('',(0.,-1.,0.));
#9751=DIRECTION('',(0.,0.,-1.));
#9752=DIRECTION('',(-1.,0.,0.));
#9753=DIRECTION('',(1.,0.,0.));
#9754=DIRECTION('',(0.,1.,0.));
#9755=DIRECTION('',(1.,0.,0.));
#9756=DIRECTION('',(0.,-1.,0.));
#9757=DIRECTION('',(0.,0.,-1.));
#9758=DIRECTION('',(-1.,0.,0.));
#9759=DIRECTION('',(1.,0.,0.));
#9760=DIRECTION('',(0.,1.,0.));
#9761=DIRECTION('',(1.,0.,0.));
#9762=DIRECTION('',(0.,-1.,0.));
#9763=DIRECTION('',(0.,0.,-1.));
#9764=DIRECTION('',(-1.,0.,0.));
#9765=DIRECTION('',(1.,0.,0.));
#9766=DIRECTION('',(0.,1.,0.));
#9767=DIRECTION('',(1.,0.,0.));
#9768=DIRECTION('',(0.,-1.,0.));
#9769=DIRECTION('',(0.,0.,-1.));
#9770=DIRECTION('',(-1.,0.,0.));
#9771=DIRECTION('',(1.,0.,0.));
#9772=DIRECTION('',(0.,1.,0.));
#9773=DIRECTION('',(1.,0.,0.));
#9774=DIRECTION('',(0.,-1.,0.));
#9775=DIRECTION('',(0.,0.,-1.));
#9776=DIRECTION('',(-1.,0.,0.));
#9777=DIRECTION('',(1.,0.,0.));
#9778=DIRECTION('',(0.,1.,0.));
#9779=DIRECTION('',(1.,0.,0.));
#9780=DIRECTION('',(0.,-1.,0.));
#9781=DIRECTION('',(0.,0.,-1.));
#9782=DIRECTION('',(-1.,0.,0.));
#9783=DIRECTION('',(1.,0.,0.));
#9784=DIRECTION('',(0.,1.,0.));
#9785=DIRECTION('',(1.,0.,0.));
#9786=DIRECTION('',(0.,-1.,0.));
#9787=DIRECTION('',(0.,0.,-1.));
#9788=DIRECTION('',(-1.,0.,0.));
#9789=DIRECTION('',(1.,0.,0.));
#9790=DIRECTION('',(0.,1.,0.));
#9791=DIRECTION('',(1.,0.,0.));
#9792=DIRECTION('',(0.,-1.,0.));
#9793=DIRECTION('',(0.,0.,-1.));
#9794=DIRECTION('',(-1.,0.,0.));
#9795=DIRECTION('',(1.,0.,0.));
#9796=DIRECTION('',(0.,1.,0.));
#9797=DIRECTION('',(1.,0.,0.));
#9798=DIRECTION('',(0.,-1.,0.));
#9799=DIRECTION('',(0.,0.,-1.));
#9800=DIRECTION('',(-1.,0.,0.));
#9801=DIRECTION('',(1.,0.,0.));
#9802=DIRECTION('',(0.,1.,0.));
#9803=DIRECTION('',(1.,0.,0.));
#9804=DIRECTION('',(0.,-1.,0.));
#9805=DIRECTION('',(0.,0.,-1.));
#9806=DIRECTION('',(-1.,0.,0.));
#9807=DIRECTION('',(1.,0.,0.));
#9808=DIRECTION('',(0.,1.,0.));
#9809=DIRECTION('',(1.,0.,0.));
#9810=DIRECTION('',(0.,-1.,0.));
#9811=DIRECTION('',(0.,0.,-1.));
#9812=DIRECTION('',(-1.,0.,0.));
#9813=DIRECTION('',(1.,0.,0.));
#9814=DIRECTION('',(0.,1.,0.));
#9815=DIRECTION('',(1.,0.,0.));
#9816=DIRECTION('',(0.,-1.,0.));
#9817=DIRECTION('',(0.,0.,-1.));
#9818=DIRECTION('',(-1.,0.,0.));
#9819=DIRECTION('',(1.,0.,0.));
#9820=DIRECTION('',(0.,1.,0.));
#9821=DIRECTION('',(1.,0.,0.));
#9822=DIRECTION('',(0.,-1.,0.));
#9823=DIRECTION('',(0.,0.,-1.));
#9824=DIRECTION('',(-1.,0.,0.));
#9825=DIRECTION('',(1.,0.,0.));
#9826=DIRECTION('',(0.,1.,0.));
#9827=DIRECTION('',(1.,0.,0.));
#9828=DIRECTION('',(0.,-1.,0.));
#9829=DIRECTION('',(0.,0.,-1.));
#9830=DIRECTION('',(-1.,0.,0.));
#9831=DIRECTION('',(1.,0.,0.));
#9832=DIRECTION('',(0.,1.,0.));
#9833=DIRECTION('',(1.,0.,0.));
#9834=DIRECTION('',(0.,-1.,0.));
#9835=DIRECTION('',(0.,0.,-1.));
#9836=DIRECTION('',(-1.,0.,0.));
#9837=DIRECTION('',(1.,0.,0.));
#9838=DIRECTION('',(0.,1.,0.));
#9839=DIRECTION('',(1.,0.,0.));
#9840=DIRECTION('',(0.,-1.,0.));
#9841=DIRECTION('',(0.,0.,-1.));
#9842=DIRECTION('',(-1.,0.,0.));
#9843=DIRECTION('',(1.,0.,0.));
#9844=DIRECTION('',(0.,1.,0.));
#9845=DIRECTION('',(1.,0.,0.));
#9846=DIRECTION('',(0.,-1.,0.));
#9847=DIRECTION('',(0.,0.,-1.));
#9848=DIRECTION('',(-1.,0.,0.));
#9849=DIRECTION('',(1.,0.,0.));
#9850=DIRECTION('',(0.,1.,0.));
#9851=DIRECTION('',(1.,0.,0.));
#9852=DIRECTION('',(0.,-1.,0.));
#9853=DIRECTION('',(0.,0.,-1.));
#9854=DIRECTION('',(-1.,0.,0.));
#9855=DIRECTION('',(1.,0.,0.));
#9856=DIRECTION('',(0.,1.,0.));
#9857=DIRECTION('',(1.,0.,0.));
#9858=DIRECTION('',(0.,-1.,0.));
#9859=DIRECTION('',(0.,0.,-1.));
#9860=DIRECTION('',(-1.,0.,0.));
#9861=DIRECTION('',(1.,0.,0.));
#9862=DIRECTION('',(0.,1.,0.));
#9863=DIRECTION('',(1.,0.,0.));
#9864=DIRECTION('',(0.,-1.,0.));
#9865=DIRECTION('',(0.,1.,0.));
#9866=DIRECTION('',(0.,0.,1.));
#9867=DIRECTION('',(-1.,0.,0.));
#9868=DIRECTION('',(0.,0.,1.));
#9869=DIRECTION('',(0.,0.,-1.));
#9870=DIRECTION('',(0.,1.,0.));
#9871=DIRECTION('',(0.,0.,1.));
#9872=DIRECTION('',(-1.,0.,0.));
#9873=DIRECTION('',(0.,0.,1.));
#9874=DIRECTION('',(0.,0.,-1.));
#9875=DIRECTION('',(0.,1.,0.));
#9876=DIRECTION('',(0.,0.,1.));
#9877=DIRECTION('',(-1.,0.,0.));
#9878=DIRECTION('',(0.,0.,1.));
#9879=DIRECTION('',(0.,0.,-1.));
#9880=DIRECTION('',(0.,1.,0.));
#9881=DIRECTION('',(0.,0.,1.));
#9882=DIRECTION('',(-1.,0.,0.));
#9883=DIRECTION('',(0.,0.,1.));
#9884=DIRECTION('',(0.,0.,-1.));
#9885=DIRECTION('',(0.,1.,0.));
#9886=DIRECTION('',(0.,0.,1.));
#9887=DIRECTION('',(-1.,0.,0.));
#9888=DIRECTION('',(0.,0.,1.));
#9889=DIRECTION('',(0.,0.,-1.));
#9890=DIRECTION('',(0.,1.,0.));
#9891=DIRECTION('',(0.,0.,1.));
#9892=DIRECTION('',(-1.,0.,0.));
#9893=DIRECTION('',(0.,0.,1.));
#9894=DIRECTION('',(0.,0.,-1.));
#9895=DIRECTION('',(0.,1.,0.));
#9896=DIRECTION('',(0.,0.,1.));
#9897=DIRECTION('',(-1.,0.,0.));
#9898=DIRECTION('',(0.,0.,1.));
#9899=DIRECTION('',(0.,0.,-1.));
#9900=DIRECTION('',(0.,1.,0.));
#9901=DIRECTION('',(0.,0.,1.));
#9902=DIRECTION('',(-1.,0.,0.));
#9903=DIRECTION('',(0.,0.,1.));
#9904=DIRECTION('',(0.,0.,-1.));
#9905=DIRECTION('',(0.,1.,0.));
#9906=DIRECTION('',(0.,0.,1.));
#9907=DIRECTION('',(-1.,0.,0.));
#9908=DIRECTION('',(0.,0.,1.));
#9909=DIRECTION('',(0.,0.,-1.));
#9910=DIRECTION('',(0.,1.,0.));
#9911=DIRECTION('',(0.,0.,1.));
#9912=DIRECTION('',(-1.,0.,0.));
#9913=DIRECTION('',(0.,0.,1.));
#9914=DIRECTION('',(0.,0.,-1.));
#9915=DIRECTION('',(0.,1.,0.));
#9916=DIRECTION('',(0.,0.,1.));
#9917=DIRECTION('',(-1.,0.,0.));
#9918=DIRECTION('',(0.,0.,1.));
#9919=DIRECTION('',(0.,0.,-1.));
#9920=DIRECTION('',(0.,1.,0.));
#9921=DIRECTION('',(0.,0.,1.));
#9922=DIRECTION('',(-1.,0.,0.));
#9923=DIRECTION('',(0.,0.,1.));
#9924=DIRECTION('',(0.,0.,-1.));
#9925=DIRECTION('',(0.,1.,0.));
#9926=DIRECTION('',(0.,0.,1.));
#9927=DIRECTION('',(-1.,0.,0.));
#9928=DIRECTION('',(0.,0.,1.));
#9929=DIRECTION('',(0.,0.,-1.));
#9930=DIRECTION('',(0.,1.,0.));
#9931=DIRECTION('',(0.,0.,1.));
#9932=DIRECTION('',(-1.,0.,0.));
#9933=DIRECTION('',(0.,0.,1.));
#9934=DIRECTION('',(0.,0.,-1.));
#9935=DIRECTION('',(0.,1.,0.));
#9936=DIRECTION('',(0.,0.,1.));
#9937=DIRECTION('',(-1.,0.,0.));
#9938=DIRECTION('',(0.,0.,1.));
#9939=DIRECTION('',(0.,0.,-1.));
#9940=DIRECTION('',(0.,1.,0.));
#9941=DIRECTION('',(0.,0.,1.));
#9942=DIRECTION('',(-1.,0.,0.));
#9943=DIRECTION('',(0.,0.,1.));
#9944=DIRECTION('',(0.,0.,-1.));
#9945=DIRECTION('',(0.,1.,0.));
#9946=DIRECTION('',(0.,0.,1.));
#9947=DIRECTION('',(-1.,0.,0.));
#9948=DIRECTION('',(0.,0.,1.));
#9949=DIRECTION('',(0.,0.,-1.));
#9950=DIRECTION('',(0.,1.,0.));
#9951=DIRECTION('',(0.,0.,1.));
#9952=DIRECTION('',(-1.,0.,0.));
#9953=DIRECTION('',(0.,0.,1.));
#9954=DIRECTION('',(0.,0.,-1.));
#9955=DIRECTION('',(0.,1.,0.));
#9956=DIRECTION('',(0.,0.,1.));
#9957=DIRECTION('',(-1.,0.,0.));
#9958=DIRECTION('',(0.,0.,1.));
#9959=DIRECTION('',(0.,0.,-1.));
#9960=DIRECTION('',(0.,1.,0.));
#9961=DIRECTION('',(0.,0.,1.));
#9962=DIRECTION('',(-1.,0.,0.));
#9963=DIRECTION('',(0.,0.,1.));
#9964=DIRECTION('',(0.,0.,-1.));
#9965=DIRECTION('',(-1.,0.,0.));
#9966=DIRECTION('',(0.,0.,1.));
#9967=DIRECTION('',(0.,0.,-1.));
#9968=DIRECTION('',(0.,-1.,0.));
#9969=DIRECTION('',(-1.,0.,0.));
#9970=DIRECTION('',(0.,0.,1.));
#9971=DIRECTION('',(0.,5.9284895695839E-17,-1.));
#9972=DIRECTION('',(-1.,0.,0.));
#9973=DIRECTION('',(0.,0.,1.));
#9974=DIRECTION('',(0.,1.,1.58093055188904E-16));
#9975=DIRECTION('',(-1.,0.,0.));
#9976=DIRECTION('',(0.,0.,1.));
#9977=DIRECTION('',(0.,0.,-1.));
#9978=DIRECTION('',(0.,-1.,-3.16186110377808E-16));
#9979=DIRECTION('',(-1.,0.,0.));
#9980=DIRECTION('',(0.,0.,1.));
#9981=DIRECTION('',(0.,0.,1.));
#9982=DIRECTION('',(0.,-5.9284895695839E-17,-1.));
#9983=DIRECTION('',(-1.,0.,0.));
#9984=DIRECTION('',(0.,0.,1.));
#9985=DIRECTION('',(0.,1.,0.));
#9986=DIRECTION('',(0.,-1.,0.));
#9987=DIRECTION('',(0.,0.,-1.));
#9988=DIRECTION('',(1.,0.,0.));
#9989=DIRECTION('',(-1.,0.,0.));
#9990=DIRECTION('',(0.,-1.,0.));
#9991=DIRECTION('',(0.,0.,-1.));
#9992=DIRECTION('',(1.,0.,0.));
#9993=DIRECTION('',(-1.,0.,0.));
#9994=DIRECTION('',(-1.,0.,0.));
#9995=DIRECTION('',(0.,0.,1.));
#9996=DIRECTION('',(0.,0.,-1.));
#9997=DIRECTION('',(0.,-1.,0.));
#9998=DIRECTION('',(-1.,0.,0.));
#9999=DIRECTION('',(0.,0.,1.));
#10000=DIRECTION('',(0.,5.9284895695839E-17,-1.));
#10001=DIRECTION('',(-1.,0.,0.));
#10002=DIRECTION('',(0.,0.,1.));
#10003=DIRECTION('',(0.,1.,1.58093055188904E-16));
#10004=DIRECTION('',(-1.,0.,0.));
#10005=DIRECTION('',(0.,0.,1.));
#10006=DIRECTION('',(0.,0.,-1.));
#10007=DIRECTION('',(0.,-1.,-3.16186110377808E-16));
#10008=DIRECTION('',(-1.,0.,0.));
#10009=DIRECTION('',(0.,0.,1.));
#10010=DIRECTION('',(0.,0.,1.));
#10011=DIRECTION('',(0.,-5.9284895695839E-17,-1.));
#10012=DIRECTION('',(-1.,0.,0.));
#10013=DIRECTION('',(0.,0.,1.));
#10014=DIRECTION('',(0.,1.,0.));
#10015=DIRECTION('',(1.,0.,0.));
#10016=DIRECTION('',(0.,0.,-1.));
#10017=DIRECTION('',(1.,0.,0.));
#10018=DIRECTION('',(0.,0.,-1.));
#10019=DIRECTION('',(0.,1.,0.));
#10020=DIRECTION('',(0.,0.,-1.));
#10021=DIRECTION('',(0.,-1.,-1.58093055188904E-16));
#10022=DIRECTION('',(1.,0.,0.));
#10023=DIRECTION('',(0.,0.,-1.));
#10024=DIRECTION('',(0.,-5.9284895695839E-17,1.));
#10025=DIRECTION('',(1.,0.,0.));
#10026=DIRECTION('',(0.,0.,-1.));
#10027=DIRECTION('',(1.,0.,0.));
#10028=DIRECTION('',(0.,0.,-1.));
#10029=DIRECTION('',(0.,1.,3.16186110377808E-16));
#10030=DIRECTION('',(0.,0.,-1.));
#10031=DIRECTION('',(0.,-1.,0.));
#10032=DIRECTION('',(1.,0.,0.));
#10033=DIRECTION('',(0.,0.,-1.));
#10034=DIRECTION('',(0.,5.9284895695839E-17,1.));
#10035=DIRECTION('',(0.,0.,-1.));
#10036=DIRECTION('',(0.,-1.,0.));
#10037=DIRECTION('',(0.,0.,-1.));
#10038=DIRECTION('',(1.,0.,0.));
#10039=DIRECTION('',(-1.,0.,0.));
#10040=DIRECTION('',(0.,-1.,0.));
#10041=DIRECTION('',(0.,0.,-1.));
#10042=DIRECTION('',(1.,0.,0.));
#10043=DIRECTION('',(-1.,0.,0.));
#10044=DIRECTION('',(-1.,0.,0.));
#10045=DIRECTION('',(0.,0.,1.));
#10046=DIRECTION('',(0.,0.,-1.));
#10047=DIRECTION('',(0.,-1.,0.));
#10048=DIRECTION('',(-1.,0.,0.));
#10049=DIRECTION('',(0.,0.,1.));
#10050=DIRECTION('',(0.,5.9284895695839E-17,-1.));
#10051=DIRECTION('',(-1.,0.,0.));
#10052=DIRECTION('',(0.,0.,1.));
#10053=DIRECTION('',(0.,1.,1.58093055188904E-16));
#10054=DIRECTION('',(-1.,0.,0.));
#10055=DIRECTION('',(0.,0.,1.));
#10056=DIRECTION('',(0.,0.,-1.));
#10057=DIRECTION('',(0.,-1.,-3.16186110377808E-16));
#10058=DIRECTION('',(-1.,0.,0.));
#10059=DIRECTION('',(0.,0.,1.));
#10060=DIRECTION('',(0.,0.,1.));
#10061=DIRECTION('',(0.,-5.9284895695839E-17,-1.));
#10062=DIRECTION('',(-1.,0.,0.));
#10063=DIRECTION('',(0.,0.,1.));
#10064=DIRECTION('',(0.,1.,0.));
#10065=DIRECTION('',(1.,0.,0.));
#10066=DIRECTION('',(0.,0.,-1.));
#10067=DIRECTION('',(1.,0.,0.));
#10068=DIRECTION('',(0.,0.,-1.));
#10069=DIRECTION('',(0.,1.,0.));
#10070=DIRECTION('',(0.,0.,-1.));
#10071=DIRECTION('',(0.,-1.,-1.58093055188904E-16));
#10072=DIRECTION('',(1.,0.,0.));
#10073=DIRECTION('',(0.,0.,-1.));
#10074=DIRECTION('',(0.,-5.9284895695839E-17,1.));
#10075=DIRECTION('',(1.,0.,0.));
#10076=DIRECTION('',(0.,0.,-1.));
#10077=DIRECTION('',(1.,0.,0.));
#10078=DIRECTION('',(0.,0.,-1.));
#10079=DIRECTION('',(0.,1.,3.16186110377808E-16));
#10080=DIRECTION('',(0.,0.,-1.));
#10081=DIRECTION('',(0.,-1.,0.));
#10082=DIRECTION('',(1.,0.,0.));
#10083=DIRECTION('',(0.,0.,-1.));
#10084=DIRECTION('',(0.,5.9284895695839E-17,1.));
#10085=DIRECTION('',(0.,0.,-1.));
#10086=DIRECTION('',(0.,-1.,0.));
#10087=DIRECTION('',(0.,0.,-1.));
#10088=DIRECTION('',(1.,0.,0.));
#10089=DIRECTION('',(-1.,0.,0.));
#10090=DIRECTION('',(0.,-1.,0.));
#10091=DIRECTION('',(0.,0.,-1.));
#10092=DIRECTION('',(1.,0.,0.));
#10093=DIRECTION('',(-1.,0.,0.));
#10094=DIRECTION('',(-1.,0.,0.));
#10095=DIRECTION('',(0.,0.,1.));
#10096=DIRECTION('',(0.,0.,-1.));
#10097=DIRECTION('',(0.,-1.,0.));
#10098=DIRECTION('',(-1.,0.,0.));
#10099=DIRECTION('',(0.,0.,1.));
#10100=DIRECTION('',(0.,5.9284895695839E-17,-1.));
#10101=DIRECTION('',(-1.,0.,0.));
#10102=DIRECTION('',(0.,0.,1.));
#10103=DIRECTION('',(0.,1.,1.58093055188904E-16));
#10104=DIRECTION('',(-1.,0.,0.));
#10105=DIRECTION('',(0.,0.,1.));
#10106=DIRECTION('',(0.,0.,-1.));
#10107=DIRECTION('',(0.,-1.,-3.16186110377808E-16));
#10108=DIRECTION('',(-1.,0.,0.));
#10109=DIRECTION('',(0.,0.,1.));
#10110=DIRECTION('',(0.,0.,1.));
#10111=DIRECTION('',(0.,-5.9284895695839E-17,-1.));
#10112=DIRECTION('',(-1.,0.,0.));
#10113=DIRECTION('',(0.,0.,1.));
#10114=DIRECTION('',(0.,1.,0.));
#10115=DIRECTION('',(1.,0.,0.));
#10116=DIRECTION('',(0.,0.,-1.));
#10117=DIRECTION('',(1.,0.,0.));
#10118=DIRECTION('',(0.,0.,-1.));
#10119=DIRECTION('',(0.,1.,0.));
#10120=DIRECTION('',(0.,0.,-1.));
#10121=DIRECTION('',(0.,-1.,-1.58093055188904E-16));
#10122=DIRECTION('',(1.,0.,0.));
#10123=DIRECTION('',(0.,0.,-1.));
#10124=DIRECTION('',(0.,-5.9284895695839E-17,1.));
#10125=DIRECTION('',(1.,0.,0.));
#10126=DIRECTION('',(0.,0.,-1.));
#10127=DIRECTION('',(1.,0.,0.));
#10128=DIRECTION('',(0.,0.,-1.));
#10129=DIRECTION('',(0.,1.,3.16186110377808E-16));
#10130=DIRECTION('',(0.,0.,-1.));
#10131=DIRECTION('',(0.,-1.,0.));
#10132=DIRECTION('',(1.,0.,0.));
#10133=DIRECTION('',(0.,0.,-1.));
#10134=DIRECTION('',(0.,5.9284895695839E-17,1.));
#10135=DIRECTION('',(0.,0.,-1.));
#10136=DIRECTION('',(0.,-1.,0.));
#10137=DIRECTION('',(0.,0.,-1.));
#10138=DIRECTION('',(1.,0.,0.));
#10139=DIRECTION('',(-1.,0.,0.));
#10140=DIRECTION('',(0.,-1.,0.));
#10141=DIRECTION('',(0.,0.,-1.));
#10142=DIRECTION('',(1.,0.,0.));
#10143=DIRECTION('',(-1.,0.,0.));
#10144=DIRECTION('',(-1.,0.,0.));
#10145=DIRECTION('',(0.,0.,1.));
#10146=DIRECTION('',(0.,0.,-1.));
#10147=DIRECTION('',(0.,-1.,0.));
#10148=DIRECTION('',(-1.,0.,0.));
#10149=DIRECTION('',(0.,0.,1.));
#10150=DIRECTION('',(0.,5.9284895695839E-17,-1.));
#10151=DIRECTION('',(-1.,0.,0.));
#10152=DIRECTION('',(0.,0.,1.));
#10153=DIRECTION('',(0.,1.,1.58093055188904E-16));
#10154=DIRECTION('',(-1.,0.,0.));
#10155=DIRECTION('',(0.,0.,1.));
#10156=DIRECTION('',(0.,0.,-1.));
#10157=DIRECTION('',(0.,-1.,-3.16186110377808E-16));
#10158=DIRECTION('',(-1.,0.,0.));
#10159=DIRECTION('',(0.,0.,1.));
#10160=DIRECTION('',(0.,0.,1.));
#10161=DIRECTION('',(0.,-5.9284895695839E-17,-1.));
#10162=DIRECTION('',(-1.,0.,0.));
#10163=DIRECTION('',(0.,0.,1.));
#10164=DIRECTION('',(0.,1.,0.));
#10165=DIRECTION('',(1.,0.,0.));
#10166=DIRECTION('',(0.,0.,-1.));
#10167=DIRECTION('',(1.,0.,0.));
#10168=DIRECTION('',(0.,0.,-1.));
#10169=DIRECTION('',(0.,1.,0.));
#10170=DIRECTION('',(0.,0.,-1.));
#10171=DIRECTION('',(0.,-1.,-1.58093055188904E-16));
#10172=DIRECTION('',(1.,0.,0.));
#10173=DIRECTION('',(0.,0.,-1.));
#10174=DIRECTION('',(0.,-5.9284895695839E-17,1.));
#10175=DIRECTION('',(1.,0.,0.));
#10176=DIRECTION('',(0.,0.,-1.));
#10177=DIRECTION('',(1.,0.,0.));
#10178=DIRECTION('',(0.,0.,-1.));
#10179=DIRECTION('',(0.,1.,3.16186110377808E-16));
#10180=DIRECTION('',(0.,0.,-1.));
#10181=DIRECTION('',(0.,-1.,0.));
#10182=DIRECTION('',(1.,0.,0.));
#10183=DIRECTION('',(0.,0.,-1.));
#10184=DIRECTION('',(0.,5.9284895695839E-17,1.));
#10185=DIRECTION('',(0.,0.,-1.));
#10186=DIRECTION('',(0.,-1.,0.));
#10187=DIRECTION('',(0.,0.,-1.));
#10188=DIRECTION('',(1.,0.,0.));
#10189=DIRECTION('',(-1.,0.,0.));
#10190=DIRECTION('',(0.,-1.,0.));
#10191=DIRECTION('',(0.,0.,-1.));
#10192=DIRECTION('',(1.,0.,0.));
#10193=DIRECTION('',(-1.,0.,0.));
#10194=DIRECTION('',(-1.,0.,0.));
#10195=DIRECTION('',(0.,0.,1.));
#10196=DIRECTION('',(0.,0.,-1.));
#10197=DIRECTION('',(0.,-1.,0.));
#10198=DIRECTION('',(-1.,0.,0.));
#10199=DIRECTION('',(0.,0.,1.));
#10200=DIRECTION('',(0.,5.9284895695839E-17,-1.));
#10201=DIRECTION('',(-1.,0.,0.));
#10202=DIRECTION('',(0.,0.,1.));
#10203=DIRECTION('',(0.,1.,1.58093055188904E-16));
#10204=DIRECTION('',(-1.,0.,0.));
#10205=DIRECTION('',(0.,0.,1.));
#10206=DIRECTION('',(0.,0.,-1.));
#10207=DIRECTION('',(0.,-1.,-3.16186110377808E-16));
#10208=DIRECTION('',(-1.,0.,0.));
#10209=DIRECTION('',(0.,0.,1.));
#10210=DIRECTION('',(0.,0.,1.));
#10211=DIRECTION('',(0.,-5.9284895695839E-17,-1.));
#10212=DIRECTION('',(-1.,0.,0.));
#10213=DIRECTION('',(0.,0.,1.));
#10214=DIRECTION('',(0.,1.,0.));
#10215=DIRECTION('',(1.,0.,0.));
#10216=DIRECTION('',(0.,0.,-1.));
#10217=DIRECTION('',(1.,0.,0.));
#10218=DIRECTION('',(0.,0.,-1.));
#10219=DIRECTION('',(0.,1.,0.));
#10220=DIRECTION('',(0.,0.,-1.));
#10221=DIRECTION('',(0.,-1.,-1.58093055188904E-16));
#10222=DIRECTION('',(1.,0.,0.));
#10223=DIRECTION('',(0.,0.,-1.));
#10224=DIRECTION('',(0.,-5.9284895695839E-17,1.));
#10225=DIRECTION('',(1.,0.,0.));
#10226=DIRECTION('',(0.,0.,-1.));
#10227=DIRECTION('',(1.,0.,0.));
#10228=DIRECTION('',(0.,0.,-1.));
#10229=DIRECTION('',(0.,1.,3.16186110377808E-16));
#10230=DIRECTION('',(0.,0.,-1.));
#10231=DIRECTION('',(0.,-1.,0.));
#10232=DIRECTION('',(1.,0.,0.));
#10233=DIRECTION('',(0.,0.,-1.));
#10234=DIRECTION('',(0.,5.9284895695839E-17,1.));
#10235=DIRECTION('',(0.,0.,-1.));
#10236=DIRECTION('',(0.,-1.,0.));
#10237=DIRECTION('',(0.,0.,-1.));
#10238=DIRECTION('',(1.,0.,0.));
#10239=DIRECTION('',(-1.,0.,0.));
#10240=DIRECTION('',(0.,-1.,0.));
#10241=DIRECTION('',(0.,0.,-1.));
#10242=DIRECTION('',(1.,0.,0.));
#10243=DIRECTION('',(-1.,0.,0.));
#10244=DIRECTION('',(-1.,0.,0.));
#10245=DIRECTION('',(0.,0.,1.));
#10246=DIRECTION('',(0.,0.,-1.));
#10247=DIRECTION('',(0.,-1.,0.));
#10248=DIRECTION('',(-1.,0.,0.));
#10249=DIRECTION('',(0.,0.,1.));
#10250=DIRECTION('',(0.,5.9284895695839E-17,-1.));
#10251=DIRECTION('',(-1.,0.,0.));
#10252=DIRECTION('',(0.,0.,1.));
#10253=DIRECTION('',(0.,1.,1.58093055188904E-16));
#10254=DIRECTION('',(-1.,0.,0.));
#10255=DIRECTION('',(0.,0.,1.));
#10256=DIRECTION('',(0.,0.,-1.));
#10257=DIRECTION('',(0.,-1.,-3.16186110377808E-16));
#10258=DIRECTION('',(-1.,0.,0.));
#10259=DIRECTION('',(0.,0.,1.));
#10260=DIRECTION('',(0.,0.,1.));
#10261=DIRECTION('',(0.,-5.9284895695839E-17,-1.));
#10262=DIRECTION('',(-1.,0.,0.));
#10263=DIRECTION('',(0.,0.,1.));
#10264=DIRECTION('',(0.,1.,0.));
#10265=DIRECTION('',(1.,0.,0.));
#10266=DIRECTION('',(0.,0.,-1.));
#10267=DIRECTION('',(1.,0.,0.));
#10268=DIRECTION('',(0.,0.,-1.));
#10269=DIRECTION('',(0.,1.,0.));
#10270=DIRECTION('',(0.,0.,-1.));
#10271=DIRECTION('',(0.,-1.,-1.58093055188904E-16));
#10272=DIRECTION('',(1.,0.,0.));
#10273=DIRECTION('',(0.,0.,-1.));
#10274=DIRECTION('',(0.,-5.9284895695839E-17,1.));
#10275=DIRECTION('',(1.,0.,0.));
#10276=DIRECTION('',(0.,0.,-1.));
#10277=DIRECTION('',(1.,0.,0.));
#10278=DIRECTION('',(0.,0.,-1.));
#10279=DIRECTION('',(0.,1.,3.16186110377808E-16));
#10280=DIRECTION('',(0.,0.,-1.));
#10281=DIRECTION('',(0.,-1.,0.));
#10282=DIRECTION('',(1.,0.,0.));
#10283=DIRECTION('',(0.,0.,-1.));
#10284=DIRECTION('',(0.,5.9284895695839E-17,1.));
#10285=DIRECTION('',(0.,0.,-1.));
#10286=DIRECTION('',(0.,-1.,0.));
#10287=DIRECTION('',(0.,0.,-1.));
#10288=DIRECTION('',(1.,0.,0.));
#10289=DIRECTION('',(-1.,0.,0.));
#10290=DIRECTION('',(0.,-1.,0.));
#10291=DIRECTION('',(0.,0.,-1.));
#10292=DIRECTION('',(1.,0.,0.));
#10293=DIRECTION('',(-1.,0.,0.));
#10294=DIRECTION('',(-1.,0.,0.));
#10295=DIRECTION('',(0.,0.,1.));
#10296=DIRECTION('',(0.,0.,-1.));
#10297=DIRECTION('',(0.,-1.,0.));
#10298=DIRECTION('',(-1.,0.,0.));
#10299=DIRECTION('',(0.,0.,1.));
#10300=DIRECTION('',(0.,5.9284895695839E-17,-1.));
#10301=DIRECTION('',(-1.,0.,0.));
#10302=DIRECTION('',(0.,0.,1.));
#10303=DIRECTION('',(0.,1.,1.58093055188904E-16));
#10304=DIRECTION('',(-1.,0.,0.));
#10305=DIRECTION('',(0.,0.,1.));
#10306=DIRECTION('',(0.,0.,-1.));
#10307=DIRECTION('',(0.,-1.,-3.16186110377808E-16));
#10308=DIRECTION('',(-1.,0.,0.));
#10309=DIRECTION('',(0.,0.,1.));
#10310=DIRECTION('',(0.,0.,1.));
#10311=DIRECTION('',(0.,-5.9284895695839E-17,-1.));
#10312=DIRECTION('',(-1.,0.,0.));
#10313=DIRECTION('',(0.,0.,1.));
#10314=DIRECTION('',(0.,1.,0.));
#10315=DIRECTION('',(1.,0.,0.));
#10316=DIRECTION('',(0.,0.,-1.));
#10317=DIRECTION('',(1.,0.,0.));
#10318=DIRECTION('',(0.,0.,-1.));
#10319=DIRECTION('',(0.,1.,0.));
#10320=DIRECTION('',(0.,0.,-1.));
#10321=DIRECTION('',(0.,-1.,-1.58093055188904E-16));
#10322=DIRECTION('',(1.,0.,0.));
#10323=DIRECTION('',(0.,0.,-1.));
#10324=DIRECTION('',(0.,-5.9284895695839E-17,1.));
#10325=DIRECTION('',(1.,0.,0.));
#10326=DIRECTION('',(0.,0.,-1.));
#10327=DIRECTION('',(1.,0.,0.));
#10328=DIRECTION('',(0.,0.,-1.));
#10329=DIRECTION('',(0.,1.,3.16186110377808E-16));
#10330=DIRECTION('',(0.,0.,-1.));
#10331=DIRECTION('',(0.,-1.,0.));
#10332=DIRECTION('',(1.,0.,0.));
#10333=DIRECTION('',(0.,0.,-1.));
#10334=DIRECTION('',(0.,5.9284895695839E-17,1.));
#10335=DIRECTION('',(0.,0.,-1.));
#10336=DIRECTION('',(0.,-1.,0.));
#10337=DIRECTION('',(0.,0.,-1.));
#10338=DIRECTION('',(1.,0.,0.));
#10339=DIRECTION('',(-1.,0.,0.));
#10340=DIRECTION('',(0.,-1.,0.));
#10341=DIRECTION('',(0.,0.,-1.));
#10342=DIRECTION('',(1.,0.,0.));
#10343=DIRECTION('',(-1.,0.,0.));
#10344=DIRECTION('',(-1.,0.,0.));
#10345=DIRECTION('',(0.,0.,1.));
#10346=DIRECTION('',(0.,0.,-1.));
#10347=DIRECTION('',(0.,-1.,0.));
#10348=DIRECTION('',(-1.,0.,0.));
#10349=DIRECTION('',(0.,0.,1.));
#10350=DIRECTION('',(0.,5.9284895695839E-17,-1.));
#10351=DIRECTION('',(-1.,0.,0.));
#10352=DIRECTION('',(0.,0.,1.));
#10353=DIRECTION('',(0.,1.,1.58093055188904E-16));
#10354=DIRECTION('',(-1.,0.,0.));
#10355=DIRECTION('',(0.,0.,1.));
#10356=DIRECTION('',(0.,0.,-1.));
#10357=DIRECTION('',(0.,-1.,-3.16186110377808E-16));
#10358=DIRECTION('',(-1.,0.,0.));
#10359=DIRECTION('',(0.,0.,1.));
#10360=DIRECTION('',(0.,0.,1.));
#10361=DIRECTION('',(0.,-5.9284895695839E-17,-1.));
#10362=DIRECTION('',(-1.,0.,0.));
#10363=DIRECTION('',(0.,0.,1.));
#10364=DIRECTION('',(0.,1.,0.));
#10365=DIRECTION('',(1.,0.,0.));
#10366=DIRECTION('',(0.,0.,-1.));
#10367=DIRECTION('',(1.,0.,0.));
#10368=DIRECTION('',(0.,0.,-1.));
#10369=DIRECTION('',(0.,1.,0.));
#10370=DIRECTION('',(0.,0.,-1.));
#10371=DIRECTION('',(0.,-1.,-1.58093055188904E-16));
#10372=DIRECTION('',(1.,0.,0.));
#10373=DIRECTION('',(0.,0.,-1.));
#10374=DIRECTION('',(0.,-5.9284895695839E-17,1.));
#10375=DIRECTION('',(1.,0.,0.));
#10376=DIRECTION('',(0.,0.,-1.));
#10377=DIRECTION('',(1.,0.,0.));
#10378=DIRECTION('',(0.,0.,-1.));
#10379=DIRECTION('',(0.,1.,3.16186110377808E-16));
#10380=DIRECTION('',(0.,0.,-1.));
#10381=DIRECTION('',(0.,-1.,0.));
#10382=DIRECTION('',(1.,0.,0.));
#10383=DIRECTION('',(0.,0.,-1.));
#10384=DIRECTION('',(0.,5.9284895695839E-17,1.));
#10385=DIRECTION('',(0.,0.,-1.));
#10386=DIRECTION('',(0.,-1.,0.));
#10387=DIRECTION('',(0.,0.,-1.));
#10388=DIRECTION('',(1.,0.,0.));
#10389=DIRECTION('',(-1.,0.,0.));
#10390=DIRECTION('',(0.,-1.,0.));
#10391=DIRECTION('',(0.,0.,-1.));
#10392=DIRECTION('',(1.,0.,0.));
#10393=DIRECTION('',(-1.,0.,0.));
#10394=DIRECTION('',(-1.,0.,0.));
#10395=DIRECTION('',(0.,0.,1.));
#10396=DIRECTION('',(0.,0.,-1.));
#10397=DIRECTION('',(0.,-1.,0.));
#10398=DIRECTION('',(-1.,0.,0.));
#10399=DIRECTION('',(0.,0.,1.));
#10400=DIRECTION('',(0.,5.9284895695839E-17,-1.));
#10401=DIRECTION('',(-1.,0.,0.));
#10402=DIRECTION('',(0.,0.,1.));
#10403=DIRECTION('',(0.,1.,1.58093055188904E-16));
#10404=DIRECTION('',(-1.,0.,0.));
#10405=DIRECTION('',(0.,0.,1.));
#10406=DIRECTION('',(0.,0.,-1.));
#10407=DIRECTION('',(0.,-1.,-3.16186110377808E-16));
#10408=DIRECTION('',(-1.,0.,0.));
#10409=DIRECTION('',(0.,0.,1.));
#10410=DIRECTION('',(0.,0.,1.));
#10411=DIRECTION('',(0.,-5.9284895695839E-17,-1.));
#10412=DIRECTION('',(-1.,0.,0.));
#10413=DIRECTION('',(0.,0.,1.));
#10414=DIRECTION('',(0.,1.,0.));
#10415=DIRECTION('',(1.,0.,0.));
#10416=DIRECTION('',(0.,0.,-1.));
#10417=DIRECTION('',(1.,0.,0.));
#10418=DIRECTION('',(0.,0.,-1.));
#10419=DIRECTION('',(0.,1.,0.));
#10420=DIRECTION('',(0.,0.,-1.));
#10421=DIRECTION('',(0.,-1.,-1.58093055188904E-16));
#10422=DIRECTION('',(1.,0.,0.));
#10423=DIRECTION('',(0.,0.,-1.));
#10424=DIRECTION('',(0.,-5.9284895695839E-17,1.));
#10425=DIRECTION('',(1.,0.,0.));
#10426=DIRECTION('',(0.,0.,-1.));
#10427=DIRECTION('',(1.,0.,0.));
#10428=DIRECTION('',(0.,0.,-1.));
#10429=DIRECTION('',(0.,1.,3.16186110377808E-16));
#10430=DIRECTION('',(0.,0.,-1.));
#10431=DIRECTION('',(0.,-1.,0.));
#10432=DIRECTION('',(1.,0.,0.));
#10433=DIRECTION('',(0.,0.,-1.));
#10434=DIRECTION('',(0.,5.9284895695839E-17,1.));
#10435=DIRECTION('',(0.,0.,-1.));
#10436=DIRECTION('',(0.,-1.,0.));
#10437=DIRECTION('',(0.,0.,-1.));
#10438=DIRECTION('',(1.,0.,0.));
#10439=DIRECTION('',(-1.,0.,0.));
#10440=DIRECTION('',(0.,-1.,0.));
#10441=DIRECTION('',(0.,0.,-1.));
#10442=DIRECTION('',(1.,0.,0.));
#10443=DIRECTION('',(-1.,0.,0.));
#10444=DIRECTION('',(-1.,0.,0.));
#10445=DIRECTION('',(0.,0.,1.));
#10446=DIRECTION('',(0.,0.,-1.));
#10447=DIRECTION('',(0.,-1.,0.));
#10448=DIRECTION('',(-1.,0.,0.));
#10449=DIRECTION('',(0.,0.,1.));
#10450=DIRECTION('',(0.,5.9284895695839E-17,-1.));
#10451=DIRECTION('',(-1.,0.,0.));
#10452=DIRECTION('',(0.,0.,1.));
#10453=DIRECTION('',(0.,1.,1.58093055188904E-16));
#10454=DIRECTION('',(-1.,0.,0.));
#10455=DIRECTION('',(0.,0.,1.));
#10456=DIRECTION('',(0.,0.,-1.));
#10457=DIRECTION('',(0.,-1.,-3.16186110377808E-16));
#10458=DIRECTION('',(-1.,0.,0.));
#10459=DIRECTION('',(0.,0.,1.));
#10460=DIRECTION('',(0.,0.,1.));
#10461=DIRECTION('',(0.,-5.9284895695839E-17,-1.));
#10462=DIRECTION('',(-1.,0.,0.));
#10463=DIRECTION('',(0.,0.,1.));
#10464=DIRECTION('',(0.,1.,0.));
#10465=DIRECTION('',(1.,0.,0.));
#10466=DIRECTION('',(0.,0.,-1.));
#10467=DIRECTION('',(1.,0.,0.));
#10468=DIRECTION('',(0.,0.,-1.));
#10469=DIRECTION('',(0.,1.,0.));
#10470=DIRECTION('',(0.,0.,-1.));
#10471=DIRECTION('',(0.,-1.,-1.58093055188904E-16));
#10472=DIRECTION('',(1.,0.,0.));
#10473=DIRECTION('',(0.,0.,-1.));
#10474=DIRECTION('',(0.,-5.9284895695839E-17,1.));
#10475=DIRECTION('',(1.,0.,0.));
#10476=DIRECTION('',(0.,0.,-1.));
#10477=DIRECTION('',(1.,0.,0.));
#10478=DIRECTION('',(0.,0.,-1.));
#10479=DIRECTION('',(0.,1.,3.16186110377808E-16));
#10480=DIRECTION('',(0.,0.,-1.));
#10481=DIRECTION('',(0.,-1.,0.));
#10482=DIRECTION('',(1.,0.,0.));
#10483=DIRECTION('',(0.,0.,-1.));
#10484=DIRECTION('',(0.,5.9284895695839E-17,1.));
#10485=DIRECTION('',(0.,0.,-1.));
#10486=DIRECTION('',(0.,-1.,0.));
#10487=DIRECTION('',(0.,0.,-1.));
#10488=DIRECTION('',(1.,0.,0.));
#10489=DIRECTION('',(-1.,0.,0.));
#10490=DIRECTION('',(0.,-1.,0.));
#10491=DIRECTION('',(0.,0.,-1.));
#10492=DIRECTION('',(1.,0.,0.));
#10493=DIRECTION('',(-1.,0.,0.));
#10494=DIRECTION('',(-1.,0.,0.));
#10495=DIRECTION('',(0.,0.,1.));
#10496=DIRECTION('',(0.,0.,-1.));
#10497=DIRECTION('',(0.,-1.,0.));
#10498=DIRECTION('',(-1.,0.,0.));
#10499=DIRECTION('',(0.,0.,1.));
#10500=DIRECTION('',(0.,5.9284895695839E-17,-1.));
#10501=DIRECTION('',(-1.,0.,0.));
#10502=DIRECTION('',(0.,0.,1.));
#10503=DIRECTION('',(0.,1.,1.58093055188904E-16));
#10504=DIRECTION('',(-1.,0.,0.));
#10505=DIRECTION('',(0.,0.,1.));
#10506=DIRECTION('',(0.,0.,-1.));
#10507=DIRECTION('',(0.,-1.,-3.16186110377808E-16));
#10508=DIRECTION('',(-1.,0.,0.));
#10509=DIRECTION('',(0.,0.,1.));
#10510=DIRECTION('',(0.,0.,1.));
#10511=DIRECTION('',(0.,-5.9284895695839E-17,-1.));
#10512=DIRECTION('',(-1.,0.,0.));
#10513=DIRECTION('',(0.,0.,1.));
#10514=DIRECTION('',(0.,1.,0.));
#10515=DIRECTION('',(1.,0.,0.));
#10516=DIRECTION('',(0.,0.,-1.));
#10517=DIRECTION('',(1.,0.,0.));
#10518=DIRECTION('',(0.,0.,-1.));
#10519=DIRECTION('',(0.,1.,0.));
#10520=DIRECTION('',(0.,0.,-1.));
#10521=DIRECTION('',(0.,-1.,-1.58093055188904E-16));
#10522=DIRECTION('',(1.,0.,0.));
#10523=DIRECTION('',(0.,0.,-1.));
#10524=DIRECTION('',(0.,-5.9284895695839E-17,1.));
#10525=DIRECTION('',(1.,0.,0.));
#10526=DIRECTION('',(0.,0.,-1.));
#10527=DIRECTION('',(1.,0.,0.));
#10528=DIRECTION('',(0.,0.,-1.));
#10529=DIRECTION('',(0.,1.,3.16186110377808E-16));
#10530=DIRECTION('',(0.,0.,-1.));
#10531=DIRECTION('',(0.,-1.,0.));
#10532=DIRECTION('',(1.,0.,0.));
#10533=DIRECTION('',(0.,0.,-1.));
#10534=DIRECTION('',(0.,5.9284895695839E-17,1.));
#10535=DIRECTION('',(0.,0.,-1.));
#10536=DIRECTION('',(0.,-1.,0.));
#10537=DIRECTION('',(0.,0.,-1.));
#10538=DIRECTION('',(1.,0.,0.));
#10539=DIRECTION('',(-1.,0.,0.));
#10540=DIRECTION('',(0.,-1.,0.));
#10541=DIRECTION('',(0.,0.,-1.));
#10542=DIRECTION('',(1.,0.,0.));
#10543=DIRECTION('',(-1.,0.,0.));
#10544=DIRECTION('',(-1.,0.,0.));
#10545=DIRECTION('',(0.,0.,1.));
#10546=DIRECTION('',(0.,0.,-1.));
#10547=DIRECTION('',(0.,-1.,0.));
#10548=DIRECTION('',(-1.,0.,0.));
#10549=DIRECTION('',(0.,0.,1.));
#10550=DIRECTION('',(0.,5.9284895695839E-17,-1.));
#10551=DIRECTION('',(-1.,0.,0.));
#10552=DIRECTION('',(0.,0.,1.));
#10553=DIRECTION('',(0.,1.,1.58093055188904E-16));
#10554=DIRECTION('',(-1.,0.,0.));
#10555=DIRECTION('',(0.,0.,1.));
#10556=DIRECTION('',(0.,0.,-1.));
#10557=DIRECTION('',(0.,-1.,-3.16186110377808E-16));
#10558=DIRECTION('',(-1.,0.,0.));
#10559=DIRECTION('',(0.,0.,1.));
#10560=DIRECTION('',(0.,0.,1.));
#10561=DIRECTION('',(0.,-5.9284895695839E-17,-1.));
#10562=DIRECTION('',(-1.,0.,0.));
#10563=DIRECTION('',(0.,0.,1.));
#10564=DIRECTION('',(0.,1.,0.));
#10565=DIRECTION('',(1.,0.,0.));
#10566=DIRECTION('',(0.,0.,-1.));
#10567=DIRECTION('',(1.,0.,0.));
#10568=DIRECTION('',(0.,0.,-1.));
#10569=DIRECTION('',(0.,1.,0.));
#10570=DIRECTION('',(0.,0.,-1.));
#10571=DIRECTION('',(0.,-1.,-1.58093055188904E-16));
#10572=DIRECTION('',(1.,0.,0.));
#10573=DIRECTION('',(0.,0.,-1.));
#10574=DIRECTION('',(0.,-5.9284895695839E-17,1.));
#10575=DIRECTION('',(1.,0.,0.));
#10576=DIRECTION('',(0.,0.,-1.));
#10577=DIRECTION('',(1.,0.,0.));
#10578=DIRECTION('',(0.,0.,-1.));
#10579=DIRECTION('',(0.,1.,3.16186110377808E-16));
#10580=DIRECTION('',(0.,0.,-1.));
#10581=DIRECTION('',(0.,-1.,0.));
#10582=DIRECTION('',(1.,0.,0.));
#10583=DIRECTION('',(0.,0.,-1.));
#10584=DIRECTION('',(0.,5.9284895695839E-17,1.));
#10585=DIRECTION('',(0.,0.,-1.));
#10586=DIRECTION('',(0.,-1.,0.));
#10587=DIRECTION('',(0.,0.,-1.));
#10588=DIRECTION('',(1.,0.,0.));
#10589=DIRECTION('',(-1.,0.,0.));
#10590=DIRECTION('',(0.,-1.,0.));
#10591=DIRECTION('',(0.,0.,-1.));
#10592=DIRECTION('',(1.,0.,0.));
#10593=DIRECTION('',(-1.,0.,0.));
#10594=DIRECTION('',(-1.,0.,0.));
#10595=DIRECTION('',(0.,0.,1.));
#10596=DIRECTION('',(0.,0.,-1.));
#10597=DIRECTION('',(0.,-1.,0.));
#10598=DIRECTION('',(-1.,0.,0.));
#10599=DIRECTION('',(0.,0.,1.));
#10600=DIRECTION('',(0.,5.9284895695839E-17,-1.));
#10601=DIRECTION('',(-1.,0.,0.));
#10602=DIRECTION('',(0.,0.,1.));
#10603=DIRECTION('',(0.,1.,1.58093055188904E-16));
#10604=DIRECTION('',(-1.,0.,0.));
#10605=DIRECTION('',(0.,0.,1.));
#10606=DIRECTION('',(0.,0.,-1.));
#10607=DIRECTION('',(0.,-1.,-3.16186110377808E-16));
#10608=DIRECTION('',(-1.,0.,0.));
#10609=DIRECTION('',(0.,0.,1.));
#10610=DIRECTION('',(0.,0.,1.));
#10611=DIRECTION('',(0.,-5.9284895695839E-17,-1.));
#10612=DIRECTION('',(-1.,0.,0.));
#10613=DIRECTION('',(0.,0.,1.));
#10614=DIRECTION('',(0.,1.,0.));
#10615=DIRECTION('',(1.,0.,0.));
#10616=DIRECTION('',(0.,0.,-1.));
#10617=DIRECTION('',(1.,0.,0.));
#10618=DIRECTION('',(0.,0.,-1.));
#10619=DIRECTION('',(0.,1.,0.));
#10620=DIRECTION('',(0.,0.,-1.));
#10621=DIRECTION('',(0.,-1.,-1.58093055188904E-16));
#10622=DIRECTION('',(1.,0.,0.));
#10623=DIRECTION('',(0.,0.,-1.));
#10624=DIRECTION('',(0.,-5.9284895695839E-17,1.));
#10625=DIRECTION('',(1.,0.,0.));
#10626=DIRECTION('',(0.,0.,-1.));
#10627=DIRECTION('',(1.,0.,0.));
#10628=DIRECTION('',(0.,0.,-1.));
#10629=DIRECTION('',(0.,1.,3.16186110377808E-16));
#10630=DIRECTION('',(0.,0.,-1.));
#10631=DIRECTION('',(0.,-1.,0.));
#10632=DIRECTION('',(1.,0.,0.));
#10633=DIRECTION('',(0.,0.,-1.));
#10634=DIRECTION('',(0.,5.9284895695839E-17,1.));
#10635=DIRECTION('',(0.,0.,-1.));
#10636=DIRECTION('',(0.,-1.,0.));
#10637=DIRECTION('',(0.,0.,-1.));
#10638=DIRECTION('',(1.,0.,0.));
#10639=DIRECTION('',(-1.,0.,0.));
#10640=DIRECTION('',(0.,-1.,0.));
#10641=DIRECTION('',(0.,0.,-1.));
#10642=DIRECTION('',(1.,0.,0.));
#10643=DIRECTION('',(-1.,0.,0.));
#10644=DIRECTION('',(-1.,0.,0.));
#10645=DIRECTION('',(0.,0.,1.));
#10646=DIRECTION('',(0.,0.,-1.));
#10647=DIRECTION('',(0.,-1.,0.));
#10648=DIRECTION('',(-1.,0.,0.));
#10649=DIRECTION('',(0.,0.,1.));
#10650=DIRECTION('',(0.,5.9284895695839E-17,-1.));
#10651=DIRECTION('',(-1.,0.,0.));
#10652=DIRECTION('',(0.,0.,1.));
#10653=DIRECTION('',(0.,1.,1.58093055188904E-16));
#10654=DIRECTION('',(-1.,0.,0.));
#10655=DIRECTION('',(0.,0.,1.));
#10656=DIRECTION('',(0.,0.,-1.));
#10657=DIRECTION('',(0.,-1.,-3.16186110377808E-16));
#10658=DIRECTION('',(-1.,0.,0.));
#10659=DIRECTION('',(0.,0.,1.));
#10660=DIRECTION('',(0.,0.,1.));
#10661=DIRECTION('',(0.,-5.9284895695839E-17,-1.));
#10662=DIRECTION('',(-1.,0.,0.));
#10663=DIRECTION('',(0.,0.,1.));
#10664=DIRECTION('',(0.,1.,0.));
#10665=DIRECTION('',(1.,0.,0.));
#10666=DIRECTION('',(0.,0.,-1.));
#10667=DIRECTION('',(1.,0.,0.));
#10668=DIRECTION('',(0.,0.,-1.));
#10669=DIRECTION('',(0.,1.,0.));
#10670=DIRECTION('',(0.,0.,-1.));
#10671=DIRECTION('',(0.,-1.,-1.58093055188904E-16));
#10672=DIRECTION('',(1.,0.,0.));
#10673=DIRECTION('',(0.,0.,-1.));
#10674=DIRECTION('',(0.,-5.9284895695839E-17,1.));
#10675=DIRECTION('',(1.,0.,0.));
#10676=DIRECTION('',(0.,0.,-1.));
#10677=DIRECTION('',(1.,0.,0.));
#10678=DIRECTION('',(0.,0.,-1.));
#10679=DIRECTION('',(0.,1.,3.16186110377808E-16));
#10680=DIRECTION('',(0.,0.,-1.));
#10681=DIRECTION('',(0.,-1.,0.));
#10682=DIRECTION('',(1.,0.,0.));
#10683=DIRECTION('',(0.,0.,-1.));
#10684=DIRECTION('',(0.,5.9284895695839E-17,1.));
#10685=DIRECTION('',(0.,0.,-1.));
#10686=DIRECTION('',(0.,-1.,0.));
#10687=DIRECTION('',(0.,0.,-1.));
#10688=DIRECTION('',(1.,0.,0.));
#10689=DIRECTION('',(-1.,0.,0.));
#10690=DIRECTION('',(0.,-1.,0.));
#10691=DIRECTION('',(0.,0.,-1.));
#10692=DIRECTION('',(1.,0.,0.));
#10693=DIRECTION('',(-1.,0.,0.));
#10694=DIRECTION('',(-1.,0.,0.));
#10695=DIRECTION('',(0.,0.,1.));
#10696=DIRECTION('',(0.,0.,-1.));
#10697=DIRECTION('',(0.,-1.,0.));
#10698=DIRECTION('',(-1.,0.,0.));
#10699=DIRECTION('',(0.,0.,1.));
#10700=DIRECTION('',(0.,5.9284895695839E-17,-1.));
#10701=DIRECTION('',(-1.,0.,0.));
#10702=DIRECTION('',(0.,0.,1.));
#10703=DIRECTION('',(0.,1.,1.58093055188904E-16));
#10704=DIRECTION('',(-1.,0.,0.));
#10705=DIRECTION('',(0.,0.,1.));
#10706=DIRECTION('',(0.,0.,-1.));
#10707=DIRECTION('',(0.,-1.,-3.16186110377808E-16));
#10708=DIRECTION('',(-1.,0.,0.));
#10709=DIRECTION('',(0.,0.,1.));
#10710=DIRECTION('',(0.,0.,1.));
#10711=DIRECTION('',(0.,-5.9284895695839E-17,-1.));
#10712=DIRECTION('',(-1.,0.,0.));
#10713=DIRECTION('',(0.,0.,1.));
#10714=DIRECTION('',(0.,1.,0.));
#10715=DIRECTION('',(1.,0.,0.));
#10716=DIRECTION('',(0.,0.,-1.));
#10717=DIRECTION('',(1.,0.,0.));
#10718=DIRECTION('',(0.,0.,-1.));
#10719=DIRECTION('',(0.,1.,0.));
#10720=DIRECTION('',(0.,0.,-1.));
#10721=DIRECTION('',(0.,-1.,-1.58093055188904E-16));
#10722=DIRECTION('',(1.,0.,0.));
#10723=DIRECTION('',(0.,0.,-1.));
#10724=DIRECTION('',(0.,-5.9284895695839E-17,1.));
#10725=DIRECTION('',(1.,0.,0.));
#10726=DIRECTION('',(0.,0.,-1.));
#10727=DIRECTION('',(1.,0.,0.));
#10728=DIRECTION('',(0.,0.,-1.));
#10729=DIRECTION('',(0.,1.,3.16186110377808E-16));
#10730=DIRECTION('',(0.,0.,-1.));
#10731=DIRECTION('',(0.,-1.,0.));
#10732=DIRECTION('',(1.,0.,0.));
#10733=DIRECTION('',(0.,0.,-1.));
#10734=DIRECTION('',(0.,5.9284895695839E-17,1.));
#10735=DIRECTION('',(0.,0.,-1.));
#10736=DIRECTION('',(0.,-1.,0.));
#10737=DIRECTION('',(0.,0.,-1.));
#10738=DIRECTION('',(1.,0.,0.));
#10739=DIRECTION('',(-1.,0.,0.));
#10740=DIRECTION('',(0.,-1.,0.));
#10741=DIRECTION('',(0.,0.,-1.));
#10742=DIRECTION('',(1.,0.,0.));
#10743=DIRECTION('',(-1.,0.,0.));
#10744=DIRECTION('',(-1.,0.,0.));
#10745=DIRECTION('',(0.,0.,1.));
#10746=DIRECTION('',(0.,0.,-1.));
#10747=DIRECTION('',(0.,-1.,0.));
#10748=DIRECTION('',(-1.,0.,0.));
#10749=DIRECTION('',(0.,0.,1.));
#10750=DIRECTION('',(0.,5.9284895695839E-17,-1.));
#10751=DIRECTION('',(-1.,0.,0.));
#10752=DIRECTION('',(0.,0.,1.));
#10753=DIRECTION('',(0.,1.,1.58093055188904E-16));
#10754=DIRECTION('',(-1.,0.,0.));
#10755=DIRECTION('',(0.,0.,1.));
#10756=DIRECTION('',(0.,0.,-1.));
#10757=DIRECTION('',(0.,-1.,-3.16186110377808E-16));
#10758=DIRECTION('',(-1.,0.,0.));
#10759=DIRECTION('',(0.,0.,1.));
#10760=DIRECTION('',(0.,0.,1.));
#10761=DIRECTION('',(0.,-5.9284895695839E-17,-1.));
#10762=DIRECTION('',(-1.,0.,0.));
#10763=DIRECTION('',(0.,0.,1.));
#10764=DIRECTION('',(0.,1.,0.));
#10765=DIRECTION('',(1.,0.,0.));
#10766=DIRECTION('',(0.,0.,-1.));
#10767=DIRECTION('',(1.,0.,0.));
#10768=DIRECTION('',(0.,0.,-1.));
#10769=DIRECTION('',(0.,1.,0.));
#10770=DIRECTION('',(0.,0.,-1.));
#10771=DIRECTION('',(0.,-1.,-1.58093055188904E-16));
#10772=DIRECTION('',(1.,0.,0.));
#10773=DIRECTION('',(0.,0.,-1.));
#10774=DIRECTION('',(0.,-5.9284895695839E-17,1.));
#10775=DIRECTION('',(1.,0.,0.));
#10776=DIRECTION('',(0.,0.,-1.));
#10777=DIRECTION('',(1.,0.,0.));
#10778=DIRECTION('',(0.,0.,-1.));
#10779=DIRECTION('',(0.,1.,3.16186110377808E-16));
#10780=DIRECTION('',(0.,0.,-1.));
#10781=DIRECTION('',(0.,-1.,0.));
#10782=DIRECTION('',(1.,0.,0.));
#10783=DIRECTION('',(0.,0.,-1.));
#10784=DIRECTION('',(0.,5.9284895695839E-17,1.));
#10785=DIRECTION('',(0.,0.,-1.));
#10786=DIRECTION('',(0.,-1.,0.));
#10787=DIRECTION('',(0.,0.,-1.));
#10788=DIRECTION('',(1.,0.,0.));
#10789=DIRECTION('',(-1.,0.,0.));
#10790=DIRECTION('',(0.,-1.,0.));
#10791=DIRECTION('',(0.,0.,-1.));
#10792=DIRECTION('',(1.,0.,0.));
#10793=DIRECTION('',(-1.,0.,0.));
#10794=DIRECTION('',(-1.,0.,0.));
#10795=DIRECTION('',(0.,0.,1.));
#10796=DIRECTION('',(0.,0.,-1.));
#10797=DIRECTION('',(0.,-1.,0.));
#10798=DIRECTION('',(-1.,0.,0.));
#10799=DIRECTION('',(0.,0.,1.));
#10800=DIRECTION('',(0.,5.9284895695839E-17,-1.));
#10801=DIRECTION('',(-1.,0.,0.));
#10802=DIRECTION('',(0.,0.,1.));
#10803=DIRECTION('',(0.,1.,1.58093055188904E-16));
#10804=DIRECTION('',(-1.,0.,0.));
#10805=DIRECTION('',(0.,0.,1.));
#10806=DIRECTION('',(0.,0.,-1.));
#10807=DIRECTION('',(0.,-1.,-3.16186110377808E-16));
#10808=DIRECTION('',(-1.,0.,0.));
#10809=DIRECTION('',(0.,0.,1.));
#10810=DIRECTION('',(0.,0.,1.));
#10811=DIRECTION('',(0.,-5.9284895695839E-17,-1.));
#10812=DIRECTION('',(-1.,0.,0.));
#10813=DIRECTION('',(0.,0.,1.));
#10814=DIRECTION('',(0.,1.,0.));
#10815=DIRECTION('',(1.,0.,0.));
#10816=DIRECTION('',(0.,0.,-1.));
#10817=DIRECTION('',(1.,0.,0.));
#10818=DIRECTION('',(0.,0.,-1.));
#10819=DIRECTION('',(0.,1.,0.));
#10820=DIRECTION('',(0.,0.,-1.));
#10821=DIRECTION('',(0.,-1.,-1.58093055188904E-16));
#10822=DIRECTION('',(1.,0.,0.));
#10823=DIRECTION('',(0.,0.,-1.));
#10824=DIRECTION('',(0.,-5.9284895695839E-17,1.));
#10825=DIRECTION('',(1.,0.,0.));
#10826=DIRECTION('',(0.,0.,-1.));
#10827=DIRECTION('',(1.,0.,0.));
#10828=DIRECTION('',(0.,0.,-1.));
#10829=DIRECTION('',(0.,1.,3.16186110377808E-16));
#10830=DIRECTION('',(0.,0.,-1.));
#10831=DIRECTION('',(0.,-1.,0.));
#10832=DIRECTION('',(1.,0.,0.));
#10833=DIRECTION('',(0.,0.,-1.));
#10834=DIRECTION('',(0.,5.9284895695839E-17,1.));
#10835=DIRECTION('',(0.,0.,-1.));
#10836=DIRECTION('',(0.,-1.,0.));
#10837=DIRECTION('',(0.,0.,-1.));
#10838=DIRECTION('',(1.,0.,0.));
#10839=DIRECTION('',(-1.,0.,0.));
#10840=DIRECTION('',(0.,-1.,0.));
#10841=DIRECTION('',(0.,0.,-1.));
#10842=DIRECTION('',(1.,0.,0.));
#10843=DIRECTION('',(-1.,0.,0.));
#10844=DIRECTION('',(-1.,0.,0.));
#10845=DIRECTION('',(0.,0.,1.));
#10846=DIRECTION('',(0.,0.,-1.));
#10847=DIRECTION('',(0.,-1.,0.));
#10848=DIRECTION('',(-1.,0.,0.));
#10849=DIRECTION('',(0.,0.,1.));
#10850=DIRECTION('',(0.,5.9284895695839E-17,-1.));
#10851=DIRECTION('',(-1.,0.,0.));
#10852=DIRECTION('',(0.,0.,1.));
#10853=DIRECTION('',(0.,1.,1.58093055188904E-16));
#10854=DIRECTION('',(-1.,0.,0.));
#10855=DIRECTION('',(0.,0.,1.));
#10856=DIRECTION('',(0.,0.,-1.));
#10857=DIRECTION('',(0.,-1.,-3.16186110377808E-16));
#10858=DIRECTION('',(-1.,0.,0.));
#10859=DIRECTION('',(0.,0.,1.));
#10860=DIRECTION('',(0.,0.,1.));
#10861=DIRECTION('',(0.,-5.9284895695839E-17,-1.));
#10862=DIRECTION('',(-1.,0.,0.));
#10863=DIRECTION('',(0.,0.,1.));
#10864=DIRECTION('',(0.,1.,0.));
#10865=DIRECTION('',(1.,0.,0.));
#10866=DIRECTION('',(0.,0.,-1.));
#10867=DIRECTION('',(1.,0.,0.));
#10868=DIRECTION('',(0.,0.,-1.));
#10869=DIRECTION('',(0.,1.,0.));
#10870=DIRECTION('',(0.,0.,-1.));
#10871=DIRECTION('',(0.,-1.,-1.58093055188904E-16));
#10872=DIRECTION('',(1.,0.,0.));
#10873=DIRECTION('',(0.,0.,-1.));
#10874=DIRECTION('',(0.,-5.9284895695839E-17,1.));
#10875=DIRECTION('',(1.,0.,0.));
#10876=DIRECTION('',(0.,0.,-1.));
#10877=DIRECTION('',(1.,0.,0.));
#10878=DIRECTION('',(0.,0.,-1.));
#10879=DIRECTION('',(0.,1.,3.16186110377808E-16));
#10880=DIRECTION('',(0.,0.,-1.));
#10881=DIRECTION('',(0.,-1.,0.));
#10882=DIRECTION('',(1.,0.,0.));
#10883=DIRECTION('',(0.,0.,-1.));
#10884=DIRECTION('',(0.,5.9284895695839E-17,1.));
#10885=DIRECTION('',(0.,0.,-1.));
#10886=DIRECTION('',(0.,-1.,0.));
#10887=DIRECTION('',(0.,0.,-1.));
#10888=DIRECTION('',(1.,0.,0.));
#10889=DIRECTION('',(-1.,0.,0.));
#10890=DIRECTION('',(0.,-1.,0.));
#10891=DIRECTION('',(0.,0.,-1.));
#10892=DIRECTION('',(1.,0.,0.));
#10893=DIRECTION('',(-1.,0.,0.));
#10894=DIRECTION('',(-1.,0.,0.));
#10895=DIRECTION('',(0.,0.,1.));
#10896=DIRECTION('',(0.,0.,-1.));
#10897=DIRECTION('',(0.,-1.,0.));
#10898=DIRECTION('',(-1.,0.,0.));
#10899=DIRECTION('',(0.,0.,1.));
#10900=DIRECTION('',(0.,5.9284895695839E-17,-1.));
#10901=DIRECTION('',(-1.,0.,0.));
#10902=DIRECTION('',(0.,0.,1.));
#10903=DIRECTION('',(0.,1.,1.58093055188904E-16));
#10904=DIRECTION('',(-1.,0.,0.));
#10905=DIRECTION('',(0.,0.,1.));
#10906=DIRECTION('',(0.,0.,-1.));
#10907=DIRECTION('',(0.,-1.,-3.16186110377808E-16));
#10908=DIRECTION('',(-1.,0.,0.));
#10909=DIRECTION('',(0.,0.,1.));
#10910=DIRECTION('',(0.,0.,1.));
#10911=DIRECTION('',(0.,-5.9284895695839E-17,-1.));
#10912=DIRECTION('',(-1.,0.,0.));
#10913=DIRECTION('',(0.,0.,1.));
#10914=DIRECTION('',(0.,1.,0.));
#10915=DIRECTION('',(1.,0.,0.));
#10916=DIRECTION('',(0.,0.,-1.));
#10917=DIRECTION('',(1.,0.,0.));
#10918=DIRECTION('',(0.,0.,-1.));
#10919=DIRECTION('',(0.,1.,0.));
#10920=DIRECTION('',(0.,0.,-1.));
#10921=DIRECTION('',(0.,-1.,-1.58093055188904E-16));
#10922=DIRECTION('',(1.,0.,0.));
#10923=DIRECTION('',(0.,0.,-1.));
#10924=DIRECTION('',(0.,-5.9284895695839E-17,1.));
#10925=DIRECTION('',(1.,0.,0.));
#10926=DIRECTION('',(0.,0.,-1.));
#10927=DIRECTION('',(1.,0.,0.));
#10928=DIRECTION('',(0.,0.,-1.));
#10929=DIRECTION('',(0.,1.,3.16186110377808E-16));
#10930=DIRECTION('',(0.,0.,-1.));
#10931=DIRECTION('',(0.,-1.,0.));
#10932=DIRECTION('',(1.,0.,0.));
#10933=DIRECTION('',(0.,0.,-1.));
#10934=DIRECTION('',(0.,5.9284895695839E-17,1.));
#10935=DIRECTION('',(0.,0.,-1.));
#10936=DIRECTION('',(0.,-1.,0.));
#10937=DIRECTION('',(0.,0.,-1.));
#10938=DIRECTION('',(1.,0.,0.));
#10939=DIRECTION('',(-1.,0.,0.));
#10940=DIRECTION('',(0.,-1.,0.));
#10941=DIRECTION('',(0.,0.,-1.));
#10942=DIRECTION('',(1.,0.,0.));
#10943=DIRECTION('',(-1.,0.,0.));
#10944=DIRECTION('',(0.,-1.,0.));
#10945=DIRECTION('',(0.,0.,-1.));
#10946=DIRECTION('',(0.,0.,-1.));
#10947=DIRECTION('',(1.,0.,0.));
#10948=DIRECTION('',(-1.,0.,0.));
#10949=DIRECTION('',(0.,-1.,0.));
#10950=DIRECTION('',(0.,0.,-1.));
#10951=DIRECTION('',(0.,0.,-1.));
#10952=DIRECTION('',(1.,0.,0.));
#10953=DIRECTION('',(-1.,0.,0.));
#10954=DIRECTION('',(1.,0.,0.));
#10955=DIRECTION('',(0.,0.,-1.));
#10956=DIRECTION('',(1.,0.,0.));
#10957=DIRECTION('',(0.,0.,-1.));
#10958=DIRECTION('',(0.,1.,0.));
#10959=DIRECTION('',(0.,-1.,-1.58093055188904E-16));
#10960=DIRECTION('',(1.,0.,0.));
#10961=DIRECTION('',(0.,0.,-1.));
#10962=DIRECTION('',(0.,-5.9284895695839E-17,1.));
#10963=DIRECTION('',(1.,0.,0.));
#10964=DIRECTION('',(0.,0.,-1.));
#10965=DIRECTION('',(1.,0.,0.));
#10966=DIRECTION('',(0.,0.,-1.));
#10967=DIRECTION('',(0.,1.,3.16186110377808E-16));
#10968=DIRECTION('',(0.,-1.,0.));
#10969=DIRECTION('',(1.,0.,0.));
#10970=DIRECTION('',(0.,0.,-1.));
#10971=DIRECTION('',(0.,5.9284895695839E-17,1.));
#10972=DIRECTION('',(0.,0.,-1.));
#10973=DIRECTION('',(0.,1.,0.));
#10974=DIRECTION('',(0.,0.,1.));
#10975=DIRECTION('',(-1.,0.,0.));
#10976=DIRECTION('',(0.,1.,0.));
#10977=DIRECTION('',(0.,0.,1.));
#10978=DIRECTION('',(-1.,0.,0.));
#10979=DIRECTION('',(0.,1.,0.));
#10980=DIRECTION('',(0.,0.,1.));
#10981=DIRECTION('',(-1.,0.,0.));
#10982=DIRECTION('',(0.,1.,0.));
#10983=DIRECTION('',(0.,0.,1.));
#10984=DIRECTION('',(-1.,0.,0.));
#10985=DIRECTION('',(0.,1.,0.));
#10986=DIRECTION('',(0.,0.,1.));
#10987=DIRECTION('',(-1.,0.,0.));
#10988=DIRECTION('',(0.,1.,0.));
#10989=DIRECTION('',(0.,0.,1.));
#10990=DIRECTION('',(-1.,0.,0.));
#10991=DIRECTION('',(0.,1.,0.));
#10992=DIRECTION('',(0.,0.,1.));
#10993=DIRECTION('',(-1.,0.,0.));
#10994=DIRECTION('',(0.,1.,0.));
#10995=DIRECTION('',(0.,0.,1.));
#10996=DIRECTION('',(-1.,0.,0.));
#10997=DIRECTION('',(0.,1.,0.));
#10998=DIRECTION('',(0.,0.,1.));
#10999=DIRECTION('',(-1.,0.,0.));
#11000=DIRECTION('',(0.,1.,0.));
#11001=DIRECTION('',(0.,0.,1.));
#11002=DIRECTION('',(-1.,0.,0.));
#11003=DIRECTION('',(0.,1.,0.));
#11004=DIRECTION('',(0.,0.,1.));
#11005=DIRECTION('',(-1.,0.,0.));
#11006=DIRECTION('',(0.,1.,0.));
#11007=DIRECTION('',(0.,0.,1.));
#11008=DIRECTION('',(-1.,0.,0.));
#11009=DIRECTION('',(0.,1.,0.));
#11010=DIRECTION('',(0.,0.,1.));
#11011=DIRECTION('',(-1.,0.,0.));
#11012=DIRECTION('',(0.,1.,0.));
#11013=DIRECTION('',(0.,0.,1.));
#11014=DIRECTION('',(-1.,0.,0.));
#11015=DIRECTION('',(0.,1.,0.));
#11016=DIRECTION('',(0.,0.,1.));
#11017=DIRECTION('',(-1.,0.,0.));
#11018=DIRECTION('',(0.,1.,0.));
#11019=DIRECTION('',(0.,0.,1.));
#11020=DIRECTION('',(-1.,0.,0.));
#11021=DIRECTION('',(0.,1.,0.));
#11022=DIRECTION('',(0.,0.,1.));
#11023=DIRECTION('',(-1.,0.,0.));
#11024=DIRECTION('',(0.,1.,0.));
#11025=DIRECTION('',(0.,0.,1.));
#11026=DIRECTION('',(-1.,0.,0.));
#11027=DIRECTION('',(0.,1.,0.));
#11028=DIRECTION('',(0.,0.,1.));
#11029=DIRECTION('',(-1.,0.,0.));
#11030=DIRECTION('',(0.,1.,0.));
#11031=DIRECTION('',(0.,0.,1.));
#11032=DIRECTION('',(-1.,0.,0.));
#11033=DIRECTION('',(0.,0.,1.));
#11034=DIRECTION('',(1.,0.,0.));
#11035=DIRECTION('',(-1.,0.,0.));
#11036=DIRECTION('',(-1.,0.,0.));
#11037=DIRECTION('',(-1.,0.,0.));
#11038=DIRECTION('',(-1.,0.,0.));
#11039=DIRECTION('',(-1.,0.,0.));
#11040=DIRECTION('',(-1.,0.,0.));
#11041=DIRECTION('',(-1.,0.,0.));
#11042=DIRECTION('',(-1.,0.,0.));
#11043=DIRECTION('',(-1.,0.,0.));
#11044=DIRECTION('',(-1.,0.,0.));
#11045=DIRECTION('',(-1.,0.,0.));
#11046=DIRECTION('',(-1.,0.,0.));
#11047=DIRECTION('',(-1.,0.,0.));
#11048=DIRECTION('',(-1.,0.,0.));
#11049=DIRECTION('',(-1.,0.,0.));
#11050=DIRECTION('',(-1.,0.,0.));
#11051=DIRECTION('',(-1.,0.,0.));
#11052=DIRECTION('',(-1.,0.,0.));
#11053=DIRECTION('',(-1.,0.,0.));
#11054=DIRECTION('',(-1.,0.,0.));
#11055=DIRECTION('',(-1.,0.,0.));
#11056=DIRECTION('',(-1.,0.,0.));
#11057=DIRECTION('',(0.,0.,1.));
#11058=DIRECTION('',(-1.,0.,0.));
#11059=DIRECTION('',(0.,1.,-5.9284895695839E-17));
#11060=DIRECTION('',(0.,5.9284895695839E-17,1.));
#11061=DIRECTION('',(-1.,0.,0.));
#11062=DIRECTION('',(0.,0.,1.));
#11063=DIRECTION('',(-1.,0.,0.));
#11064=DIRECTION('',(0.,1.,-5.9284895695839E-17));
#11065=DIRECTION('',(0.,5.9284895695839E-17,1.));
#11066=DIRECTION('',(-1.,0.,0.));
#11067=DIRECTION('',(0.,0.,1.));
#11068=DIRECTION('',(-1.,0.,0.));
#11069=DIRECTION('',(0.,1.,-5.9284895695839E-17));
#11070=DIRECTION('',(0.,5.9284895695839E-17,1.));
#11071=DIRECTION('',(-1.,0.,0.));
#11072=DIRECTION('',(0.,0.,1.));
#11073=DIRECTION('',(-1.,0.,0.));
#11074=DIRECTION('',(0.,1.,-5.9284895695839E-17));
#11075=DIRECTION('',(0.,5.9284895695839E-17,1.));
#11076=DIRECTION('',(-1.,0.,0.));
#11077=DIRECTION('',(0.,0.,1.));
#11078=DIRECTION('',(-1.,0.,0.));
#11079=DIRECTION('',(0.,1.,-5.9284895695839E-17));
#11080=DIRECTION('',(0.,5.9284895695839E-17,1.));
#11081=DIRECTION('',(-1.,0.,0.));
#11082=DIRECTION('',(0.,0.,1.));
#11083=DIRECTION('',(-1.,0.,0.));
#11084=DIRECTION('',(0.,1.,-5.9284895695839E-17));
#11085=DIRECTION('',(0.,5.9284895695839E-17,1.));
#11086=DIRECTION('',(-1.,0.,0.));
#11087=DIRECTION('',(0.,0.,1.));
#11088=DIRECTION('',(-1.,0.,0.));
#11089=DIRECTION('',(0.,1.,-5.9284895695839E-17));
#11090=DIRECTION('',(0.,5.9284895695839E-17,1.));
#11091=DIRECTION('',(-1.,0.,0.));
#11092=DIRECTION('',(0.,0.,1.));
#11093=DIRECTION('',(-1.,0.,0.));
#11094=DIRECTION('',(0.,1.,-5.9284895695839E-17));
#11095=DIRECTION('',(0.,5.9284895695839E-17,1.));
#11096=DIRECTION('',(-1.,0.,0.));
#11097=DIRECTION('',(0.,0.,1.));
#11098=DIRECTION('',(-1.,0.,0.));
#11099=DIRECTION('',(0.,1.,-5.9284895695839E-17));
#11100=DIRECTION('',(0.,5.9284895695839E-17,1.));
#11101=DIRECTION('',(-1.,0.,0.));
#11102=DIRECTION('',(0.,0.,1.));
#11103=DIRECTION('',(-1.,0.,0.));
#11104=DIRECTION('',(0.,1.,-5.9284895695839E-17));
#11105=DIRECTION('',(0.,5.9284895695839E-17,1.));
#11106=DIRECTION('',(-1.,0.,0.));
#11107=DIRECTION('',(0.,0.,1.));
#11108=DIRECTION('',(-1.,0.,0.));
#11109=DIRECTION('',(0.,1.,-5.9284895695839E-17));
#11110=DIRECTION('',(0.,5.9284895695839E-17,1.));
#11111=DIRECTION('',(-1.,0.,0.));
#11112=DIRECTION('',(0.,0.,1.));
#11113=DIRECTION('',(-1.,0.,0.));
#11114=DIRECTION('',(0.,1.,-5.9284895695839E-17));
#11115=DIRECTION('',(0.,5.9284895695839E-17,1.));
#11116=DIRECTION('',(-1.,0.,0.));
#11117=DIRECTION('',(0.,0.,1.));
#11118=DIRECTION('',(-1.,0.,0.));
#11119=DIRECTION('',(0.,1.,-5.9284895695839E-17));
#11120=DIRECTION('',(0.,5.9284895695839E-17,1.));
#11121=DIRECTION('',(-1.,0.,0.));
#11122=DIRECTION('',(0.,0.,1.));
#11123=DIRECTION('',(-1.,0.,0.));
#11124=DIRECTION('',(0.,1.,-5.9284895695839E-17));
#11125=DIRECTION('',(0.,5.9284895695839E-17,1.));
#11126=DIRECTION('',(-1.,0.,0.));
#11127=DIRECTION('',(0.,0.,1.));
#11128=DIRECTION('',(-1.,0.,0.));
#11129=DIRECTION('',(0.,1.,-5.9284895695839E-17));
#11130=DIRECTION('',(0.,5.9284895695839E-17,1.));
#11131=DIRECTION('',(-1.,0.,0.));
#11132=DIRECTION('',(0.,0.,1.));
#11133=DIRECTION('',(-1.,0.,0.));
#11134=DIRECTION('',(0.,1.,-5.9284895695839E-17));
#11135=DIRECTION('',(0.,5.9284895695839E-17,1.));
#11136=DIRECTION('',(-1.,0.,0.));
#11137=DIRECTION('',(0.,0.,1.));
#11138=DIRECTION('',(-1.,0.,0.));
#11139=DIRECTION('',(0.,1.,-5.9284895695839E-17));
#11140=DIRECTION('',(0.,5.9284895695839E-17,1.));
#11141=DIRECTION('',(-1.,0.,0.));
#11142=DIRECTION('',(0.,0.,1.));
#11143=DIRECTION('',(-1.,0.,0.));
#11144=DIRECTION('',(0.,1.,-5.9284895695839E-17));
#11145=DIRECTION('',(0.,5.9284895695839E-17,1.));
#11146=DIRECTION('',(-1.,0.,0.));
#11147=DIRECTION('',(0.,0.,1.));
#11148=DIRECTION('',(-1.,0.,0.));
#11149=DIRECTION('',(0.,1.,-5.9284895695839E-17));
#11150=DIRECTION('',(0.,5.9284895695839E-17,1.));
#11151=DIRECTION('',(-1.,0.,0.));
#11152=DIRECTION('',(0.,0.,1.));
#11153=DIRECTION('',(-1.,0.,0.));
#11154=DIRECTION('',(0.,1.,-5.9284895695839E-17));
#11155=DIRECTION('',(0.,5.9284895695839E-17,1.));
#11156=DIRECTION('',(0.,-1.,0.));
#11157=DIRECTION('',(0.,0.,-1.));
#11158=DIRECTION('',(0.,-1.58093055188904E-16,1.));
#11159=DIRECTION('',(0.,-1.,-1.58093055188904E-16));
#11160=DIRECTION('',(-1.,0.,0.));
#11161=DIRECTION('',(-1.,0.,0.));
#11162=DIRECTION('',(-1.,0.,0.));
#11163=DIRECTION('',(-1.,0.,0.));
#11164=DIRECTION('',(-1.,0.,0.));
#11165=DIRECTION('',(-1.,0.,0.));
#11166=DIRECTION('',(-1.,0.,0.));
#11167=DIRECTION('',(-1.,0.,0.));
#11168=DIRECTION('',(-1.,0.,0.));
#11169=DIRECTION('',(-1.,0.,0.));
#11170=DIRECTION('',(-1.,0.,0.));
#11171=DIRECTION('',(-1.,0.,0.));
#11172=DIRECTION('',(-1.,0.,0.));
#11173=DIRECTION('',(-1.,0.,0.));
#11174=DIRECTION('',(-1.,0.,0.));
#11175=DIRECTION('',(-1.,0.,0.));
#11176=DIRECTION('',(-1.,0.,0.));
#11177=DIRECTION('',(-1.,0.,0.));
#11178=DIRECTION('',(-1.,0.,0.));
#11179=DIRECTION('',(-1.,0.,0.));
#11180=DIRECTION('',(-1.,0.,0.));
#11181=DIRECTION('',(-1.,0.,0.));
#11182=DIRECTION('',(0.,0.,1.));
#11183=DIRECTION('',(-1.,0.,0.));
#11184=DIRECTION('',(0.,0.,1.));
#11185=DIRECTION('',(-1.,0.,0.));
#11186=DIRECTION('',(0.,0.,1.));
#11187=DIRECTION('',(-1.,0.,0.));
#11188=DIRECTION('',(0.,0.,1.));
#11189=DIRECTION('',(-1.,0.,0.));
#11190=DIRECTION('',(0.,0.,1.));
#11191=DIRECTION('',(-1.,0.,0.));
#11192=DIRECTION('',(0.,0.,1.));
#11193=DIRECTION('',(-1.,0.,0.));
#11194=DIRECTION('',(0.,0.,1.));
#11195=DIRECTION('',(-1.,0.,0.));
#11196=DIRECTION('',(0.,0.,1.));
#11197=DIRECTION('',(-1.,0.,0.));
#11198=DIRECTION('',(0.,0.,1.));
#11199=DIRECTION('',(-1.,0.,0.));
#11200=DIRECTION('',(0.,0.,1.));
#11201=DIRECTION('',(-1.,0.,0.));
#11202=DIRECTION('',(0.,0.,1.));
#11203=DIRECTION('',(-1.,0.,0.));
#11204=DIRECTION('',(0.,0.,1.));
#11205=DIRECTION('',(-1.,0.,0.));
#11206=DIRECTION('',(0.,0.,1.));
#11207=DIRECTION('',(-1.,0.,0.));
#11208=DIRECTION('',(0.,0.,1.));
#11209=DIRECTION('',(-1.,0.,0.));
#11210=DIRECTION('',(0.,0.,1.));
#11211=DIRECTION('',(-1.,0.,0.));
#11212=DIRECTION('',(0.,0.,1.));
#11213=DIRECTION('',(-1.,0.,0.));
#11214=DIRECTION('',(0.,0.,1.));
#11215=DIRECTION('',(-1.,0.,0.));
#11216=DIRECTION('',(0.,0.,1.));
#11217=DIRECTION('',(-1.,0.,0.));
#11218=DIRECTION('',(0.,0.,1.));
#11219=DIRECTION('',(-1.,0.,0.));
#11220=DIRECTION('',(0.,0.,1.));
#11221=DIRECTION('',(-1.,0.,0.));
#11222=DIRECTION('',(0.,0.,1.));
#11223=DIRECTION('',(-1.,0.,0.));
#11224=DIRECTION('',(0.,3.16186110377808E-16,-1.));
#11225=DIRECTION('',(0.,1.,3.16186110377808E-16));
#11226=DIRECTION('',(-1.,0.,0.));
#11227=DIRECTION('',(-1.,0.,0.));
#11228=DIRECTION('',(-1.,0.,0.));
#11229=DIRECTION('',(-1.,0.,0.));
#11230=DIRECTION('',(-1.,0.,0.));
#11231=DIRECTION('',(-1.,0.,0.));
#11232=DIRECTION('',(-1.,0.,0.));
#11233=DIRECTION('',(-1.,0.,0.));
#11234=DIRECTION('',(-1.,0.,0.));
#11235=DIRECTION('',(-1.,0.,0.));
#11236=DIRECTION('',(-1.,0.,0.));
#11237=DIRECTION('',(-1.,0.,0.));
#11238=DIRECTION('',(-1.,0.,0.));
#11239=DIRECTION('',(-1.,0.,0.));
#11240=DIRECTION('',(-1.,0.,0.));
#11241=DIRECTION('',(-1.,0.,0.));
#11242=DIRECTION('',(-1.,0.,0.));
#11243=DIRECTION('',(-1.,0.,0.));
#11244=DIRECTION('',(-1.,0.,0.));
#11245=DIRECTION('',(-1.,0.,0.));
#11246=DIRECTION('',(-1.,0.,0.));
#11247=DIRECTION('',(0.,0.,1.));
#11248=DIRECTION('',(-1.,0.,0.));
#11249=DIRECTION('',(0.,0.,1.));
#11250=DIRECTION('',(-1.,0.,0.));
#11251=DIRECTION('',(0.,0.,1.));
#11252=DIRECTION('',(-1.,0.,0.));
#11253=DIRECTION('',(0.,0.,1.));
#11254=DIRECTION('',(-1.,0.,0.));
#11255=DIRECTION('',(0.,0.,1.));
#11256=DIRECTION('',(-1.,0.,0.));
#11257=DIRECTION('',(0.,0.,1.));
#11258=DIRECTION('',(-1.,0.,0.));
#11259=DIRECTION('',(0.,0.,1.));
#11260=DIRECTION('',(-1.,0.,0.));
#11261=DIRECTION('',(0.,0.,1.));
#11262=DIRECTION('',(-1.,0.,0.));
#11263=DIRECTION('',(0.,0.,1.));
#11264=DIRECTION('',(-1.,0.,0.));
#11265=DIRECTION('',(0.,0.,1.));
#11266=DIRECTION('',(-1.,0.,0.));
#11267=DIRECTION('',(0.,0.,1.));
#11268=DIRECTION('',(-1.,0.,0.));
#11269=DIRECTION('',(0.,0.,1.));
#11270=DIRECTION('',(-1.,0.,0.));
#11271=DIRECTION('',(0.,0.,1.));
#11272=DIRECTION('',(-1.,0.,0.));
#11273=DIRECTION('',(0.,0.,1.));
#11274=DIRECTION('',(-1.,0.,0.));
#11275=DIRECTION('',(0.,0.,1.));
#11276=DIRECTION('',(-1.,0.,0.));
#11277=DIRECTION('',(0.,0.,1.));
#11278=DIRECTION('',(-1.,0.,0.));
#11279=DIRECTION('',(0.,0.,1.));
#11280=DIRECTION('',(-1.,0.,0.));
#11281=DIRECTION('',(0.,0.,1.));
#11282=DIRECTION('',(-1.,0.,0.));
#11283=DIRECTION('',(0.,0.,1.));
#11284=DIRECTION('',(0.,-1.,1.0671281225251E-16));
#11285=DIRECTION('',(0.,-1.0671281225251E-16,-1.));
#11286=DIRECTION('',(-1.,0.,0.));
#11287=DIRECTION('',(0.,0.,1.));
#11288=DIRECTION('',(-1.,0.,0.));
#11289=DIRECTION('',(-1.,0.,0.));
#11290=DIRECTION('',(-1.,0.,0.));
#11291=DIRECTION('',(0.,0.,1.));
#11292=DIRECTION('',(-1.,0.,0.));
#11293=DIRECTION('',(-1.,0.,0.));
#11294=DIRECTION('',(-1.,0.,0.));
#11295=DIRECTION('',(0.,0.,1.));
#11296=DIRECTION('',(-1.,0.,0.));
#11297=DIRECTION('',(-1.,0.,0.));
#11298=DIRECTION('',(-1.,0.,0.));
#11299=DIRECTION('',(0.,0.,1.));
#11300=DIRECTION('',(-1.,0.,0.));
#11301=DIRECTION('',(-1.,0.,0.));
#11302=DIRECTION('',(-1.,0.,0.));
#11303=DIRECTION('',(0.,0.,1.));
#11304=DIRECTION('',(-1.,0.,0.));
#11305=DIRECTION('',(-1.,0.,0.));
#11306=DIRECTION('',(-1.,0.,0.));
#11307=DIRECTION('',(0.,0.,1.));
#11308=DIRECTION('',(-1.,0.,0.));
#11309=DIRECTION('',(-1.,0.,0.));
#11310=DIRECTION('',(-1.,0.,0.));
#11311=DIRECTION('',(0.,0.,1.));
#11312=DIRECTION('',(-1.,0.,0.));
#11313=DIRECTION('',(-1.,0.,0.));
#11314=DIRECTION('',(-1.,0.,0.));
#11315=DIRECTION('',(0.,0.,1.));
#11316=DIRECTION('',(-1.,0.,0.));
#11317=DIRECTION('',(-1.,0.,0.));
#11318=DIRECTION('',(-1.,0.,0.));
#11319=DIRECTION('',(0.,0.,1.));
#11320=DIRECTION('',(-1.,0.,0.));
#11321=DIRECTION('',(-1.,0.,0.));
#11322=DIRECTION('',(-1.,0.,0.));
#11323=DIRECTION('',(0.,0.,1.));
#11324=DIRECTION('',(-1.,0.,0.));
#11325=DIRECTION('',(-1.,0.,0.));
#11326=DIRECTION('',(-1.,0.,0.));
#11327=DIRECTION('',(0.,0.,1.));
#11328=DIRECTION('',(-1.,0.,0.));
#11329=DIRECTION('',(-1.,0.,0.));
#11330=DIRECTION('',(-1.,0.,0.));
#11331=DIRECTION('',(0.,0.,1.));
#11332=DIRECTION('',(-1.,0.,0.));
#11333=DIRECTION('',(-1.,0.,0.));
#11334=DIRECTION('',(-1.,0.,0.));
#11335=DIRECTION('',(0.,0.,1.));
#11336=DIRECTION('',(-1.,0.,0.));
#11337=DIRECTION('',(-1.,0.,0.));
#11338=DIRECTION('',(-1.,0.,0.));
#11339=DIRECTION('',(0.,0.,1.));
#11340=DIRECTION('',(-1.,0.,0.));
#11341=DIRECTION('',(-1.,0.,0.));
#11342=DIRECTION('',(-1.,0.,0.));
#11343=DIRECTION('',(0.,0.,1.));
#11344=DIRECTION('',(-1.,0.,0.));
#11345=DIRECTION('',(-1.,0.,0.));
#11346=DIRECTION('',(-1.,0.,0.));
#11347=DIRECTION('',(0.,0.,1.));
#11348=DIRECTION('',(-1.,0.,0.));
#11349=DIRECTION('',(-1.,0.,0.));
#11350=DIRECTION('',(-1.,0.,0.));
#11351=DIRECTION('',(0.,0.,1.));
#11352=DIRECTION('',(-1.,0.,0.));
#11353=DIRECTION('',(-1.,0.,0.));
#11354=DIRECTION('',(-1.,0.,0.));
#11355=DIRECTION('',(0.,0.,1.));
#11356=DIRECTION('',(-1.,0.,0.));
#11357=DIRECTION('',(-1.,0.,0.));
#11358=DIRECTION('',(-1.,0.,0.));
#11359=DIRECTION('',(0.,0.,1.));
#11360=DIRECTION('',(-1.,0.,0.));
#11361=DIRECTION('',(-1.,0.,0.));
#11362=DIRECTION('',(0.,1.,5.9284895695839E-17));
#11363=DIRECTION('',(0.,-5.9284895695839E-17,1.));
#11364=DIRECTION('',(-1.,0.,0.));
#11365=DIRECTION('',(0.,1.,5.9284895695839E-17));
#11366=DIRECTION('',(0.,-5.9284895695839E-17,1.));
#11367=DIRECTION('',(0.,1.,5.9284895695839E-17));
#11368=DIRECTION('',(0.,-5.9284895695839E-17,1.));
#11369=DIRECTION('',(0.,1.,5.9284895695839E-17));
#11370=DIRECTION('',(0.,-5.9284895695839E-17,1.));
#11371=DIRECTION('',(0.,1.,5.9284895695839E-17));
#11372=DIRECTION('',(0.,-5.9284895695839E-17,1.));
#11373=DIRECTION('',(0.,1.,5.9284895695839E-17));
#11374=DIRECTION('',(0.,-5.9284895695839E-17,1.));
#11375=DIRECTION('',(0.,1.,5.9284895695839E-17));
#11376=DIRECTION('',(0.,-5.9284895695839E-17,1.));
#11377=DIRECTION('',(0.,1.,5.9284895695839E-17));
#11378=DIRECTION('',(0.,-5.9284895695839E-17,1.));
#11379=DIRECTION('',(0.,1.,5.9284895695839E-17));
#11380=DIRECTION('',(0.,-5.9284895695839E-17,1.));
#11381=DIRECTION('',(0.,1.,5.9284895695839E-17));
#11382=DIRECTION('',(0.,-5.9284895695839E-17,1.));
#11383=DIRECTION('',(0.,1.,5.9284895695839E-17));
#11384=DIRECTION('',(0.,-5.9284895695839E-17,1.));
#11385=DIRECTION('',(0.,1.,5.9284895695839E-17));
#11386=DIRECTION('',(0.,-5.9284895695839E-17,1.));
#11387=DIRECTION('',(0.,1.,5.9284895695839E-17));
#11388=DIRECTION('',(0.,-5.9284895695839E-17,1.));
#11389=DIRECTION('',(0.,1.,5.9284895695839E-17));
#11390=DIRECTION('',(0.,-5.9284895695839E-17,1.));
#11391=DIRECTION('',(0.,1.,5.9284895695839E-17));
#11392=DIRECTION('',(0.,-5.9284895695839E-17,1.));
#11393=DIRECTION('',(0.,1.,5.9284895695839E-17));
#11394=DIRECTION('',(0.,-5.9284895695839E-17,1.));
#11395=DIRECTION('',(0.,1.,5.9284895695839E-17));
#11396=DIRECTION('',(0.,-5.9284895695839E-17,1.));
#11397=DIRECTION('',(0.,1.,5.9284895695839E-17));
#11398=DIRECTION('',(0.,-5.9284895695839E-17,1.));
#11399=DIRECTION('',(0.,1.,5.9284895695839E-17));
#11400=DIRECTION('',(0.,-5.9284895695839E-17,1.));
#11401=DIRECTION('',(0.,-1.,0.));
#11402=DIRECTION('',(0.,0.,-1.));
#11403=DIRECTION('',(-1.,0.,0.));
#11404=DIRECTION('',(0.,0.,-1.));
#11405=DIRECTION('',(-1.,0.,0.));
#11406=DIRECTION('',(-1.,0.,0.));
#11407=DIRECTION('',(-1.,0.,0.));
#11408=DIRECTION('',(0.,0.,1.));
#11409=DIRECTION('',(0.,1.,5.9284895695839E-17));
#11410=DIRECTION('',(0.,-5.9284895695839E-17,1.));
#11411=DIRECTION('',(0.,1.,-3.12668539899855E-17));
#11412=DIRECTION('',(0.,3.12668539899855E-17,1.));
#11413=DIRECTION('',(0.,0.,1.));
#11414=DIRECTION('',(1.,0.,0.));
#11415=DIRECTION('',(1.,0.,0.));
#11416=DIRECTION('',(0.,0.,-1.));
#11417=DIRECTION('',(0.,3.12668539899855E-17,-1.));
#11418=DIRECTION('',(0.,1.,-4.74279165566713E-16));
#11419=DIRECTION('',(0.,0.,1.));
#11420=DIRECTION('',(0.,-1.,0.));
#11421=DIRECTION('',(-1.,0.,0.));
#11422=DIRECTION('',(0.,0.,1.));
#11423=DIRECTION('',(0.,-3.12668539899855E-17,1.));
#11424=DIRECTION('',(0.,-1.,0.));
#11425=DIRECTION('',(0.,0.,-1.));
#11426=DIRECTION('',(0.,1.,-4.74279165566713E-16));
#11427=DIRECTION('',(0.,4.74279165566713E-16,1.));
#11428=DIRECTION('',(0.,-1.,4.74279165566713E-16));
#11429=DIRECTION('',(1.,0.,0.));
#11430=DIRECTION('',(1.,0.,0.));
#11431=DIRECTION('',(0.,0.,-1.));
#11432=DIRECTION('',(-1.,0.,0.));
#11433=DIRECTION('',(-1.,0.,0.));
#11434=DIRECTION('',(-1.,0.,0.));
#11435=DIRECTION('',(0.,1.,0.));
#11436=DIRECTION('',(0.,0.,1.));
#11437=DIRECTION('',(0.,1.,0.));
#11438=DIRECTION('',(1.,0.,0.));
#11439=DIRECTION('',(0.,1.,0.));
#11440=DIRECTION('',(1.,0.,0.));
#11441=DIRECTION('',(0.,1.,0.));
#11442=DIRECTION('',(1.,0.,0.));
#11443=DIRECTION('',(0.,1.,0.));
#11444=DIRECTION('',(1.,0.,0.));
#11445=DIRECTION('',(0.,1.,0.));
#11446=DIRECTION('',(1.,0.,0.));
#11447=DIRECTION('',(0.,1.,0.));
#11448=DIRECTION('',(1.,0.,0.));
#11449=DIRECTION('',(0.,1.,0.));
#11450=DIRECTION('',(1.,0.,0.));
#11451=DIRECTION('',(0.,1.,0.));
#11452=DIRECTION('',(1.,0.,0.));
#11453=DIRECTION('',(0.,1.,0.));
#11454=DIRECTION('',(1.,0.,0.));
#11455=DIRECTION('',(0.,1.,0.));
#11456=DIRECTION('',(1.,0.,0.));
#11457=DIRECTION('',(0.,1.,0.));
#11458=DIRECTION('',(1.,0.,0.));
#11459=DIRECTION('',(0.,1.,0.));
#11460=DIRECTION('',(1.,0.,0.));
#11461=DIRECTION('',(0.,1.,0.));
#11462=DIRECTION('',(1.,0.,0.));
#11463=DIRECTION('',(0.,1.,0.));
#11464=DIRECTION('',(1.,0.,0.));
#11465=DIRECTION('',(0.,1.,0.));
#11466=DIRECTION('',(1.,0.,0.));
#11467=DIRECTION('',(0.,1.,0.));
#11468=DIRECTION('',(1.,0.,0.));
#11469=DIRECTION('',(0.,1.,0.));
#11470=DIRECTION('',(1.,0.,0.));
#11471=DIRECTION('',(0.,1.,0.));
#11472=DIRECTION('',(1.,0.,0.));
#11473=DIRECTION('',(0.,1.,0.));
#11474=DIRECTION('',(1.,0.,0.));
#11475=DIRECTION('',(0.,1.,0.));
#11476=DIRECTION('',(1.,0.,0.));
#11477=DIRECTION('',(0.,1.,0.));
#11478=DIRECTION('',(1.,0.,0.));
#11479=DIRECTION('',(0.,1.,0.));
#11480=DIRECTION('',(1.,0.,0.));
#11481=DIRECTION('',(0.,1.,0.));
#11482=DIRECTION('',(1.,0.,0.));
#11483=DIRECTION('',(0.,1.,0.));
#11484=DIRECTION('',(1.,0.,0.));
#11485=DIRECTION('',(0.,1.,0.));
#11486=DIRECTION('',(1.,0.,0.));
#11487=DIRECTION('',(0.,1.,0.));
#11488=DIRECTION('',(1.,0.,0.));
#11489=DIRECTION('',(0.,1.,0.));
#11490=DIRECTION('',(1.,0.,0.));
#11491=DIRECTION('',(0.,1.,0.));
#11492=DIRECTION('',(1.,0.,0.));
#11493=DIRECTION('',(0.,1.,0.));
#11494=DIRECTION('',(1.,0.,0.));
#11495=DIRECTION('',(0.,1.,0.));
#11496=DIRECTION('',(1.,0.,0.));
#11497=DIRECTION('',(0.,1.,0.));
#11498=DIRECTION('',(1.,0.,0.));
#11499=DIRECTION('',(0.,1.,0.));
#11500=DIRECTION('',(1.,0.,0.));
#11501=DIRECTION('',(0.,1.,0.));
#11502=DIRECTION('',(1.,0.,0.));
#11503=DIRECTION('',(0.,1.,0.));
#11504=DIRECTION('',(1.,0.,0.));
#11505=DIRECTION('',(0.,1.,0.));
#11506=DIRECTION('',(1.,0.,0.));
#11507=DIRECTION('',(0.,1.,0.));
#11508=DIRECTION('',(1.,0.,0.));
#11509=DIRECTION('',(0.,1.,0.));
#11510=DIRECTION('',(1.,0.,0.));
#11511=DIRECTION('',(0.,1.,0.));
#11512=DIRECTION('',(1.,0.,0.));
#11513=DIRECTION('',(0.,1.,0.));
#11514=DIRECTION('',(1.,0.,0.));
#11515=DIRECTION('',(0.,1.,0.));
#11516=DIRECTION('',(1.,0.,0.));
#11517=DIRECTION('',(0.,-1.,0.));
#11518=DIRECTION('',(0.,0.,-1.));
#11519=DIRECTION('',(0.,1.,0.));
#11520=DIRECTION('',(0.,0.,1.));
#11521=DIRECTION('',(0.,-1.,0.));
#11522=DIRECTION('',(0.,0.,-1.));
#11523=DIRECTION('',(0.,1.,0.));
#11524=DIRECTION('',(0.,0.,1.));
#11525=DIRECTION('',(0.,-1.,0.));
#11526=DIRECTION('',(0.,0.,-1.));
#11527=DIRECTION('',(0.,1.,0.));
#11528=DIRECTION('',(0.,0.,1.));
#11529=DIRECTION('',(0.,-1.,0.));
#11530=DIRECTION('',(0.,0.,-1.));
#11531=DIRECTION('',(0.,1.,0.));
#11532=DIRECTION('',(0.,0.,1.));
#11533=DIRECTION('',(0.,-1.,0.));
#11534=DIRECTION('',(0.,0.,-1.));
#11535=DIRECTION('',(0.,1.,0.));
#11536=DIRECTION('',(0.,0.,1.));
#11537=DIRECTION('',(0.,-1.,0.));
#11538=DIRECTION('',(0.,0.,-1.));
#11539=DIRECTION('',(0.,1.,0.));
#11540=DIRECTION('',(0.,0.,1.));
#11541=DIRECTION('',(0.,-1.,0.));
#11542=DIRECTION('',(0.,0.,-1.));
#11543=DIRECTION('',(0.,1.,0.));
#11544=DIRECTION('',(0.,0.,1.));
#11545=DIRECTION('',(0.,-1.,0.));
#11546=DIRECTION('',(0.,0.,-1.));
#11547=DIRECTION('',(0.,1.,0.));
#11548=DIRECTION('',(0.,0.,1.));
#11549=DIRECTION('',(0.,-1.,0.));
#11550=DIRECTION('',(0.,0.,-1.));
#11551=DIRECTION('',(0.,1.,0.));
#11552=DIRECTION('',(0.,0.,1.));
#11553=DIRECTION('',(0.,-1.,0.));
#11554=DIRECTION('',(0.,0.,-1.));
#11555=DIRECTION('',(0.,1.,0.));
#11556=DIRECTION('',(0.,0.,1.));
#11557=DIRECTION('',(0.,-1.,0.));
#11558=DIRECTION('',(0.,0.,-1.));
#11559=DIRECTION('',(0.,1.,0.));
#11560=DIRECTION('',(0.,0.,1.));
#11561=DIRECTION('',(0.,-1.,0.));
#11562=DIRECTION('',(0.,0.,-1.));
#11563=DIRECTION('',(0.,1.,0.));
#11564=DIRECTION('',(0.,0.,1.));
#11565=DIRECTION('',(0.,-1.,0.));
#11566=DIRECTION('',(0.,0.,-1.));
#11567=DIRECTION('',(0.,1.,0.));
#11568=DIRECTION('',(0.,0.,1.));
#11569=DIRECTION('',(0.,-1.,0.));
#11570=DIRECTION('',(0.,0.,-1.));
#11571=DIRECTION('',(0.,1.,0.));
#11572=DIRECTION('',(0.,0.,1.));
#11573=DIRECTION('',(0.,-1.,0.));
#11574=DIRECTION('',(0.,0.,-1.));
#11575=DIRECTION('',(0.,1.,0.));
#11576=DIRECTION('',(0.,0.,1.));
#11577=DIRECTION('',(0.,-1.,0.));
#11578=DIRECTION('',(0.,0.,-1.));
#11579=DIRECTION('',(0.,1.,0.));
#11580=DIRECTION('',(0.,0.,1.));
#11581=DIRECTION('',(0.,-1.,0.));
#11582=DIRECTION('',(0.,0.,-1.));
#11583=DIRECTION('',(0.,1.,0.));
#11584=DIRECTION('',(0.,0.,1.));
#11585=DIRECTION('',(0.,-1.,0.));
#11586=DIRECTION('',(0.,0.,-1.));
#11587=DIRECTION('',(0.,1.,0.));
#11588=DIRECTION('',(0.,0.,1.));
#11589=DIRECTION('',(0.,-1.,0.));
#11590=DIRECTION('',(0.,0.,-1.));
#11591=DIRECTION('',(0.,1.,0.));
#11592=DIRECTION('',(0.,0.,1.));
#11593=DIRECTION('',(0.,-1.,0.));
#11594=DIRECTION('',(0.,0.,-1.));
#11595=DIRECTION('',(0.,1.,0.));
#11596=DIRECTION('',(0.,0.,1.));
#11597=DIRECTION('',(0.,-1.,0.));
#11598=DIRECTION('',(0.,0.,-1.));
#11599=DIRECTION('',(0.,1.,0.));
#11600=DIRECTION('',(0.,0.,1.));
#11601=DIRECTION('',(0.,-1.,0.));
#11602=DIRECTION('',(0.,0.,-1.));
#11603=DIRECTION('',(0.,1.,0.));
#11604=DIRECTION('',(0.,0.,1.));
#11605=DIRECTION('',(0.,-1.,0.));
#11606=DIRECTION('',(0.,0.,-1.));
#11607=DIRECTION('',(0.,1.,0.));
#11608=DIRECTION('',(0.,0.,1.));
#11609=DIRECTION('',(0.,-1.,0.));
#11610=DIRECTION('',(0.,0.,-1.));
#11611=DIRECTION('',(0.,1.,0.));
#11612=DIRECTION('',(0.,0.,1.));
#11613=DIRECTION('',(0.,-1.,0.));
#11614=DIRECTION('',(0.,0.,-1.));
#11615=DIRECTION('',(0.,1.,0.));
#11616=DIRECTION('',(0.,0.,1.));
#11617=DIRECTION('',(0.,-1.,0.));
#11618=DIRECTION('',(0.,0.,-1.));
#11619=DIRECTION('',(0.,1.,0.));
#11620=DIRECTION('',(0.,0.,1.));
#11621=DIRECTION('',(0.,-1.,0.));
#11622=DIRECTION('',(0.,0.,-1.));
#11623=DIRECTION('',(0.,1.,0.));
#11624=DIRECTION('',(0.,0.,1.));
#11625=DIRECTION('',(0.,-1.,0.));
#11626=DIRECTION('',(0.,0.,-1.));
#11627=DIRECTION('',(0.,1.,0.));
#11628=DIRECTION('',(0.,0.,1.));
#11629=DIRECTION('',(0.,-1.,0.));
#11630=DIRECTION('',(0.,0.,-1.));
#11631=DIRECTION('',(0.,1.,0.));
#11632=DIRECTION('',(0.,0.,1.));
#11633=DIRECTION('',(0.,-1.,0.));
#11634=DIRECTION('',(0.,0.,-1.));
#11635=DIRECTION('',(0.,1.,0.));
#11636=DIRECTION('',(0.,0.,1.));
#11637=DIRECTION('',(0.,-1.,0.));
#11638=DIRECTION('',(0.,0.,-1.));
#11639=DIRECTION('',(0.,1.,0.));
#11640=DIRECTION('',(0.,0.,1.));
#11641=DIRECTION('',(0.,-1.,0.));
#11642=DIRECTION('',(0.,0.,-1.));
#11643=DIRECTION('',(0.,1.,0.));
#11644=DIRECTION('',(0.,0.,1.));
#11645=DIRECTION('',(0.,-1.,0.));
#11646=DIRECTION('',(0.,0.,-1.));
#11647=DIRECTION('',(0.,1.,0.));
#11648=DIRECTION('',(0.,0.,1.));
#11649=DIRECTION('',(0.,-1.,0.));
#11650=DIRECTION('',(0.,0.,-1.));
#11651=DIRECTION('',(0.,1.,0.));
#11652=DIRECTION('',(0.,0.,1.));
#11653=DIRECTION('',(0.,-1.,0.));
#11654=DIRECTION('',(0.,0.,-1.));
#11655=DIRECTION('',(0.,1.,0.));
#11656=DIRECTION('',(0.,0.,1.));
#11657=DIRECTION('',(0.,-1.,0.));
#11658=DIRECTION('',(0.,0.,-1.));
#11659=DIRECTION('',(0.,1.,0.));
#11660=DIRECTION('',(0.,0.,1.));
#11661=DIRECTION('',(0.,-1.,0.));
#11662=DIRECTION('',(0.,0.,-1.));
#11663=DIRECTION('',(0.,1.,0.));
#11664=DIRECTION('',(0.,0.,1.));
#11665=DIRECTION('',(0.,-1.,0.));
#11666=DIRECTION('',(0.,0.,-1.));
#11667=DIRECTION('',(0.,1.,0.));
#11668=DIRECTION('',(0.,0.,1.));
#11669=DIRECTION('',(0.,-1.,0.));
#11670=DIRECTION('',(0.,0.,-1.));
#11671=DIRECTION('',(0.,1.,0.));
#11672=DIRECTION('',(0.,0.,1.));
#11673=DIRECTION('',(0.,-1.,0.));
#11674=DIRECTION('',(0.,0.,-1.));
#11675=DIRECTION('',(0.,1.,0.));
#11676=DIRECTION('',(0.,0.,1.));
#11677=DIRECTION('',(0.,1.,0.));
#11678=DIRECTION('',(0.,0.,1.));
#11679=DIRECTION('',(0.,1.,0.));
#11680=DIRECTION('',(0.,0.,1.));
#11681=DIRECTION('',(0.,1.,0.));
#11682=DIRECTION('',(0.,0.,1.));
#11683=DIRECTION('',(0.,1.,0.));
#11684=DIRECTION('',(0.,0.,1.));
#11685=DIRECTION('',(0.,1.,0.));
#11686=DIRECTION('',(0.,0.,1.));
#11687=DIRECTION('',(0.,1.,0.));
#11688=DIRECTION('',(0.,0.,1.));
#11689=DIRECTION('',(0.,1.,0.));
#11690=DIRECTION('',(0.,0.,1.));
#11691=DIRECTION('',(0.,1.,0.));
#11692=DIRECTION('',(0.,0.,1.));
#11693=DIRECTION('',(0.,1.,0.));
#11694=DIRECTION('',(0.,0.,1.));
#11695=DIRECTION('',(0.,1.,0.));
#11696=DIRECTION('',(0.,0.,1.));
#11697=DIRECTION('',(0.,1.,0.));
#11698=DIRECTION('',(0.,0.,1.));
#11699=DIRECTION('',(0.,1.,0.));
#11700=DIRECTION('',(0.,0.,1.));
#11701=DIRECTION('',(0.,1.,0.));
#11702=DIRECTION('',(0.,0.,1.));
#11703=DIRECTION('',(0.,1.,0.));
#11704=DIRECTION('',(0.,0.,1.));
#11705=DIRECTION('',(0.,1.,0.));
#11706=DIRECTION('',(0.,0.,1.));
#11707=DIRECTION('',(0.,1.,0.));
#11708=DIRECTION('',(0.,0.,1.));
#11709=DIRECTION('',(0.,1.,0.));
#11710=DIRECTION('',(0.,0.,1.));
#11711=DIRECTION('',(0.,1.,0.));
#11712=DIRECTION('',(0.,0.,1.));
#11713=DIRECTION('',(0.,1.,0.));
#11714=DIRECTION('',(0.,0.,1.));
#11715=DIRECTION('',(0.,1.,0.));
#11716=DIRECTION('',(0.,0.,1.));
#11717=DIRECTION('',(0.,1.,0.));
#11718=DIRECTION('',(0.,0.,1.));
#11719=DIRECTION('',(0.,1.,0.));
#11720=DIRECTION('',(0.,0.,1.));
#11721=DIRECTION('',(0.,1.,0.));
#11722=DIRECTION('',(0.,0.,1.));
#11723=DIRECTION('',(0.,1.,0.));
#11724=DIRECTION('',(0.,0.,1.));
#11725=DIRECTION('',(0.,1.,0.));
#11726=DIRECTION('',(0.,0.,1.));
#11727=DIRECTION('',(0.,1.,0.));
#11728=DIRECTION('',(0.,0.,1.));
#11729=DIRECTION('',(0.,1.,0.));
#11730=DIRECTION('',(0.,0.,1.));
#11731=DIRECTION('',(0.,1.,0.));
#11732=DIRECTION('',(0.,0.,1.));
#11733=DIRECTION('',(0.,1.,0.));
#11734=DIRECTION('',(0.,0.,1.));
#11735=DIRECTION('',(0.,1.,0.));
#11736=DIRECTION('',(0.,0.,1.));
#11737=DIRECTION('',(0.,1.,0.));
#11738=DIRECTION('',(0.,0.,1.));
#11739=DIRECTION('',(0.,1.,0.));
#11740=DIRECTION('',(0.,0.,1.));
#11741=DIRECTION('',(0.,1.,0.));
#11742=DIRECTION('',(0.,0.,1.));
#11743=DIRECTION('',(0.,1.,0.));
#11744=DIRECTION('',(0.,0.,1.));
#11745=DIRECTION('',(0.,1.,0.));
#11746=DIRECTION('',(0.,0.,1.));
#11747=DIRECTION('',(0.,1.,0.));
#11748=DIRECTION('',(0.,0.,1.));
#11749=DIRECTION('',(0.,1.,0.));
#11750=DIRECTION('',(0.,0.,1.));
#11751=DIRECTION('',(0.,1.,0.));
#11752=DIRECTION('',(0.,0.,1.));
#11753=DIRECTION('',(0.,1.,0.));
#11754=DIRECTION('',(0.,0.,1.));
#11755=DIRECTION('',(0.,1.,0.));
#11756=DIRECTION('',(0.,0.,1.));
#11757=DIRECTION('',(0.,-1.,-3.12668539899855E-17));
#11758=DIRECTION('',(0.,3.12668539899855E-17,-1.));
#11759=DIRECTION('',(0.,0.,1.));
#11760=DIRECTION('',(1.,0.,0.));
#11761=CARTESIAN_POINT('',(0.,0.,0.));
#11762=CARTESIAN_POINT('',(0.,0.,0.));
#11763=CARTESIAN_POINT('',(0.5375,0.,0.));
#11764=CARTESIAN_POINT('',(0.5125,0.,0.));
#11765=CARTESIAN_POINT('',(0.5625,0.,0.));
#11766=CARTESIAN_POINT('',(0.5125,0.,0.1125));
#11767=CARTESIAN_POINT('',(0.5125,0.,-0.1125));
#11768=CARTESIAN_POINT('',(0.5375,0.,-0.1125));
#11769=CARTESIAN_POINT('',(0.5375,0.,-0.1125));
#11770=CARTESIAN_POINT('',(0.5625,0.,-0.0875));
#11771=CARTESIAN_POINT('',(0.5625,0.,-0.0875));
#11772=CARTESIAN_POINT('',(0.5625,0.,0.0875));
#11773=CARTESIAN_POINT('',(0.,0.,0.));
#11774=CARTESIAN_POINT('',(-0.5375,0.,0.));
#11775=CARTESIAN_POINT('',(-0.5625,0.,7.58846664906741E-18));
#11776=CARTESIAN_POINT('',(-0.5125,0.,0.));
#11777=CARTESIAN_POINT('',(-0.5625,0.,-0.1125));
#11778=CARTESIAN_POINT('',(-0.5625,0.,-0.1125));
#11779=CARTESIAN_POINT('',(0.5375,0.,-0.1125));
#11780=CARTESIAN_POINT('',(-0.5125,0.,-0.1125));
#11781=CARTESIAN_POINT('',(-0.5125,0.,0.1125));
#11782=CARTESIAN_POINT('',(0.5625,0.316,-0.0375));
#11783=CARTESIAN_POINT('',(-0.5125,0.316,-0.0375));
#11784=CARTESIAN_POINT('',(-0.5125,0.205,-0.0375));
#11785=CARTESIAN_POINT('',(-0.5125,0.124,-0.0375));
#11786=CARTESIAN_POINT('',(0.5625,0.205,-0.0375));
#11787=CARTESIAN_POINT('',(-0.5625,0.205,-0.0375));
#11788=CARTESIAN_POINT('',(-0.5625,0.316,-0.0375));
#11789=CARTESIAN_POINT('',(-0.5625,0.124,-0.0375));
#11790=CARTESIAN_POINT('',(0.5625,0.124,-0.0375));
#11791=CARTESIAN_POINT('',(-0.5625,0.316,0.0375));
#11792=CARTESIAN_POINT('',(-0.5625,0.316,0.0375));
#11793=CARTESIAN_POINT('',(-0.5625,0.205,0.0375));
#11794=CARTESIAN_POINT('',(-0.5625,0.124,0.0375));
#11795=CARTESIAN_POINT('',(0.5625,0.205,0.0375));
#11796=CARTESIAN_POINT('',(-0.5125,0.205,0.0375));
#11797=CARTESIAN_POINT('',(-0.5125,0.316,0.0375));
#11798=CARTESIAN_POINT('',(-0.5125,0.124,0.0375));
#11799=CARTESIAN_POINT('',(-0.5625,0.124,0.0375));
#11800=CARTESIAN_POINT('',(0.,0.22,0.));
#11801=CARTESIAN_POINT('',(0.4025,0.22,-0.0875));
#11802=CARTESIAN_POINT('',(0.4025,0.22,-0.0875));
#11803=CARTESIAN_POINT('',(0.4025,0.22,-0.0825));
#11804=CARTESIAN_POINT('',(0.5275,0.22,-0.0875));
#11805=CARTESIAN_POINT('',(0.5275,0.22,-0.0875));
#11806=CARTESIAN_POINT('',(0.5275,0.22,0.0675));
#11807=CARTESIAN_POINT('',(0.5275,0.22,-0.0525));
#11808=CARTESIAN_POINT('',(0.5625,0.22,-0.0525));
#11809=CARTESIAN_POINT('',(0.5625,0.22,-0.0525));
#11810=CARTESIAN_POINT('',(0.5625,0.22,0.0875));
#11811=CARTESIAN_POINT('',(0.5625,0.22,-0.0875));
#11812=CARTESIAN_POINT('',(0.5625,0.22,-0.0875));
#11813=CARTESIAN_POINT('',(0.5375,0.22,-0.1125));
#11814=CARTESIAN_POINT('',(0.5375,0.22,-0.1125));
#11815=CARTESIAN_POINT('',(-0.5625,0.22,-0.1125));
#11816=CARTESIAN_POINT('',(-0.5625,0.22,-0.1125));
#11817=CARTESIAN_POINT('',(-0.5625,0.22,-0.0525));
#11818=CARTESIAN_POINT('',(0.5625,0.22,-0.0525));
#11819=CARTESIAN_POINT('',(-0.5275,0.22,-0.0525));
#11820=CARTESIAN_POINT('',(-0.5275,0.22,-0.0675));
#11821=CARTESIAN_POINT('',(-0.5275,0.22,-0.0825));
#11822=CARTESIAN_POINT('',(0.5125,0.22,-0.0825));
#11823=CARTESIAN_POINT('',(0.,0.22,0.));
#11824=CARTESIAN_POINT('',(0.5625,0.22,0.0875));
#11825=CARTESIAN_POINT('',(0.5625,0.22,0.0875));
#11826=CARTESIAN_POINT('',(0.5625,0.22,0.0525));
#11827=CARTESIAN_POINT('',(0.5625,0.22,0.0525));
#11828=CARTESIAN_POINT('',(0.5275,0.22,0.0525));
#11829=CARTESIAN_POINT('',(0.5275,0.22,0.0675));
#11830=CARTESIAN_POINT('',(0.5275,0.22,0.0825));
#11831=CARTESIAN_POINT('',(-0.5125,0.22,0.0825));
#11832=CARTESIAN_POINT('',(-0.5275,0.22,0.0825));
#11833=CARTESIAN_POINT('',(-0.5275,0.22,-0.0675));
#11834=CARTESIAN_POINT('',(-0.5275,0.22,0.0525));
#11835=CARTESIAN_POINT('',(0.5625,0.22,0.0525));
#11836=CARTESIAN_POINT('',(-0.5625,0.22,0.0525));
#11837=CARTESIAN_POINT('',(-0.5625,0.22,-0.1125));
#11838=CARTESIAN_POINT('',(-0.5625,0.22,0.1125));
#11839=CARTESIAN_POINT('',(-0.5625,0.22,0.1125));
#11840=CARTESIAN_POINT('',(0.5375,0.22,0.1125));
#11841=CARTESIAN_POINT('',(0.5375,0.22,0.1125));
#11842=CARTESIAN_POINT('',(-0.5625,0.22,-0.1125));
#11843=CARTESIAN_POINT('',(-0.5625,0.22,0.0525));
#11844=CARTESIAN_POINT('',(-0.5625,0.124,-0.0375));
#11845=CARTESIAN_POINT('',(-0.5625,0.205,-0.0375));
#11846=CARTESIAN_POINT('',(-0.5625,0.22,-0.1125));
#11847=CARTESIAN_POINT('',(-0.5625,0.,-0.1125));
#11848=CARTESIAN_POINT('',(-0.5625,0.,0.1125));
#11849=CARTESIAN_POINT('',(-0.5625,0.22,0.1125));
#11850=CARTESIAN_POINT('',(0.5625,0.22,0.0875));
#11851=CARTESIAN_POINT('',(0.5625,0.22,0.0525));
#11852=CARTESIAN_POINT('',(0.5625,0.205,0.0375));
#11853=CARTESIAN_POINT('',(0.5625,0.22,0.0875));
#11854=CARTESIAN_POINT('',(0.5625,0.,0.0875));
#11855=CARTESIAN_POINT('',(0.5625,0.,0.0875));
#11856=CARTESIAN_POINT('',(0.5625,0.22,-0.0875));
#11857=CARTESIAN_POINT('',(0.5625,0.205,-0.0375));
#11858=CARTESIAN_POINT('',(0.5625,0.205,-0.0375));
#11859=CARTESIAN_POINT('',(0.5625,0.316,-0.0375));
#11860=CARTESIAN_POINT('',(0.5625,0.124,-0.0375));
#11861=CARTESIAN_POINT('',(0.5625,0.124,0.0375));
#11862=CARTESIAN_POINT('',(0.5625,0.124,0.0375));
#11863=CARTESIAN_POINT('',(0.5625,0.316,0.0375));
#11864=CARTESIAN_POINT('',(-0.5125,0.205,-0.0675));
#11865=CARTESIAN_POINT('',(-0.5225,0.215,-0.0475));
#11866=CARTESIAN_POINT('',(-0.5125,0.205,-0.0675));
#11867=CARTESIAN_POINT('',(-0.5125,0.205,-0.0675));
#11868=CARTESIAN_POINT('',(-0.5125,0.205,-0.0675));
#11869=CARTESIAN_POINT('',(-0.5125,0.205,-0.0675));
#11870=CARTESIAN_POINT('',(-0.5125,0.205,-0.0675));
#11871=CARTESIAN_POINT('',(-0.5125,0.205,0.0675));
#11872=CARTESIAN_POINT('',(-0.4775,0.17,0.00250000000000004));
#11873=CARTESIAN_POINT('',(-0.5125,0.205,0.0675));
#11874=CARTESIAN_POINT('',(0.5125,0.205,0.0675));
#11875=CARTESIAN_POINT('',(0.5125,0.205,0.0675));
#11876=CARTESIAN_POINT('',(0.5125,0.205,-0.0375));
#11877=CARTESIAN_POINT('',(0.5125,0.205,-0.0875));
#11878=CARTESIAN_POINT('',(0.4775,0.17,-0.00250000000000004));
#11879=CARTESIAN_POINT('',(0.5125,0.205,-0.0875));
#11880=CARTESIAN_POINT('',(0.5125,0.205,0.0675));
#11881=CARTESIAN_POINT('',(0.5225,0.215,0.0475));
#11882=CARTESIAN_POINT('',(0.5125,0.205,0.0375));
#11883=CARTESIAN_POINT('',(0.5125,0.205,0.0675));
#11884=CARTESIAN_POINT('',(0.5125,0.205,0.0675));
#11885=CARTESIAN_POINT('',(0.5125,0.205,0.0675));
#11886=CARTESIAN_POINT('',(0.5625,0.316,-0.0375));
#11887=CARTESIAN_POINT('',(0.5625,0.205,-0.0375));
#11888=CARTESIAN_POINT('',(0.5125,0.316,-0.0375));
#11889=CARTESIAN_POINT('',(0.5125,0.124,-0.0375));
#11890=CARTESIAN_POINT('',(0.5625,0.124,-0.0375));
#11891=CARTESIAN_POINT('',(-0.5625,0.316,0.0375));
#11892=CARTESIAN_POINT('',(0.5125,0.316,0.0375));
#11893=CARTESIAN_POINT('',(0.5125,0.124,0.0375));
#11894=CARTESIAN_POINT('',(0.5625,0.205,0.0375));
#11895=CARTESIAN_POINT('',(-0.5625,0.124,0.0375));
#11896=CARTESIAN_POINT('',(0.,0.124,0.));
#11897=CARTESIAN_POINT('',(-0.5125,0.124,0.));
#11898=CARTESIAN_POINT('',(0.,0.,0.));
#11899=CARTESIAN_POINT('',(-0.5375,0.,0.));
#11900=CARTESIAN_POINT('',(-0.5125,0.,0.1125));
#11901=CARTESIAN_POINT('',(-0.5125,0.,0.1125));
#11902=CARTESIAN_POINT('',(-0.5625,0.,0.1125));
#11903=CARTESIAN_POINT('',(0.5375,0.22,-0.1125));
#11904=CARTESIAN_POINT('',(0.5125,0.,-0.1125));
#11905=CARTESIAN_POINT('',(0.5125,0.06,-0.1125));
#11906=CARTESIAN_POINT('',(0.5125,0.06,-0.1125));
#11907=CARTESIAN_POINT('',(-0.5125,0.06,-0.1125));
#11908=CARTESIAN_POINT('',(-0.5125,0.,-0.1125));
#11909=CARTESIAN_POINT('',(0.5375,0.22,-0.1125));
#11910=CARTESIAN_POINT('',(-0.5625,0.22,0.1125));
#11911=CARTESIAN_POINT('',(0.5125,0.06,0.1125));
#11912=CARTESIAN_POINT('',(0.5125,0.06,0.1125));
#11913=CARTESIAN_POINT('',(-0.5125,0.06,0.1125));
#11914=CARTESIAN_POINT('',(0.5125,0.06,0.1125));
#11915=CARTESIAN_POINT('',(0.5125,8.53702498020082E-18,0.1125));
#11916=CARTESIAN_POINT('',(-0.5625,0.,0.1125));
#11917=CARTESIAN_POINT('',(0.5375,0.,0.1125));
#11918=CARTESIAN_POINT('',(0.5375,0.22,0.1125));
#11919=CARTESIAN_POINT('',(-0.5125,0.06,0.1125));
#11920=CARTESIAN_POINT('',(0.5375,0.22,0.1125));
#11921=CARTESIAN_POINT('',(0.5375,0.,0.1125));
#11922=CARTESIAN_POINT('',(0.5625,0.22,-0.0875));
#11923=CARTESIAN_POINT('',(0.,0.,0.));
#11924=CARTESIAN_POINT('',(0.5375,0.,0.));
#11925=CARTESIAN_POINT('',(0.5125,0.,0.1125));
#11926=CARTESIAN_POINT('',(0.5125,0.205,-0.0675));
#11927=CARTESIAN_POINT('',(0.4025,0.205,-0.0675));
#11928=CARTESIAN_POINT('',(0.4025,0.205,-0.0675));
#11929=CARTESIAN_POINT('',(0.5125,0.205,-0.0675));
#11930=CARTESIAN_POINT('',(-0.5125,0.205,0.0675));
#11931=CARTESIAN_POINT('',(-0.5125,0.205,0.0675));
#11932=CARTESIAN_POINT('',(0.5125,0.02,0.0425));
#11933=CARTESIAN_POINT('',(-0.5125,0.02,0.0425));
#11934=CARTESIAN_POINT('',(-0.5125,0.02,0.0425));
#11935=CARTESIAN_POINT('',(0.5125,0.02,0.0425));
#11936=CARTESIAN_POINT('',(0.5125,0.02,0.0425));
#11937=CARTESIAN_POINT('',(0.5125,0.02,0.0425));
#11938=CARTESIAN_POINT('',(0.5125,0.06,-0.1125));
#11939=CARTESIAN_POINT('',(-0.5125,0.06,-0.1125));
#11940=CARTESIAN_POINT('',(-0.5125,0.02,-0.0425));
#11941=CARTESIAN_POINT('',(0.5125,0.06,-0.1125));
#11942=CARTESIAN_POINT('',(0.5125,0.02,-0.0425));
#11943=CARTESIAN_POINT('',(0.5125,0.02,-0.0425));
#11944=CARTESIAN_POINT('',(0.5125,0.02,-0.0425));
#11945=CARTESIAN_POINT('',(-0.5125,0.02,-0.0425));
#11946=CARTESIAN_POINT('',(0.5125,0.02,-0.0425));
#11947=CARTESIAN_POINT('',(0.5125,0.,0.));
#11948=CARTESIAN_POINT('',(-0.5125,0.,0.));
#11949=CARTESIAN_POINT('',(0.,0.124,0.));
#11950=CARTESIAN_POINT('',(0.5125,0.124,0.));
#11951=CARTESIAN_POINT('',(0.5125,0.0565,-0.0675));
#11952=CARTESIAN_POINT('',(0.5125,0.0565,-0.0675));
#11953=CARTESIAN_POINT('',(0.4025,0.0565,-0.0675));
#11954=CARTESIAN_POINT('',(-0.5125,0.0565,-0.0675));
#11955=CARTESIAN_POINT('',(0.4025,0.0565,-0.0675));
#11956=CARTESIAN_POINT('',(-0.5125,0.0565,-0.0675));
#11957=CARTESIAN_POINT('',(-0.5125,0.0565,-0.0675));
#11958=CARTESIAN_POINT('',(-0.5125,0.0565,0.0675));
#11959=CARTESIAN_POINT('',(-0.5125,0.0565,0.0675));
#11960=CARTESIAN_POINT('',(-0.5125,0.0565,-0.0675));
#11961=CARTESIAN_POINT('',(-0.5125,0.0565,0.0675));
#11962=CARTESIAN_POINT('',(0.5125,0.0565,0.0675));
#11963=CARTESIAN_POINT('',(0.5125,0.0565,0.0675));
#11964=CARTESIAN_POINT('',(-0.5125,0.0565,0.0675));
#11965=CARTESIAN_POINT('',(0.5125,0.0565,0.0675));
#11966=CARTESIAN_POINT('',(0.5125,0.0565,-0.0875));
#11967=CARTESIAN_POINT('',(0.5125,0.0565,-0.0875));
#11968=CARTESIAN_POINT('',(0.5125,0.0565,0.0675));
#11969=CARTESIAN_POINT('',(0.,0.0565,0.));
#11970=CARTESIAN_POINT('',(0.4025,0.0565,-0.0875));
#11971=CARTESIAN_POINT('',(0.4025,0.0565,-0.0875));
#11972=CARTESIAN_POINT('',(0.4025,0.0565,-0.0875));
#11973=CARTESIAN_POINT('',(0.5625,0.22,0.0525));
#11974=CARTESIAN_POINT('',(0.5625,0.205,-0.0375));
#11975=CARTESIAN_POINT('',(0.5625,0.22,0.0525));
#11976=CARTESIAN_POINT('',(0.5625,0.205,-0.0375));
#11977=CARTESIAN_POINT('',(0.4025,0.22,-0.0875));
#11978=CARTESIAN_POINT('',(0.4025,0.22,-0.0875));
#11979=CARTESIAN_POINT('',(0.,0.,-0.0875));
#11980=CARTESIAN_POINT('',(-0.5375,-0.045,0.));
#11981=CARTESIAN_POINT('',(-0.5375,-0.02,0.));
#11982=CARTESIAN_POINT('',(-0.5375,-0.02,-0.0250000000000001));
#11983=CARTESIAN_POINT('',(-0.5375,-0.02,0.));
#11984=CARTESIAN_POINT('',(0.5375,-0.045,0.));
#11985=CARTESIAN_POINT('',(0.5375,-0.02,0.));
#11986=CARTESIAN_POINT('',(0.5375,-0.02,-0.025));
#11987=CARTESIAN_POINT('',(0.5375,-0.02,0.));
#11988=CARTESIAN_POINT('',(0.,0.,0.));
#11989=CARTESIAN_POINT('',(-0.5,0.1875,-0.0425));
#11990=CARTESIAN_POINT('',(-0.5,0.0330000000000006,-0.0425));
#11991=CARTESIAN_POINT('',(-0.5,0.0330000000000006,-0.035));
#11992=CARTESIAN_POINT('',(-0.5,0.0330000000000006,0.035));
#11993=CARTESIAN_POINT('',(-0.5,0.04,-0.035));
#11994=CARTESIAN_POINT('',(-0.5,0.031,-0.035));
#11995=CARTESIAN_POINT('',(-0.5,0.031,-0.035));
#11996=CARTESIAN_POINT('',(-0.5,0.031,-0.03));
#11997=CARTESIAN_POINT('',(-0.5,0.031,-0.03));
#11998=CARTESIAN_POINT('',(-0.5,0.03,-0.03));
#11999=CARTESIAN_POINT('',(-0.5,0.03,-0.0425));
#12000=CARTESIAN_POINT('',(-0.5,0.03,-0.02));
#12001=CARTESIAN_POINT('',(-0.5,0.00399999999999999,-0.02));
#12002=CARTESIAN_POINT('',(-0.5,0.031,-0.02));
#12003=CARTESIAN_POINT('',(-0.5,0.031,-0.02));
#12004=CARTESIAN_POINT('',(-0.5,0.031,0.02));
#12005=CARTESIAN_POINT('',(-0.5,0.031,0.02));
#12006=CARTESIAN_POINT('',(-0.5,0.03,0.02));
#12007=CARTESIAN_POINT('',(-0.5,0.03,-0.0425));
#12008=CARTESIAN_POINT('',(-0.5,0.03,0.03));
#12009=CARTESIAN_POINT('',(-0.5,0.00899999999999999,0.03));
#12010=CARTESIAN_POINT('',(-0.5,0.031,0.03));
#12011=CARTESIAN_POINT('',(-0.5,0.031,0.03));
#12012=CARTESIAN_POINT('',(-0.5,0.031,0.035));
#12013=CARTESIAN_POINT('',(-0.5,0.031,0.035));
#12014=CARTESIAN_POINT('',(0.5,0.1875,0.0425));
#12015=CARTESIAN_POINT('',(0.5,0.0330000000000006,0.0425));
#12016=CARTESIAN_POINT('',(0.5,0.0330000000000006,0.035));
#12017=CARTESIAN_POINT('',(0.5,0.0330000000000006,-0.035));
#12018=CARTESIAN_POINT('',(0.5,0.031,0.035));
#12019=CARTESIAN_POINT('',(0.5,0.031,0.035));
#12020=CARTESIAN_POINT('',(0.5,0.031,0.03));
#12021=CARTESIAN_POINT('',(0.5,0.031,0.03));
#12022=CARTESIAN_POINT('',(0.5,0.00899999999999999,0.03));
#12023=CARTESIAN_POINT('',(0.5,0.03,0.03));
#12024=CARTESIAN_POINT('',(0.5,0.03,0.0425));
#12025=CARTESIAN_POINT('',(0.5,0.03,0.02));
#12026=CARTESIAN_POINT('',(0.5,0.031,0.02));
#12027=CARTESIAN_POINT('',(0.5,0.031,0.02));
#12028=CARTESIAN_POINT('',(0.5,0.031,-0.02));
#12029=CARTESIAN_POINT('',(0.5,0.031,-0.02));
#12030=CARTESIAN_POINT('',(0.5,0.00399999999999999,-0.02));
#12031=CARTESIAN_POINT('',(0.5,0.03,-0.02));
#12032=CARTESIAN_POINT('',(0.5,0.03,0.0425));
#12033=CARTESIAN_POINT('',(0.5,0.03,-0.03));
#12034=CARTESIAN_POINT('',(0.5,0.031,-0.03));
#12035=CARTESIAN_POINT('',(0.5,0.031,-0.03));
#12036=CARTESIAN_POINT('',(0.5,0.031,-0.035));
#12037=CARTESIAN_POINT('',(0.5,0.031,-0.035));
#12038=CARTESIAN_POINT('',(0.5,0.04,-0.035));
#12039=CARTESIAN_POINT('',(0.5,0.031,0.035));
#12040=CARTESIAN_POINT('',(0.5,0.0330000000000006,0.035));
#12041=CARTESIAN_POINT('',(0.5,0.031,0.035));
#12042=CARTESIAN_POINT('',(0.5,0.04,-0.035));
#12043=CARTESIAN_POINT('',(0.5,0.0330000000000006,-0.035));
#12044=CARTESIAN_POINT('',(0.5,0.031,-0.035));
#12045=CARTESIAN_POINT('',(0.5,0.1875,-0.1175));
#12046=CARTESIAN_POINT('',(0.5,0.00399999999999998,-0.1175));
#12047=CARTESIAN_POINT('',(0.482,0.00399999999999999,-0.1175));
#12048=CARTESIAN_POINT('',(0.468,0.00399999999999998,-0.1175));
#12049=CARTESIAN_POINT('',(0.482,0.1875,-0.1175));
#12050=CARTESIAN_POINT('',(0.482,-0.00600000000000001,-0.1175));
#12051=CARTESIAN_POINT('',(0.5,-0.00600000000000001,-0.1175));
#12052=CARTESIAN_POINT('',(0.468,-0.00600000000000001,-0.1175));
#12053=CARTESIAN_POINT('',(0.468,0.1875,-0.1175));
#12054=CARTESIAN_POINT('',(0.5,0.1875,-0.1175));
#12055=CARTESIAN_POINT('',(0.5,0.00399999999999998,-0.1175));
#12056=CARTESIAN_POINT('',(0.432,0.00399999999999999,-0.1175));
#12057=CARTESIAN_POINT('',(0.418,0.00399999999999998,-0.1175));
#12058=CARTESIAN_POINT('',(0.432,0.1875,-0.1175));
#12059=CARTESIAN_POINT('',(0.432,-0.00600000000000001,-0.1175));
#12060=CARTESIAN_POINT('',(0.5,-0.00600000000000001,-0.1175));
#12061=CARTESIAN_POINT('',(0.418,-0.00600000000000001,-0.1175));
#12062=CARTESIAN_POINT('',(0.418,0.1875,-0.1175));
#12063=CARTESIAN_POINT('',(0.5,0.1875,-0.1175));
#12064=CARTESIAN_POINT('',(0.5,0.00399999999999998,-0.1175));
#12065=CARTESIAN_POINT('',(0.382,0.00399999999999999,-0.1175));
#12066=CARTESIAN_POINT('',(0.368,0.00399999999999998,-0.1175));
#12067=CARTESIAN_POINT('',(0.382,0.1875,-0.1175));
#12068=CARTESIAN_POINT('',(0.382,-0.00600000000000001,-0.1175));
#12069=CARTESIAN_POINT('',(0.5,-0.00600000000000001,-0.1175));
#12070=CARTESIAN_POINT('',(0.368,-0.00600000000000001,-0.1175));
#12071=CARTESIAN_POINT('',(0.368,0.1875,-0.1175));
#12072=CARTESIAN_POINT('',(0.5,0.1875,-0.1175));
#12073=CARTESIAN_POINT('',(0.5,0.00399999999999998,-0.1175));
#12074=CARTESIAN_POINT('',(0.332,0.00399999999999999,-0.1175));
#12075=CARTESIAN_POINT('',(0.318,0.00399999999999998,-0.1175));
#12076=CARTESIAN_POINT('',(0.332,0.1875,-0.1175));
#12077=CARTESIAN_POINT('',(0.332,-0.00600000000000001,-0.1175));
#12078=CARTESIAN_POINT('',(0.5,-0.00600000000000001,-0.1175));
#12079=CARTESIAN_POINT('',(0.318,-0.00600000000000001,-0.1175));
#12080=CARTESIAN_POINT('',(0.318,0.1875,-0.1175));
#12081=CARTESIAN_POINT('',(0.5,0.1875,-0.1175));
#12082=CARTESIAN_POINT('',(0.5,0.00399999999999998,-0.1175));
#12083=CARTESIAN_POINT('',(0.282,0.00399999999999999,-0.1175));
#12084=CARTESIAN_POINT('',(0.268,0.00399999999999998,-0.1175));
#12085=CARTESIAN_POINT('',(0.282,0.1875,-0.1175));
#12086=CARTESIAN_POINT('',(0.282,-0.00600000000000001,-0.1175));
#12087=CARTESIAN_POINT('',(0.5,-0.00600000000000001,-0.1175));
#12088=CARTESIAN_POINT('',(0.268,-0.00600000000000001,-0.1175));
#12089=CARTESIAN_POINT('',(0.268,0.1875,-0.1175));
#12090=CARTESIAN_POINT('',(0.5,0.1875,-0.1175));
#12091=CARTESIAN_POINT('',(0.5,0.00399999999999998,-0.1175));
#12092=CARTESIAN_POINT('',(0.232,0.00399999999999999,-0.1175));
#12093=CARTESIAN_POINT('',(0.218,0.00399999999999998,-0.1175));
#12094=CARTESIAN_POINT('',(0.232,0.1875,-0.1175));
#12095=CARTESIAN_POINT('',(0.232,-0.00600000000000001,-0.1175));
#12096=CARTESIAN_POINT('',(0.5,-0.00600000000000001,-0.1175));
#12097=CARTESIAN_POINT('',(0.218,-0.00600000000000001,-0.1175));
#12098=CARTESIAN_POINT('',(0.218,0.1875,-0.1175));
#12099=CARTESIAN_POINT('',(0.5,0.1875,-0.1175));
#12100=CARTESIAN_POINT('',(0.5,0.00399999999999998,-0.1175));
#12101=CARTESIAN_POINT('',(0.182,0.00399999999999999,-0.1175));
#12102=CARTESIAN_POINT('',(0.168,0.00399999999999998,-0.1175));
#12103=CARTESIAN_POINT('',(0.182,0.1875,-0.1175));
#12104=CARTESIAN_POINT('',(0.182,-0.00600000000000001,-0.1175));
#12105=CARTESIAN_POINT('',(0.5,-0.00600000000000001,-0.1175));
#12106=CARTESIAN_POINT('',(0.168,-0.00600000000000001,-0.1175));
#12107=CARTESIAN_POINT('',(0.168,0.1875,-0.1175));
#12108=CARTESIAN_POINT('',(0.5,0.1875,-0.1175));
#12109=CARTESIAN_POINT('',(0.5,0.00399999999999998,-0.1175));
#12110=CARTESIAN_POINT('',(0.132,0.00399999999999999,-0.1175));
#12111=CARTESIAN_POINT('',(0.118,0.00399999999999998,-0.1175));
#12112=CARTESIAN_POINT('',(0.132,0.1875,-0.1175));
#12113=CARTESIAN_POINT('',(0.132,-0.00600000000000001,-0.1175));
#12114=CARTESIAN_POINT('',(0.5,-0.00600000000000001,-0.1175));
#12115=CARTESIAN_POINT('',(0.118,-0.00600000000000001,-0.1175));
#12116=CARTESIAN_POINT('',(0.118,0.1875,-0.1175));
#12117=CARTESIAN_POINT('',(0.5,0.1875,-0.1175));
#12118=CARTESIAN_POINT('',(0.5,0.00399999999999998,-0.1175));
#12119=CARTESIAN_POINT('',(0.0819999999999999,0.00399999999999999,-0.1175));
#12120=CARTESIAN_POINT('',(0.0679999999999999,0.00399999999999998,-0.1175));
#12121=CARTESIAN_POINT('',(0.0819999999999999,0.1875,-0.1175));
#12122=CARTESIAN_POINT('',(0.0819999999999999,-0.00600000000000001,-0.1175));
#12123=CARTESIAN_POINT('',(0.5,-0.00600000000000001,-0.1175));
#12124=CARTESIAN_POINT('',(0.0679999999999999,-0.00600000000000001,-0.1175));
#12125=CARTESIAN_POINT('',(0.0679999999999999,0.1875,-0.1175));
#12126=CARTESIAN_POINT('',(0.5,0.1875,-0.1175));
#12127=CARTESIAN_POINT('',(0.5,0.00399999999999998,-0.1175));
#12128=CARTESIAN_POINT('',(0.0319999999999999,0.00399999999999999,-0.1175));
#12129=CARTESIAN_POINT('',(0.0179999999999999,0.00399999999999998,-0.1175));
#12130=CARTESIAN_POINT('',(0.0319999999999999,0.1875,-0.1175));
#12131=CARTESIAN_POINT('',(0.0319999999999999,-0.00600000000000001,-0.1175));
#12132=CARTESIAN_POINT('',(0.5,-0.00600000000000001,-0.1175));
#12133=CARTESIAN_POINT('',(0.0179999999999999,-0.00600000000000001,-0.1175));
#12134=CARTESIAN_POINT('',(0.0179999999999999,0.1875,-0.1175));
#12135=CARTESIAN_POINT('',(0.5,0.1875,-0.1175));
#12136=CARTESIAN_POINT('',(0.5,0.00399999999999998,-0.1175));
#12137=CARTESIAN_POINT('',(-0.0180000000000001,0.00399999999999999,-0.1175));
#12138=CARTESIAN_POINT('',(-0.0320000000000001,0.00399999999999998,-0.1175));
#12139=CARTESIAN_POINT('',(-0.0180000000000001,0.1875,-0.1175));
#12140=CARTESIAN_POINT('',(-0.0180000000000001,-0.00600000000000001,-0.1175));
#12141=CARTESIAN_POINT('',(0.5,-0.00600000000000001,-0.1175));
#12142=CARTESIAN_POINT('',(-0.0320000000000001,-0.00600000000000001,-0.1175));
#12143=CARTESIAN_POINT('',(-0.0320000000000001,0.1875,-0.1175));
#12144=CARTESIAN_POINT('',(0.5,0.1875,-0.1175));
#12145=CARTESIAN_POINT('',(0.5,0.00399999999999998,-0.1175));
#12146=CARTESIAN_POINT('',(-0.0680000000000001,0.00399999999999999,-0.1175));
#12147=CARTESIAN_POINT('',(-0.0820000000000001,0.00399999999999998,-0.1175));
#12148=CARTESIAN_POINT('',(-0.0680000000000001,0.1875,-0.1175));
#12149=CARTESIAN_POINT('',(-0.0680000000000001,-0.00600000000000001,-0.1175));
#12150=CARTESIAN_POINT('',(0.5,-0.00600000000000001,-0.1175));
#12151=CARTESIAN_POINT('',(-0.0820000000000001,-0.00600000000000001,-0.1175));
#12152=CARTESIAN_POINT('',(-0.0820000000000001,0.1875,-0.1175));
#12153=CARTESIAN_POINT('',(0.5,0.1875,-0.1175));
#12154=CARTESIAN_POINT('',(0.5,0.00399999999999998,-0.1175));
#12155=CARTESIAN_POINT('',(-0.118,0.00399999999999999,-0.1175));
#12156=CARTESIAN_POINT('',(-0.132,0.00399999999999998,-0.1175));
#12157=CARTESIAN_POINT('',(-0.118,0.1875,-0.1175));
#12158=CARTESIAN_POINT('',(-0.118,-0.00600000000000001,-0.1175));
#12159=CARTESIAN_POINT('',(0.5,-0.00600000000000001,-0.1175));
#12160=CARTESIAN_POINT('',(-0.132,-0.00600000000000001,-0.1175));
#12161=CARTESIAN_POINT('',(-0.132,0.1875,-0.1175));
#12162=CARTESIAN_POINT('',(0.5,0.1875,-0.1175));
#12163=CARTESIAN_POINT('',(0.5,0.00399999999999998,-0.1175));
#12164=CARTESIAN_POINT('',(-0.168,0.00399999999999999,-0.1175));
#12165=CARTESIAN_POINT('',(-0.182,0.00399999999999998,-0.1175));
#12166=CARTESIAN_POINT('',(-0.168,0.1875,-0.1175));
#12167=CARTESIAN_POINT('',(-0.168,-0.00600000000000001,-0.1175));
#12168=CARTESIAN_POINT('',(0.5,-0.00600000000000001,-0.1175));
#12169=CARTESIAN_POINT('',(-0.182,-0.00600000000000001,-0.1175));
#12170=CARTESIAN_POINT('',(-0.182,0.1875,-0.1175));
#12171=CARTESIAN_POINT('',(0.5,0.1875,-0.1175));
#12172=CARTESIAN_POINT('',(0.5,0.00399999999999998,-0.1175));
#12173=CARTESIAN_POINT('',(-0.218,0.00399999999999999,-0.1175));
#12174=CARTESIAN_POINT('',(-0.232,0.00399999999999998,-0.1175));
#12175=CARTESIAN_POINT('',(-0.218,0.1875,-0.1175));
#12176=CARTESIAN_POINT('',(-0.218,-0.00600000000000001,-0.1175));
#12177=CARTESIAN_POINT('',(0.5,-0.00600000000000001,-0.1175));
#12178=CARTESIAN_POINT('',(-0.232,-0.00600000000000001,-0.1175));
#12179=CARTESIAN_POINT('',(-0.232,0.1875,-0.1175));
#12180=CARTESIAN_POINT('',(0.5,0.1875,-0.1175));
#12181=CARTESIAN_POINT('',(0.5,0.00399999999999998,-0.1175));
#12182=CARTESIAN_POINT('',(-0.268,0.00399999999999999,-0.1175));
#12183=CARTESIAN_POINT('',(-0.282,0.00399999999999998,-0.1175));
#12184=CARTESIAN_POINT('',(-0.268,0.1875,-0.1175));
#12185=CARTESIAN_POINT('',(-0.268,-0.00600000000000001,-0.1175));
#12186=CARTESIAN_POINT('',(0.5,-0.00600000000000001,-0.1175));
#12187=CARTESIAN_POINT('',(-0.282,-0.00600000000000001,-0.1175));
#12188=CARTESIAN_POINT('',(-0.282,0.1875,-0.1175));
#12189=CARTESIAN_POINT('',(0.5,0.1875,-0.1175));
#12190=CARTESIAN_POINT('',(0.5,0.00399999999999998,-0.1175));
#12191=CARTESIAN_POINT('',(-0.318,0.00399999999999999,-0.1175));
#12192=CARTESIAN_POINT('',(-0.332,0.00399999999999998,-0.1175));
#12193=CARTESIAN_POINT('',(-0.318,0.1875,-0.1175));
#12194=CARTESIAN_POINT('',(-0.318,-0.00600000000000001,-0.1175));
#12195=CARTESIAN_POINT('',(0.5,-0.00600000000000001,-0.1175));
#12196=CARTESIAN_POINT('',(-0.332,-0.00600000000000001,-0.1175));
#12197=CARTESIAN_POINT('',(-0.332,0.1875,-0.1175));
#12198=CARTESIAN_POINT('',(0.5,0.1875,-0.1175));
#12199=CARTESIAN_POINT('',(0.5,0.00399999999999998,-0.1175));
#12200=CARTESIAN_POINT('',(-0.368,0.00399999999999999,-0.1175));
#12201=CARTESIAN_POINT('',(-0.382,0.00399999999999998,-0.1175));
#12202=CARTESIAN_POINT('',(-0.368,0.1875,-0.1175));
#12203=CARTESIAN_POINT('',(-0.368,-0.00600000000000001,-0.1175));
#12204=CARTESIAN_POINT('',(0.5,-0.00600000000000001,-0.1175));
#12205=CARTESIAN_POINT('',(-0.382,-0.00600000000000001,-0.1175));
#12206=CARTESIAN_POINT('',(-0.382,0.1875,-0.1175));
#12207=CARTESIAN_POINT('',(0.5,0.1875,-0.1175));
#12208=CARTESIAN_POINT('',(0.5,0.00399999999999998,-0.1175));
#12209=CARTESIAN_POINT('',(-0.418,0.00399999999999999,-0.1175));
#12210=CARTESIAN_POINT('',(-0.432,0.00399999999999998,-0.1175));
#12211=CARTESIAN_POINT('',(-0.418,0.1875,-0.1175));
#12212=CARTESIAN_POINT('',(-0.418,-0.00600000000000001,-0.1175));
#12213=CARTESIAN_POINT('',(0.5,-0.00600000000000001,-0.1175));
#12214=CARTESIAN_POINT('',(-0.432,-0.00600000000000001,-0.1175));
#12215=CARTESIAN_POINT('',(-0.432,0.1875,-0.1175));
#12216=CARTESIAN_POINT('',(0.5,0.1875,-0.1175));
#12217=CARTESIAN_POINT('',(0.5,0.00399999999999998,-0.1175));
#12218=CARTESIAN_POINT('',(-0.468,0.00399999999999999,-0.1175));
#12219=CARTESIAN_POINT('',(-0.482,0.00399999999999998,-0.1175));
#12220=CARTESIAN_POINT('',(-0.468,0.1875,-0.1175));
#12221=CARTESIAN_POINT('',(-0.468,-0.00600000000000001,-0.1175));
#12222=CARTESIAN_POINT('',(0.5,-0.00600000000000001,-0.1175));
#12223=CARTESIAN_POINT('',(-0.482,-0.00600000000000001,-0.1175));
#12224=CARTESIAN_POINT('',(-0.482,0.1875,-0.1175));
#12225=CARTESIAN_POINT('',(-0.5,0.1875,0.1175));
#12226=CARTESIAN_POINT('',(-0.5,0.00400000000000001,0.1175));
#12227=CARTESIAN_POINT('',(-0.482,0.00400000000000001,0.1175));
#12228=CARTESIAN_POINT('',(-0.468,0.00399999999999999,0.1175));
#12229=CARTESIAN_POINT('',(-0.482,0.1875,0.1175));
#12230=CARTESIAN_POINT('',(-0.482,-0.00600000000000001,0.1175));
#12231=CARTESIAN_POINT('',(-0.5,-0.00600000000000001,0.1175));
#12232=CARTESIAN_POINT('',(-0.468,-0.00600000000000001,0.1175));
#12233=CARTESIAN_POINT('',(-0.468,0.1875,0.1175));
#12234=CARTESIAN_POINT('',(-0.5,0.1875,0.1175));
#12235=CARTESIAN_POINT('',(-0.5,0.00400000000000001,0.1175));
#12236=CARTESIAN_POINT('',(-0.432,0.00400000000000001,0.1175));
#12237=CARTESIAN_POINT('',(-0.418,0.00399999999999999,0.1175));
#12238=CARTESIAN_POINT('',(-0.432,0.1875,0.1175));
#12239=CARTESIAN_POINT('',(-0.432,-0.00600000000000001,0.1175));
#12240=CARTESIAN_POINT('',(-0.5,-0.00600000000000001,0.1175));
#12241=CARTESIAN_POINT('',(-0.418,-0.00600000000000001,0.1175));
#12242=CARTESIAN_POINT('',(-0.418,0.1875,0.1175));
#12243=CARTESIAN_POINT('',(-0.5,0.1875,0.1175));
#12244=CARTESIAN_POINT('',(-0.5,0.00400000000000001,0.1175));
#12245=CARTESIAN_POINT('',(-0.382,0.00400000000000001,0.1175));
#12246=CARTESIAN_POINT('',(-0.368,0.00399999999999999,0.1175));
#12247=CARTESIAN_POINT('',(-0.382,0.1875,0.1175));
#12248=CARTESIAN_POINT('',(-0.382,-0.00600000000000001,0.1175));
#12249=CARTESIAN_POINT('',(-0.5,-0.00600000000000001,0.1175));
#12250=CARTESIAN_POINT('',(-0.368,-0.00600000000000001,0.1175));
#12251=CARTESIAN_POINT('',(-0.368,0.1875,0.1175));
#12252=CARTESIAN_POINT('',(-0.5,0.1875,0.1175));
#12253=CARTESIAN_POINT('',(-0.5,0.00400000000000001,0.1175));
#12254=CARTESIAN_POINT('',(-0.332,0.00400000000000001,0.1175));
#12255=CARTESIAN_POINT('',(-0.318,0.00399999999999999,0.1175));
#12256=CARTESIAN_POINT('',(-0.332,0.1875,0.1175));
#12257=CARTESIAN_POINT('',(-0.332,-0.00600000000000001,0.1175));
#12258=CARTESIAN_POINT('',(-0.5,-0.00600000000000001,0.1175));
#12259=CARTESIAN_POINT('',(-0.318,-0.00600000000000001,0.1175));
#12260=CARTESIAN_POINT('',(-0.318,0.1875,0.1175));
#12261=CARTESIAN_POINT('',(-0.5,0.1875,0.1175));
#12262=CARTESIAN_POINT('',(-0.5,0.00400000000000001,0.1175));
#12263=CARTESIAN_POINT('',(-0.282,0.00400000000000001,0.1175));
#12264=CARTESIAN_POINT('',(-0.268,0.00399999999999999,0.1175));
#12265=CARTESIAN_POINT('',(-0.282,0.1875,0.1175));
#12266=CARTESIAN_POINT('',(-0.282,-0.00600000000000001,0.1175));
#12267=CARTESIAN_POINT('',(-0.5,-0.00600000000000001,0.1175));
#12268=CARTESIAN_POINT('',(-0.268,-0.00600000000000001,0.1175));
#12269=CARTESIAN_POINT('',(-0.268,0.1875,0.1175));
#12270=CARTESIAN_POINT('',(-0.5,0.1875,0.1175));
#12271=CARTESIAN_POINT('',(-0.5,0.00400000000000001,0.1175));
#12272=CARTESIAN_POINT('',(-0.232,0.00400000000000001,0.1175));
#12273=CARTESIAN_POINT('',(-0.218,0.00399999999999999,0.1175));
#12274=CARTESIAN_POINT('',(-0.232,0.1875,0.1175));
#12275=CARTESIAN_POINT('',(-0.232,-0.00600000000000001,0.1175));
#12276=CARTESIAN_POINT('',(-0.5,-0.00600000000000001,0.1175));
#12277=CARTESIAN_POINT('',(-0.218,-0.00600000000000001,0.1175));
#12278=CARTESIAN_POINT('',(-0.218,0.1875,0.1175));
#12279=CARTESIAN_POINT('',(-0.5,0.1875,0.1175));
#12280=CARTESIAN_POINT('',(-0.5,0.00400000000000001,0.1175));
#12281=CARTESIAN_POINT('',(-0.182,0.00400000000000001,0.1175));
#12282=CARTESIAN_POINT('',(-0.168,0.00399999999999999,0.1175));
#12283=CARTESIAN_POINT('',(-0.182,0.1875,0.1175));
#12284=CARTESIAN_POINT('',(-0.182,-0.00600000000000001,0.1175));
#12285=CARTESIAN_POINT('',(-0.5,-0.00600000000000001,0.1175));
#12286=CARTESIAN_POINT('',(-0.168,-0.00600000000000001,0.1175));
#12287=CARTESIAN_POINT('',(-0.168,0.1875,0.1175));
#12288=CARTESIAN_POINT('',(-0.5,0.1875,0.1175));
#12289=CARTESIAN_POINT('',(-0.5,0.00400000000000001,0.1175));
#12290=CARTESIAN_POINT('',(-0.132,0.00400000000000001,0.1175));
#12291=CARTESIAN_POINT('',(-0.118,0.00399999999999999,0.1175));
#12292=CARTESIAN_POINT('',(-0.132,0.1875,0.1175));
#12293=CARTESIAN_POINT('',(-0.132,-0.00600000000000001,0.1175));
#12294=CARTESIAN_POINT('',(-0.5,-0.00600000000000001,0.1175));
#12295=CARTESIAN_POINT('',(-0.118,-0.00600000000000001,0.1175));
#12296=CARTESIAN_POINT('',(-0.118,0.1875,0.1175));
#12297=CARTESIAN_POINT('',(-0.5,0.1875,0.1175));
#12298=CARTESIAN_POINT('',(-0.5,0.00400000000000001,0.1175));
#12299=CARTESIAN_POINT('',(-0.0820000000000001,0.00400000000000001,0.1175));
#12300=CARTESIAN_POINT('',(-0.0680000000000001,0.00399999999999999,0.1175));
#12301=CARTESIAN_POINT('',(-0.0820000000000001,0.1875,0.1175));
#12302=CARTESIAN_POINT('',(-0.0820000000000001,-0.00600000000000001,0.1175));
#12303=CARTESIAN_POINT('',(-0.5,-0.00600000000000001,0.1175));
#12304=CARTESIAN_POINT('',(-0.0680000000000001,-0.00600000000000001,0.1175));
#12305=CARTESIAN_POINT('',(-0.0680000000000001,0.1875,0.1175));
#12306=CARTESIAN_POINT('',(-0.5,0.1875,0.1175));
#12307=CARTESIAN_POINT('',(-0.5,0.00400000000000001,0.1175));
#12308=CARTESIAN_POINT('',(-0.0320000000000001,0.00400000000000001,0.1175));
#12309=CARTESIAN_POINT('',(-0.0180000000000001,0.00399999999999999,0.1175));
#12310=CARTESIAN_POINT('',(-0.0320000000000001,0.1875,0.1175));
#12311=CARTESIAN_POINT('',(-0.0320000000000001,-0.00600000000000001,0.1175));
#12312=CARTESIAN_POINT('',(-0.5,-0.00600000000000001,0.1175));
#12313=CARTESIAN_POINT('',(-0.0180000000000001,-0.00600000000000001,0.1175));
#12314=CARTESIAN_POINT('',(-0.0180000000000001,0.1875,0.1175));
#12315=CARTESIAN_POINT('',(-0.5,0.1875,0.1175));
#12316=CARTESIAN_POINT('',(-0.5,0.00400000000000001,0.1175));
#12317=CARTESIAN_POINT('',(0.0179999999999999,0.00400000000000001,0.1175));
#12318=CARTESIAN_POINT('',(0.0319999999999999,0.00399999999999999,0.1175));
#12319=CARTESIAN_POINT('',(0.0179999999999999,0.1875,0.1175));
#12320=CARTESIAN_POINT('',(0.0179999999999999,-0.00600000000000001,0.1175));
#12321=CARTESIAN_POINT('',(-0.5,-0.00600000000000001,0.1175));
#12322=CARTESIAN_POINT('',(0.0319999999999999,-0.00600000000000001,0.1175));
#12323=CARTESIAN_POINT('',(0.0319999999999999,0.1875,0.1175));
#12324=CARTESIAN_POINT('',(-0.5,0.1875,0.1175));
#12325=CARTESIAN_POINT('',(-0.5,0.00400000000000001,0.1175));
#12326=CARTESIAN_POINT('',(0.0679999999999999,0.00400000000000001,0.1175));
#12327=CARTESIAN_POINT('',(0.0819999999999999,0.00399999999999999,0.1175));
#12328=CARTESIAN_POINT('',(0.0679999999999999,0.1875,0.1175));
#12329=CARTESIAN_POINT('',(0.0679999999999999,-0.00600000000000001,0.1175));
#12330=CARTESIAN_POINT('',(-0.5,-0.00600000000000001,0.1175));
#12331=CARTESIAN_POINT('',(0.0819999999999999,-0.00600000000000001,0.1175));
#12332=CARTESIAN_POINT('',(0.0819999999999999,0.1875,0.1175));
#12333=CARTESIAN_POINT('',(-0.5,0.1875,0.1175));
#12334=CARTESIAN_POINT('',(-0.5,0.00400000000000001,0.1175));
#12335=CARTESIAN_POINT('',(0.118,0.00400000000000001,0.1175));
#12336=CARTESIAN_POINT('',(0.132,0.00399999999999999,0.1175));
#12337=CARTESIAN_POINT('',(0.118,0.1875,0.1175));
#12338=CARTESIAN_POINT('',(0.118,-0.00600000000000001,0.1175));
#12339=CARTESIAN_POINT('',(-0.5,-0.00600000000000001,0.1175));
#12340=CARTESIAN_POINT('',(0.132,-0.00600000000000001,0.1175));
#12341=CARTESIAN_POINT('',(0.132,0.1875,0.1175));
#12342=CARTESIAN_POINT('',(-0.5,0.1875,0.1175));
#12343=CARTESIAN_POINT('',(-0.5,0.00400000000000001,0.1175));
#12344=CARTESIAN_POINT('',(0.168,0.00400000000000001,0.1175));
#12345=CARTESIAN_POINT('',(0.182,0.00399999999999999,0.1175));
#12346=CARTESIAN_POINT('',(0.168,0.1875,0.1175));
#12347=CARTESIAN_POINT('',(0.168,-0.00600000000000001,0.1175));
#12348=CARTESIAN_POINT('',(-0.5,-0.00600000000000001,0.1175));
#12349=CARTESIAN_POINT('',(0.182,-0.00600000000000001,0.1175));
#12350=CARTESIAN_POINT('',(0.182,0.1875,0.1175));
#12351=CARTESIAN_POINT('',(-0.5,0.1875,0.1175));
#12352=CARTESIAN_POINT('',(-0.5,0.00400000000000001,0.1175));
#12353=CARTESIAN_POINT('',(0.218,0.00400000000000001,0.1175));
#12354=CARTESIAN_POINT('',(0.232,0.00399999999999999,0.1175));
#12355=CARTESIAN_POINT('',(0.218,0.1875,0.1175));
#12356=CARTESIAN_POINT('',(0.218,-0.00600000000000001,0.1175));
#12357=CARTESIAN_POINT('',(-0.5,-0.00600000000000001,0.1175));
#12358=CARTESIAN_POINT('',(0.232,-0.00600000000000001,0.1175));
#12359=CARTESIAN_POINT('',(0.232,0.1875,0.1175));
#12360=CARTESIAN_POINT('',(-0.5,0.1875,0.1175));
#12361=CARTESIAN_POINT('',(-0.5,0.00400000000000001,0.1175));
#12362=CARTESIAN_POINT('',(0.268,0.00400000000000001,0.1175));
#12363=CARTESIAN_POINT('',(0.282,0.00399999999999999,0.1175));
#12364=CARTESIAN_POINT('',(0.268,0.1875,0.1175));
#12365=CARTESIAN_POINT('',(0.268,-0.00600000000000001,0.1175));
#12366=CARTESIAN_POINT('',(-0.5,-0.00600000000000001,0.1175));
#12367=CARTESIAN_POINT('',(0.282,-0.00600000000000001,0.1175));
#12368=CARTESIAN_POINT('',(0.282,0.1875,0.1175));
#12369=CARTESIAN_POINT('',(-0.5,0.1875,0.1175));
#12370=CARTESIAN_POINT('',(-0.5,0.00400000000000001,0.1175));
#12371=CARTESIAN_POINT('',(0.318,0.00400000000000001,0.1175));
#12372=CARTESIAN_POINT('',(0.332,0.00399999999999999,0.1175));
#12373=CARTESIAN_POINT('',(0.318,0.1875,0.1175));
#12374=CARTESIAN_POINT('',(0.318,-0.00600000000000001,0.1175));
#12375=CARTESIAN_POINT('',(-0.5,-0.00600000000000001,0.1175));
#12376=CARTESIAN_POINT('',(0.332,-0.00600000000000001,0.1175));
#12377=CARTESIAN_POINT('',(0.332,0.1875,0.1175));
#12378=CARTESIAN_POINT('',(-0.5,0.1875,0.1175));
#12379=CARTESIAN_POINT('',(-0.5,0.00400000000000001,0.1175));
#12380=CARTESIAN_POINT('',(0.368,0.00400000000000001,0.1175));
#12381=CARTESIAN_POINT('',(0.382,0.00399999999999999,0.1175));
#12382=CARTESIAN_POINT('',(0.368,0.1875,0.1175));
#12383=CARTESIAN_POINT('',(0.368,-0.00600000000000001,0.1175));
#12384=CARTESIAN_POINT('',(-0.5,-0.00600000000000001,0.1175));
#12385=CARTESIAN_POINT('',(0.382,-0.00600000000000001,0.1175));
#12386=CARTESIAN_POINT('',(0.382,0.1875,0.1175));
#12387=CARTESIAN_POINT('',(-0.5,0.1875,0.1175));
#12388=CARTESIAN_POINT('',(-0.5,0.00400000000000001,0.1175));
#12389=CARTESIAN_POINT('',(0.418,0.00400000000000001,0.1175));
#12390=CARTESIAN_POINT('',(0.432,0.00399999999999999,0.1175));
#12391=CARTESIAN_POINT('',(0.418,0.1875,0.1175));
#12392=CARTESIAN_POINT('',(0.418,-0.00600000000000001,0.1175));
#12393=CARTESIAN_POINT('',(-0.5,-0.00600000000000001,0.1175));
#12394=CARTESIAN_POINT('',(0.432,-0.00600000000000001,0.1175));
#12395=CARTESIAN_POINT('',(0.432,0.1875,0.1175));
#12396=CARTESIAN_POINT('',(-0.5,0.1875,0.1175));
#12397=CARTESIAN_POINT('',(-0.5,0.00400000000000001,0.1175));
#12398=CARTESIAN_POINT('',(0.468,0.00400000000000001,0.1175));
#12399=CARTESIAN_POINT('',(0.482,0.00399999999999999,0.1175));
#12400=CARTESIAN_POINT('',(0.468,0.1875,0.1175));
#12401=CARTESIAN_POINT('',(0.468,-0.00600000000000001,0.1175));
#12402=CARTESIAN_POINT('',(-0.5,-0.00600000000000001,0.1175));
#12403=CARTESIAN_POINT('',(0.482,-0.00600000000000001,0.1175));
#12404=CARTESIAN_POINT('',(0.482,0.1875,0.1175));
#12405=CARTESIAN_POINT('',(0.,-0.00600000000000001,0.));
#12406=CARTESIAN_POINT('',(0.5,-0.00600000000000001,-0.03));
#12407=CARTESIAN_POINT('',(0.482,-0.00600000000000001,-0.03));
#12408=CARTESIAN_POINT('',(0.468,-0.00600000000000001,-0.03));
#12409=CARTESIAN_POINT('',(0.468,-0.00600000000000001,0.));
#12410=CARTESIAN_POINT('',(0.482,-0.00600000000000001,0.));
#12411=CARTESIAN_POINT('',(0.,-0.00600000000000001,0.));
#12412=CARTESIAN_POINT('',(0.5,-0.00600000000000001,-0.03));
#12413=CARTESIAN_POINT('',(0.432,-0.00600000000000001,-0.03));
#12414=CARTESIAN_POINT('',(0.418,-0.00600000000000001,-0.03));
#12415=CARTESIAN_POINT('',(0.418,-0.00600000000000001,0.));
#12416=CARTESIAN_POINT('',(0.432,-0.00600000000000001,0.));
#12417=CARTESIAN_POINT('',(0.,-0.00600000000000001,0.));
#12418=CARTESIAN_POINT('',(0.5,-0.00600000000000001,-0.03));
#12419=CARTESIAN_POINT('',(0.382,-0.00600000000000001,-0.03));
#12420=CARTESIAN_POINT('',(0.368,-0.00600000000000001,-0.03));
#12421=CARTESIAN_POINT('',(0.368,-0.00600000000000001,0.));
#12422=CARTESIAN_POINT('',(0.382,-0.00600000000000001,0.));
#12423=CARTESIAN_POINT('',(0.,-0.00600000000000001,0.));
#12424=CARTESIAN_POINT('',(0.5,-0.00600000000000001,-0.03));
#12425=CARTESIAN_POINT('',(0.332,-0.00600000000000001,-0.03));
#12426=CARTESIAN_POINT('',(0.318,-0.00600000000000001,-0.03));
#12427=CARTESIAN_POINT('',(0.318,-0.00600000000000001,0.));
#12428=CARTESIAN_POINT('',(0.332,-0.00600000000000001,0.));
#12429=CARTESIAN_POINT('',(0.,-0.00600000000000001,0.));
#12430=CARTESIAN_POINT('',(0.5,-0.00600000000000001,-0.03));
#12431=CARTESIAN_POINT('',(0.282,-0.00600000000000001,-0.03));
#12432=CARTESIAN_POINT('',(0.268,-0.00600000000000001,-0.03));
#12433=CARTESIAN_POINT('',(0.268,-0.00600000000000001,0.));
#12434=CARTESIAN_POINT('',(0.282,-0.00600000000000001,0.));
#12435=CARTESIAN_POINT('',(0.,-0.00600000000000001,0.));
#12436=CARTESIAN_POINT('',(0.5,-0.00600000000000001,-0.03));
#12437=CARTESIAN_POINT('',(0.232,-0.00600000000000001,-0.03));
#12438=CARTESIAN_POINT('',(0.218,-0.00600000000000001,-0.03));
#12439=CARTESIAN_POINT('',(0.218,-0.00600000000000001,0.));
#12440=CARTESIAN_POINT('',(0.232,-0.00600000000000001,0.));
#12441=CARTESIAN_POINT('',(0.,-0.00600000000000001,0.));
#12442=CARTESIAN_POINT('',(0.5,-0.00600000000000001,-0.03));
#12443=CARTESIAN_POINT('',(0.182,-0.00600000000000001,-0.03));
#12444=CARTESIAN_POINT('',(0.168,-0.00600000000000001,-0.03));
#12445=CARTESIAN_POINT('',(0.168,-0.00600000000000001,0.));
#12446=CARTESIAN_POINT('',(0.182,-0.00600000000000001,0.));
#12447=CARTESIAN_POINT('',(0.,-0.00600000000000001,0.));
#12448=CARTESIAN_POINT('',(0.5,-0.00600000000000001,-0.03));
#12449=CARTESIAN_POINT('',(0.132,-0.00600000000000001,-0.03));
#12450=CARTESIAN_POINT('',(0.118,-0.00600000000000001,-0.03));
#12451=CARTESIAN_POINT('',(0.118,-0.00600000000000001,0.));
#12452=CARTESIAN_POINT('',(0.132,-0.00600000000000001,0.));
#12453=CARTESIAN_POINT('',(0.,-0.00600000000000001,0.));
#12454=CARTESIAN_POINT('',(0.5,-0.00600000000000001,-0.03));
#12455=CARTESIAN_POINT('',(0.0819999999999999,-0.00600000000000001,-0.03));
#12456=CARTESIAN_POINT('',(0.0679999999999999,-0.00600000000000001,-0.03));
#12457=CARTESIAN_POINT('',(0.0679999999999999,-0.00600000000000001,0.));
#12458=CARTESIAN_POINT('',(0.0819999999999999,-0.00600000000000001,0.));
#12459=CARTESIAN_POINT('',(0.,-0.00600000000000001,0.));
#12460=CARTESIAN_POINT('',(0.5,-0.00600000000000001,-0.03));
#12461=CARTESIAN_POINT('',(0.0319999999999999,-0.00600000000000001,-0.03));
#12462=CARTESIAN_POINT('',(0.0179999999999999,-0.00600000000000001,-0.03));
#12463=CARTESIAN_POINT('',(0.0179999999999999,-0.00600000000000001,0.));
#12464=CARTESIAN_POINT('',(0.0319999999999999,-0.00600000000000001,0.));
#12465=CARTESIAN_POINT('',(0.,-0.00600000000000001,0.));
#12466=CARTESIAN_POINT('',(0.5,-0.00600000000000001,-0.03));
#12467=CARTESIAN_POINT('',(-0.0180000000000001,-0.00600000000000001,-0.03));
#12468=CARTESIAN_POINT('',(-0.0320000000000001,-0.00600000000000001,-0.03));
#12469=CARTESIAN_POINT('',(-0.0320000000000001,-0.00600000000000001,0.));
#12470=CARTESIAN_POINT('',(-0.0180000000000001,-0.00600000000000001,0.));
#12471=CARTESIAN_POINT('',(0.,-0.00600000000000001,0.));
#12472=CARTESIAN_POINT('',(0.5,-0.00600000000000001,-0.03));
#12473=CARTESIAN_POINT('',(-0.0680000000000001,-0.00600000000000001,-0.03));
#12474=CARTESIAN_POINT('',(-0.0820000000000001,-0.00600000000000001,-0.03));
#12475=CARTESIAN_POINT('',(-0.0820000000000001,-0.00600000000000001,0.));
#12476=CARTESIAN_POINT('',(-0.0680000000000001,-0.00600000000000001,0.));
#12477=CARTESIAN_POINT('',(0.,-0.00600000000000001,0.));
#12478=CARTESIAN_POINT('',(0.5,-0.00600000000000001,-0.03));
#12479=CARTESIAN_POINT('',(-0.118,-0.00600000000000001,-0.03));
#12480=CARTESIAN_POINT('',(-0.132,-0.00600000000000001,-0.03));
#12481=CARTESIAN_POINT('',(-0.132,-0.00600000000000001,0.));
#12482=CARTESIAN_POINT('',(-0.118,-0.00600000000000001,0.));
#12483=CARTESIAN_POINT('',(0.,-0.00600000000000001,0.));
#12484=CARTESIAN_POINT('',(0.5,-0.00600000000000001,-0.03));
#12485=CARTESIAN_POINT('',(-0.168,-0.00600000000000001,-0.03));
#12486=CARTESIAN_POINT('',(-0.182,-0.00600000000000001,-0.03));
#12487=CARTESIAN_POINT('',(-0.182,-0.00600000000000001,0.));
#12488=CARTESIAN_POINT('',(-0.168,-0.00600000000000001,0.));
#12489=CARTESIAN_POINT('',(0.,-0.00600000000000001,0.));
#12490=CARTESIAN_POINT('',(0.5,-0.00600000000000001,-0.03));
#12491=CARTESIAN_POINT('',(-0.218,-0.00600000000000001,-0.03));
#12492=CARTESIAN_POINT('',(-0.232,-0.00600000000000001,-0.03));
#12493=CARTESIAN_POINT('',(-0.232,-0.00600000000000001,0.));
#12494=CARTESIAN_POINT('',(-0.218,-0.00600000000000001,0.));
#12495=CARTESIAN_POINT('',(0.,-0.00600000000000001,0.));
#12496=CARTESIAN_POINT('',(0.5,-0.00600000000000001,-0.03));
#12497=CARTESIAN_POINT('',(-0.268,-0.00600000000000001,-0.03));
#12498=CARTESIAN_POINT('',(-0.282,-0.00600000000000001,-0.03));
#12499=CARTESIAN_POINT('',(-0.282,-0.00600000000000001,0.));
#12500=CARTESIAN_POINT('',(-0.268,-0.00600000000000001,0.));
#12501=CARTESIAN_POINT('',(0.,-0.00600000000000001,0.));
#12502=CARTESIAN_POINT('',(0.5,-0.00600000000000001,-0.03));
#12503=CARTESIAN_POINT('',(-0.318,-0.00600000000000001,-0.03));
#12504=CARTESIAN_POINT('',(-0.332,-0.00600000000000001,-0.03));
#12505=CARTESIAN_POINT('',(-0.332,-0.00600000000000001,0.));
#12506=CARTESIAN_POINT('',(-0.318,-0.00600000000000001,0.));
#12507=CARTESIAN_POINT('',(0.,-0.00600000000000001,0.));
#12508=CARTESIAN_POINT('',(0.5,-0.00600000000000001,-0.03));
#12509=CARTESIAN_POINT('',(-0.368,-0.00600000000000001,-0.03));
#12510=CARTESIAN_POINT('',(-0.382,-0.00600000000000001,-0.03));
#12511=CARTESIAN_POINT('',(-0.382,-0.00600000000000001,0.));
#12512=CARTESIAN_POINT('',(-0.368,-0.00600000000000001,0.));
#12513=CARTESIAN_POINT('',(0.,-0.00600000000000001,0.));
#12514=CARTESIAN_POINT('',(0.5,-0.00600000000000001,-0.03));
#12515=CARTESIAN_POINT('',(-0.418,-0.00600000000000001,-0.03));
#12516=CARTESIAN_POINT('',(-0.432,-0.00600000000000001,-0.03));
#12517=CARTESIAN_POINT('',(-0.432,-0.00600000000000001,0.));
#12518=CARTESIAN_POINT('',(-0.418,-0.00600000000000001,0.));
#12519=CARTESIAN_POINT('',(0.,-0.00600000000000001,0.));
#12520=CARTESIAN_POINT('',(0.5,-0.00600000000000001,-0.03));
#12521=CARTESIAN_POINT('',(-0.468,-0.00600000000000001,-0.03));
#12522=CARTESIAN_POINT('',(-0.482,-0.00600000000000001,-0.03));
#12523=CARTESIAN_POINT('',(-0.482,-0.00600000000000001,0.));
#12524=CARTESIAN_POINT('',(-0.468,-0.00600000000000001,0.));
#12525=CARTESIAN_POINT('',(-0.482,-0.00600000000000001,0.15));
#12526=CARTESIAN_POINT('',(-0.482,0.03,0.15));
#12527=CARTESIAN_POINT('',(-0.482,0.03,-0.02));
#12528=CARTESIAN_POINT('',(-0.482,0.03,-0.03));
#12529=CARTESIAN_POINT('',(-0.482,-0.00600000000000001,-0.03));
#12530=CARTESIAN_POINT('',(-0.482,0.00899999999999999,-0.03));
#12531=CARTESIAN_POINT('',(-0.482,0.009,-0.035));
#12532=CARTESIAN_POINT('',(-0.482,0.00399999999999999,-0.035));
#12533=CARTESIAN_POINT('',(-0.482,0.00399999999999998,0.15));
#12534=CARTESIAN_POINT('',(-0.482,0.00399999999999999,-0.03));
#12535=CARTESIAN_POINT('',(-0.482,0.00399999999999999,-0.02));
#12536=CARTESIAN_POINT('',(-0.482,-0.00599999999999998,-0.02));
#12537=CARTESIAN_POINT('',(-0.482,-0.00600000000000001,0.15));
#12538=CARTESIAN_POINT('',(-0.482,0.03,0.15));
#12539=CARTESIAN_POINT('',(-0.482,0.03,0.03));
#12540=CARTESIAN_POINT('',(-0.482,0.03,0.02));
#12541=CARTESIAN_POINT('',(-0.482,-0.00599999999999996,0.02));
#12542=CARTESIAN_POINT('',(-0.482,0.004,0.02));
#12543=CARTESIAN_POINT('',(-0.482,0.00399999999999999,0.03));
#12544=CARTESIAN_POINT('',(-0.482,-0.00600000000000001,0.03));
#12545=CARTESIAN_POINT('',(-0.482,-0.00600000000000001,0.));
#12546=CARTESIAN_POINT('',(-0.482,0.004,0.15));
#12547=CARTESIAN_POINT('',(-0.482,0.00399999999999999,0.035));
#12548=CARTESIAN_POINT('',(-0.482,0.00899999999999999,0.035));
#12549=CARTESIAN_POINT('',(-0.482,0.00899999999999999,0.03));
#12550=CARTESIAN_POINT('',(-0.482,-0.00600000000000001,0.03));
#12551=CARTESIAN_POINT('',(-0.482,0.03,0.15));
#12552=CARTESIAN_POINT('',(-0.482,0.03,-0.03));
#12553=CARTESIAN_POINT('',(-0.482,0.03,-0.02));
#12554=CARTESIAN_POINT('',(-0.482,0.03,0.15));
#12555=CARTESIAN_POINT('',(-0.482,0.03,0.02));
#12556=CARTESIAN_POINT('',(-0.482,0.03,0.03));
#12557=CARTESIAN_POINT('',(-0.432,-0.00600000000000001,0.15));
#12558=CARTESIAN_POINT('',(-0.432,0.03,0.15));
#12559=CARTESIAN_POINT('',(-0.432,0.03,-0.02));
#12560=CARTESIAN_POINT('',(-0.432,0.03,-0.03));
#12561=CARTESIAN_POINT('',(-0.432,-0.00600000000000001,-0.03));
#12562=CARTESIAN_POINT('',(-0.432,0.00899999999999999,-0.03));
#12563=CARTESIAN_POINT('',(-0.432,0.009,-0.035));
#12564=CARTESIAN_POINT('',(-0.432,0.00399999999999999,-0.035));
#12565=CARTESIAN_POINT('',(-0.432,0.00399999999999998,0.15));
#12566=CARTESIAN_POINT('',(-0.432,0.00399999999999999,-0.03));
#12567=CARTESIAN_POINT('',(-0.432,0.00399999999999999,-0.02));
#12568=CARTESIAN_POINT('',(-0.432,-0.00599999999999998,-0.02));
#12569=CARTESIAN_POINT('',(-0.432,-0.00600000000000001,0.15));
#12570=CARTESIAN_POINT('',(-0.432,0.03,0.15));
#12571=CARTESIAN_POINT('',(-0.432,0.03,0.03));
#12572=CARTESIAN_POINT('',(-0.432,0.03,0.02));
#12573=CARTESIAN_POINT('',(-0.432,-0.00599999999999996,0.02));
#12574=CARTESIAN_POINT('',(-0.432,0.004,0.02));
#12575=CARTESIAN_POINT('',(-0.432,0.00399999999999999,0.03));
#12576=CARTESIAN_POINT('',(-0.432,-0.00600000000000001,0.03));
#12577=CARTESIAN_POINT('',(-0.432,-0.00600000000000001,0.));
#12578=CARTESIAN_POINT('',(-0.432,0.004,0.15));
#12579=CARTESIAN_POINT('',(-0.432,0.00399999999999999,0.035));
#12580=CARTESIAN_POINT('',(-0.432,0.00899999999999999,0.035));
#12581=CARTESIAN_POINT('',(-0.432,0.00899999999999999,0.03));
#12582=CARTESIAN_POINT('',(-0.432,-0.00600000000000001,0.03));
#12583=CARTESIAN_POINT('',(-0.468,0.03,0.15));
#12584=CARTESIAN_POINT('',(-0.468,0.009,-0.035));
#12585=CARTESIAN_POINT('',(-0.468,0.00399999999999999,-0.035));
#12586=CARTESIAN_POINT('',(-0.468,0.00899999999999999,-0.03));
#12587=CARTESIAN_POINT('',(-0.468,0.03,-0.03));
#12588=CARTESIAN_POINT('',(-0.468,0.03,-0.03));
#12589=CARTESIAN_POINT('',(-0.468,0.03,0.15));
#12590=CARTESIAN_POINT('',(-0.468,0.03,-0.02));
#12591=CARTESIAN_POINT('',(-0.468,0.03,-0.02));
#12592=CARTESIAN_POINT('',(-0.468,0.00399999999999999,-0.02));
#12593=CARTESIAN_POINT('',(-0.468,0.00399999999999999,-0.03));
#12594=CARTESIAN_POINT('',(-0.468,0.00399999999999998,0.15));
#12595=CARTESIAN_POINT('',(-0.468,0.03,0.15));
#12596=CARTESIAN_POINT('',(-0.468,0.00399999999999999,0.03));
#12597=CARTESIAN_POINT('',(-0.468,0.004,0.02));
#12598=CARTESIAN_POINT('',(-0.468,-0.00600000000000001,0.03));
#12599=CARTESIAN_POINT('',(-0.468,0.03,0.02));
#12600=CARTESIAN_POINT('',(-0.468,0.03,0.02));
#12601=CARTESIAN_POINT('',(-0.468,0.03,0.15));
#12602=CARTESIAN_POINT('',(-0.468,0.03,0.03));
#12603=CARTESIAN_POINT('',(-0.468,0.03,0.03));
#12604=CARTESIAN_POINT('',(-0.468,0.00899999999999999,0.03));
#12605=CARTESIAN_POINT('',(-0.468,0.00899999999999999,0.035));
#12606=CARTESIAN_POINT('',(-0.468,0.00399999999999999,0.035));
#12607=CARTESIAN_POINT('',(-0.468,0.00399999999999999,0.15));
#12608=CARTESIAN_POINT('',(-0.468,-0.00600000000000001,0.));
#12609=CARTESIAN_POINT('',(-0.432,0.03,0.15));
#12610=CARTESIAN_POINT('',(-0.432,0.03,-0.03));
#12611=CARTESIAN_POINT('',(-0.432,0.03,-0.02));
#12612=CARTESIAN_POINT('',(-0.432,0.03,0.15));
#12613=CARTESIAN_POINT('',(-0.432,0.03,0.02));
#12614=CARTESIAN_POINT('',(-0.432,0.03,0.03));
#12615=CARTESIAN_POINT('',(-0.382,-0.00600000000000001,0.15));
#12616=CARTESIAN_POINT('',(-0.382,0.03,0.15));
#12617=CARTESIAN_POINT('',(-0.382,0.03,-0.02));
#12618=CARTESIAN_POINT('',(-0.382,0.03,-0.03));
#12619=CARTESIAN_POINT('',(-0.382,-0.00600000000000001,-0.03));
#12620=CARTESIAN_POINT('',(-0.382,0.00899999999999999,-0.03));
#12621=CARTESIAN_POINT('',(-0.382,0.009,-0.035));
#12622=CARTESIAN_POINT('',(-0.382,0.00399999999999999,-0.035));
#12623=CARTESIAN_POINT('',(-0.382,0.00399999999999998,0.15));
#12624=CARTESIAN_POINT('',(-0.382,0.00399999999999999,-0.03));
#12625=CARTESIAN_POINT('',(-0.382,0.00399999999999999,-0.02));
#12626=CARTESIAN_POINT('',(-0.382,-0.00599999999999998,-0.02));
#12627=CARTESIAN_POINT('',(-0.382,-0.00600000000000001,0.15));
#12628=CARTESIAN_POINT('',(-0.382,0.03,0.15));
#12629=CARTESIAN_POINT('',(-0.382,0.03,0.03));
#12630=CARTESIAN_POINT('',(-0.382,0.03,0.02));
#12631=CARTESIAN_POINT('',(-0.382,-0.00599999999999996,0.02));
#12632=CARTESIAN_POINT('',(-0.382,0.004,0.02));
#12633=CARTESIAN_POINT('',(-0.382,0.00399999999999999,0.03));
#12634=CARTESIAN_POINT('',(-0.382,-0.00600000000000001,0.03));
#12635=CARTESIAN_POINT('',(-0.382,-0.00600000000000001,0.));
#12636=CARTESIAN_POINT('',(-0.382,0.004,0.15));
#12637=CARTESIAN_POINT('',(-0.382,0.00399999999999999,0.035));
#12638=CARTESIAN_POINT('',(-0.382,0.00899999999999999,0.035));
#12639=CARTESIAN_POINT('',(-0.382,0.00899999999999999,0.03));
#12640=CARTESIAN_POINT('',(-0.382,-0.00600000000000001,0.03));
#12641=CARTESIAN_POINT('',(-0.418,0.03,0.15));
#12642=CARTESIAN_POINT('',(-0.418,0.009,-0.035));
#12643=CARTESIAN_POINT('',(-0.418,0.00399999999999999,-0.035));
#12644=CARTESIAN_POINT('',(-0.418,0.00899999999999999,-0.03));
#12645=CARTESIAN_POINT('',(-0.418,0.03,-0.03));
#12646=CARTESIAN_POINT('',(-0.418,0.03,-0.03));
#12647=CARTESIAN_POINT('',(-0.418,0.03,0.15));
#12648=CARTESIAN_POINT('',(-0.418,0.03,-0.02));
#12649=CARTESIAN_POINT('',(-0.418,0.03,-0.02));
#12650=CARTESIAN_POINT('',(-0.418,0.00399999999999999,-0.02));
#12651=CARTESIAN_POINT('',(-0.418,0.00399999999999999,-0.03));
#12652=CARTESIAN_POINT('',(-0.418,0.00399999999999998,0.15));
#12653=CARTESIAN_POINT('',(-0.418,0.03,0.15));
#12654=CARTESIAN_POINT('',(-0.418,0.00399999999999999,0.03));
#12655=CARTESIAN_POINT('',(-0.418,0.004,0.02));
#12656=CARTESIAN_POINT('',(-0.418,-0.00600000000000001,0.03));
#12657=CARTESIAN_POINT('',(-0.418,0.03,0.02));
#12658=CARTESIAN_POINT('',(-0.418,0.03,0.02));
#12659=CARTESIAN_POINT('',(-0.418,0.03,0.15));
#12660=CARTESIAN_POINT('',(-0.418,0.03,0.03));
#12661=CARTESIAN_POINT('',(-0.418,0.03,0.03));
#12662=CARTESIAN_POINT('',(-0.418,0.00899999999999999,0.03));
#12663=CARTESIAN_POINT('',(-0.418,0.00899999999999999,0.035));
#12664=CARTESIAN_POINT('',(-0.418,0.00399999999999999,0.035));
#12665=CARTESIAN_POINT('',(-0.418,0.00399999999999999,0.15));
#12666=CARTESIAN_POINT('',(-0.418,-0.00600000000000001,0.));
#12667=CARTESIAN_POINT('',(-0.382,0.03,0.15));
#12668=CARTESIAN_POINT('',(-0.382,0.03,-0.03));
#12669=CARTESIAN_POINT('',(-0.382,0.03,-0.02));
#12670=CARTESIAN_POINT('',(-0.382,0.03,0.15));
#12671=CARTESIAN_POINT('',(-0.382,0.03,0.02));
#12672=CARTESIAN_POINT('',(-0.382,0.03,0.03));
#12673=CARTESIAN_POINT('',(-0.332,-0.00600000000000001,0.15));
#12674=CARTESIAN_POINT('',(-0.332,0.03,0.15));
#12675=CARTESIAN_POINT('',(-0.332,0.03,-0.02));
#12676=CARTESIAN_POINT('',(-0.332,0.03,-0.03));
#12677=CARTESIAN_POINT('',(-0.332,-0.00600000000000001,-0.03));
#12678=CARTESIAN_POINT('',(-0.332,0.00899999999999999,-0.03));
#12679=CARTESIAN_POINT('',(-0.332,0.009,-0.035));
#12680=CARTESIAN_POINT('',(-0.332,0.00399999999999999,-0.035));
#12681=CARTESIAN_POINT('',(-0.332,0.00399999999999998,0.15));
#12682=CARTESIAN_POINT('',(-0.332,0.00399999999999999,-0.03));
#12683=CARTESIAN_POINT('',(-0.332,0.00399999999999999,-0.02));
#12684=CARTESIAN_POINT('',(-0.332,-0.00599999999999998,-0.02));
#12685=CARTESIAN_POINT('',(-0.332,-0.00600000000000001,0.15));
#12686=CARTESIAN_POINT('',(-0.332,0.03,0.15));
#12687=CARTESIAN_POINT('',(-0.332,0.03,0.03));
#12688=CARTESIAN_POINT('',(-0.332,0.03,0.02));
#12689=CARTESIAN_POINT('',(-0.332,-0.00599999999999996,0.02));
#12690=CARTESIAN_POINT('',(-0.332,0.004,0.02));
#12691=CARTESIAN_POINT('',(-0.332,0.00399999999999999,0.03));
#12692=CARTESIAN_POINT('',(-0.332,-0.00600000000000001,0.03));
#12693=CARTESIAN_POINT('',(-0.332,-0.00600000000000001,0.));
#12694=CARTESIAN_POINT('',(-0.332,0.004,0.15));
#12695=CARTESIAN_POINT('',(-0.332,0.00399999999999999,0.035));
#12696=CARTESIAN_POINT('',(-0.332,0.00899999999999999,0.035));
#12697=CARTESIAN_POINT('',(-0.332,0.00899999999999999,0.03));
#12698=CARTESIAN_POINT('',(-0.332,-0.00600000000000001,0.03));
#12699=CARTESIAN_POINT('',(-0.368,0.03,0.15));
#12700=CARTESIAN_POINT('',(-0.368,0.009,-0.035));
#12701=CARTESIAN_POINT('',(-0.368,0.00399999999999999,-0.035));
#12702=CARTESIAN_POINT('',(-0.368,0.00899999999999999,-0.03));
#12703=CARTESIAN_POINT('',(-0.368,0.03,-0.03));
#12704=CARTESIAN_POINT('',(-0.368,0.03,-0.03));
#12705=CARTESIAN_POINT('',(-0.368,0.03,0.15));
#12706=CARTESIAN_POINT('',(-0.368,0.03,-0.02));
#12707=CARTESIAN_POINT('',(-0.368,0.03,-0.02));
#12708=CARTESIAN_POINT('',(-0.368,0.00399999999999999,-0.02));
#12709=CARTESIAN_POINT('',(-0.368,0.00399999999999999,-0.03));
#12710=CARTESIAN_POINT('',(-0.368,0.00399999999999998,0.15));
#12711=CARTESIAN_POINT('',(-0.368,0.03,0.15));
#12712=CARTESIAN_POINT('',(-0.368,0.00399999999999999,0.03));
#12713=CARTESIAN_POINT('',(-0.368,0.004,0.02));
#12714=CARTESIAN_POINT('',(-0.368,-0.00600000000000001,0.03));
#12715=CARTESIAN_POINT('',(-0.368,0.03,0.02));
#12716=CARTESIAN_POINT('',(-0.368,0.03,0.02));
#12717=CARTESIAN_POINT('',(-0.368,0.03,0.15));
#12718=CARTESIAN_POINT('',(-0.368,0.03,0.03));
#12719=CARTESIAN_POINT('',(-0.368,0.03,0.03));
#12720=CARTESIAN_POINT('',(-0.368,0.00899999999999999,0.03));
#12721=CARTESIAN_POINT('',(-0.368,0.00899999999999999,0.035));
#12722=CARTESIAN_POINT('',(-0.368,0.00399999999999999,0.035));
#12723=CARTESIAN_POINT('',(-0.368,0.00399999999999999,0.15));
#12724=CARTESIAN_POINT('',(-0.368,-0.00600000000000001,0.));
#12725=CARTESIAN_POINT('',(-0.332,0.03,0.15));
#12726=CARTESIAN_POINT('',(-0.332,0.03,-0.03));
#12727=CARTESIAN_POINT('',(-0.332,0.03,-0.02));
#12728=CARTESIAN_POINT('',(-0.332,0.03,0.15));
#12729=CARTESIAN_POINT('',(-0.332,0.03,0.02));
#12730=CARTESIAN_POINT('',(-0.332,0.03,0.03));
#12731=CARTESIAN_POINT('',(-0.282,-0.00600000000000001,0.15));
#12732=CARTESIAN_POINT('',(-0.282,0.03,0.15));
#12733=CARTESIAN_POINT('',(-0.282,0.03,-0.02));
#12734=CARTESIAN_POINT('',(-0.282,0.03,-0.03));
#12735=CARTESIAN_POINT('',(-0.282,-0.00600000000000001,-0.03));
#12736=CARTESIAN_POINT('',(-0.282,0.00899999999999999,-0.03));
#12737=CARTESIAN_POINT('',(-0.282,0.009,-0.035));
#12738=CARTESIAN_POINT('',(-0.282,0.00399999999999999,-0.035));
#12739=CARTESIAN_POINT('',(-0.282,0.00399999999999998,0.15));
#12740=CARTESIAN_POINT('',(-0.282,0.00399999999999999,-0.03));
#12741=CARTESIAN_POINT('',(-0.282,0.00399999999999999,-0.02));
#12742=CARTESIAN_POINT('',(-0.282,-0.00599999999999998,-0.02));
#12743=CARTESIAN_POINT('',(-0.282,-0.00600000000000001,0.15));
#12744=CARTESIAN_POINT('',(-0.282,0.03,0.15));
#12745=CARTESIAN_POINT('',(-0.282,0.03,0.03));
#12746=CARTESIAN_POINT('',(-0.282,0.03,0.02));
#12747=CARTESIAN_POINT('',(-0.282,-0.00599999999999996,0.02));
#12748=CARTESIAN_POINT('',(-0.282,0.004,0.02));
#12749=CARTESIAN_POINT('',(-0.282,0.00399999999999999,0.03));
#12750=CARTESIAN_POINT('',(-0.282,-0.00600000000000001,0.03));
#12751=CARTESIAN_POINT('',(-0.282,-0.00600000000000001,0.));
#12752=CARTESIAN_POINT('',(-0.282,0.004,0.15));
#12753=CARTESIAN_POINT('',(-0.282,0.00399999999999999,0.035));
#12754=CARTESIAN_POINT('',(-0.282,0.00899999999999999,0.035));
#12755=CARTESIAN_POINT('',(-0.282,0.00899999999999999,0.03));
#12756=CARTESIAN_POINT('',(-0.282,-0.00600000000000001,0.03));
#12757=CARTESIAN_POINT('',(-0.318,0.03,0.15));
#12758=CARTESIAN_POINT('',(-0.318,0.009,-0.035));
#12759=CARTESIAN_POINT('',(-0.318,0.00399999999999999,-0.035));
#12760=CARTESIAN_POINT('',(-0.318,0.00899999999999999,-0.03));
#12761=CARTESIAN_POINT('',(-0.318,0.03,-0.03));
#12762=CARTESIAN_POINT('',(-0.318,0.03,-0.03));
#12763=CARTESIAN_POINT('',(-0.318,0.03,0.15));
#12764=CARTESIAN_POINT('',(-0.318,0.03,-0.02));
#12765=CARTESIAN_POINT('',(-0.318,0.03,-0.02));
#12766=CARTESIAN_POINT('',(-0.318,0.00399999999999999,-0.02));
#12767=CARTESIAN_POINT('',(-0.318,0.00399999999999999,-0.03));
#12768=CARTESIAN_POINT('',(-0.318,0.00399999999999998,0.15));
#12769=CARTESIAN_POINT('',(-0.318,0.03,0.15));
#12770=CARTESIAN_POINT('',(-0.318,0.00399999999999999,0.03));
#12771=CARTESIAN_POINT('',(-0.318,0.004,0.02));
#12772=CARTESIAN_POINT('',(-0.318,-0.00600000000000001,0.03));
#12773=CARTESIAN_POINT('',(-0.318,0.03,0.02));
#12774=CARTESIAN_POINT('',(-0.318,0.03,0.02));
#12775=CARTESIAN_POINT('',(-0.318,0.03,0.15));
#12776=CARTESIAN_POINT('',(-0.318,0.03,0.03));
#12777=CARTESIAN_POINT('',(-0.318,0.03,0.03));
#12778=CARTESIAN_POINT('',(-0.318,0.00899999999999999,0.03));
#12779=CARTESIAN_POINT('',(-0.318,0.00899999999999999,0.035));
#12780=CARTESIAN_POINT('',(-0.318,0.00399999999999999,0.035));
#12781=CARTESIAN_POINT('',(-0.318,0.00399999999999999,0.15));
#12782=CARTESIAN_POINT('',(-0.318,-0.00600000000000001,0.));
#12783=CARTESIAN_POINT('',(-0.282,0.03,0.15));
#12784=CARTESIAN_POINT('',(-0.282,0.03,-0.03));
#12785=CARTESIAN_POINT('',(-0.282,0.03,-0.02));
#12786=CARTESIAN_POINT('',(-0.282,0.03,0.15));
#12787=CARTESIAN_POINT('',(-0.282,0.03,0.02));
#12788=CARTESIAN_POINT('',(-0.282,0.03,0.03));
#12789=CARTESIAN_POINT('',(-0.232,-0.00600000000000001,0.15));
#12790=CARTESIAN_POINT('',(-0.232,0.03,0.15));
#12791=CARTESIAN_POINT('',(-0.232,0.03,-0.02));
#12792=CARTESIAN_POINT('',(-0.232,0.03,-0.03));
#12793=CARTESIAN_POINT('',(-0.232,-0.00600000000000001,-0.03));
#12794=CARTESIAN_POINT('',(-0.232,0.00899999999999999,-0.03));
#12795=CARTESIAN_POINT('',(-0.232,0.009,-0.035));
#12796=CARTESIAN_POINT('',(-0.232,0.00399999999999999,-0.035));
#12797=CARTESIAN_POINT('',(-0.232,0.00399999999999998,0.15));
#12798=CARTESIAN_POINT('',(-0.232,0.00399999999999999,-0.03));
#12799=CARTESIAN_POINT('',(-0.232,0.00399999999999999,-0.02));
#12800=CARTESIAN_POINT('',(-0.232,-0.00599999999999998,-0.02));
#12801=CARTESIAN_POINT('',(-0.232,-0.00600000000000001,0.15));
#12802=CARTESIAN_POINT('',(-0.232,0.03,0.15));
#12803=CARTESIAN_POINT('',(-0.232,0.03,0.03));
#12804=CARTESIAN_POINT('',(-0.232,0.03,0.02));
#12805=CARTESIAN_POINT('',(-0.232,-0.00599999999999996,0.02));
#12806=CARTESIAN_POINT('',(-0.232,0.004,0.02));
#12807=CARTESIAN_POINT('',(-0.232,0.00399999999999999,0.03));
#12808=CARTESIAN_POINT('',(-0.232,-0.00600000000000001,0.03));
#12809=CARTESIAN_POINT('',(-0.232,-0.00600000000000001,0.));
#12810=CARTESIAN_POINT('',(-0.232,0.004,0.15));
#12811=CARTESIAN_POINT('',(-0.232,0.00399999999999999,0.035));
#12812=CARTESIAN_POINT('',(-0.232,0.00899999999999999,0.035));
#12813=CARTESIAN_POINT('',(-0.232,0.00899999999999999,0.03));
#12814=CARTESIAN_POINT('',(-0.232,-0.00600000000000001,0.03));
#12815=CARTESIAN_POINT('',(-0.268,0.03,0.15));
#12816=CARTESIAN_POINT('',(-0.268,0.009,-0.035));
#12817=CARTESIAN_POINT('',(-0.268,0.00399999999999999,-0.035));
#12818=CARTESIAN_POINT('',(-0.268,0.00899999999999999,-0.03));
#12819=CARTESIAN_POINT('',(-0.268,0.03,-0.03));
#12820=CARTESIAN_POINT('',(-0.268,0.03,-0.03));
#12821=CARTESIAN_POINT('',(-0.268,0.03,0.15));
#12822=CARTESIAN_POINT('',(-0.268,0.03,-0.02));
#12823=CARTESIAN_POINT('',(-0.268,0.03,-0.02));
#12824=CARTESIAN_POINT('',(-0.268,0.00399999999999999,-0.02));
#12825=CARTESIAN_POINT('',(-0.268,0.00399999999999999,-0.03));
#12826=CARTESIAN_POINT('',(-0.268,0.00399999999999998,0.15));
#12827=CARTESIAN_POINT('',(-0.268,0.03,0.15));
#12828=CARTESIAN_POINT('',(-0.268,0.00399999999999999,0.03));
#12829=CARTESIAN_POINT('',(-0.268,0.004,0.02));
#12830=CARTESIAN_POINT('',(-0.268,-0.00600000000000001,0.03));
#12831=CARTESIAN_POINT('',(-0.268,0.03,0.02));
#12832=CARTESIAN_POINT('',(-0.268,0.03,0.02));
#12833=CARTESIAN_POINT('',(-0.268,0.03,0.15));
#12834=CARTESIAN_POINT('',(-0.268,0.03,0.03));
#12835=CARTESIAN_POINT('',(-0.268,0.03,0.03));
#12836=CARTESIAN_POINT('',(-0.268,0.00899999999999999,0.03));
#12837=CARTESIAN_POINT('',(-0.268,0.00899999999999999,0.035));
#12838=CARTESIAN_POINT('',(-0.268,0.00399999999999999,0.035));
#12839=CARTESIAN_POINT('',(-0.268,0.00399999999999999,0.15));
#12840=CARTESIAN_POINT('',(-0.268,-0.00600000000000001,0.));
#12841=CARTESIAN_POINT('',(-0.232,0.03,0.15));
#12842=CARTESIAN_POINT('',(-0.232,0.03,-0.03));
#12843=CARTESIAN_POINT('',(-0.232,0.03,-0.02));
#12844=CARTESIAN_POINT('',(-0.232,0.03,0.15));
#12845=CARTESIAN_POINT('',(-0.232,0.03,0.02));
#12846=CARTESIAN_POINT('',(-0.232,0.03,0.03));
#12847=CARTESIAN_POINT('',(-0.182,-0.00600000000000001,0.15));
#12848=CARTESIAN_POINT('',(-0.182,0.03,0.15));
#12849=CARTESIAN_POINT('',(-0.182,0.03,-0.02));
#12850=CARTESIAN_POINT('',(-0.182,0.03,-0.03));
#12851=CARTESIAN_POINT('',(-0.182,-0.00600000000000001,-0.03));
#12852=CARTESIAN_POINT('',(-0.182,0.00899999999999999,-0.03));
#12853=CARTESIAN_POINT('',(-0.182,0.009,-0.035));
#12854=CARTESIAN_POINT('',(-0.182,0.00399999999999999,-0.035));
#12855=CARTESIAN_POINT('',(-0.182,0.00399999999999998,0.15));
#12856=CARTESIAN_POINT('',(-0.182,0.00399999999999999,-0.03));
#12857=CARTESIAN_POINT('',(-0.182,0.00399999999999999,-0.02));
#12858=CARTESIAN_POINT('',(-0.182,-0.00599999999999998,-0.02));
#12859=CARTESIAN_POINT('',(-0.182,-0.00600000000000001,0.15));
#12860=CARTESIAN_POINT('',(-0.182,0.03,0.15));
#12861=CARTESIAN_POINT('',(-0.182,0.03,0.03));
#12862=CARTESIAN_POINT('',(-0.182,0.03,0.02));
#12863=CARTESIAN_POINT('',(-0.182,-0.00599999999999996,0.02));
#12864=CARTESIAN_POINT('',(-0.182,0.004,0.02));
#12865=CARTESIAN_POINT('',(-0.182,0.00399999999999999,0.03));
#12866=CARTESIAN_POINT('',(-0.182,-0.00600000000000001,0.03));
#12867=CARTESIAN_POINT('',(-0.182,-0.00600000000000001,0.));
#12868=CARTESIAN_POINT('',(-0.182,0.004,0.15));
#12869=CARTESIAN_POINT('',(-0.182,0.00399999999999999,0.035));
#12870=CARTESIAN_POINT('',(-0.182,0.00899999999999999,0.035));
#12871=CARTESIAN_POINT('',(-0.182,0.00899999999999999,0.03));
#12872=CARTESIAN_POINT('',(-0.182,-0.00600000000000001,0.03));
#12873=CARTESIAN_POINT('',(-0.218,0.03,0.15));
#12874=CARTESIAN_POINT('',(-0.218,0.009,-0.035));
#12875=CARTESIAN_POINT('',(-0.218,0.00399999999999999,-0.035));
#12876=CARTESIAN_POINT('',(-0.218,0.00899999999999999,-0.03));
#12877=CARTESIAN_POINT('',(-0.218,0.03,-0.03));
#12878=CARTESIAN_POINT('',(-0.218,0.03,-0.03));
#12879=CARTESIAN_POINT('',(-0.218,0.03,0.15));
#12880=CARTESIAN_POINT('',(-0.218,0.03,-0.02));
#12881=CARTESIAN_POINT('',(-0.218,0.03,-0.02));
#12882=CARTESIAN_POINT('',(-0.218,0.00399999999999999,-0.02));
#12883=CARTESIAN_POINT('',(-0.218,0.00399999999999999,-0.03));
#12884=CARTESIAN_POINT('',(-0.218,0.00399999999999998,0.15));
#12885=CARTESIAN_POINT('',(-0.218,0.03,0.15));
#12886=CARTESIAN_POINT('',(-0.218,0.00399999999999999,0.03));
#12887=CARTESIAN_POINT('',(-0.218,0.004,0.02));
#12888=CARTESIAN_POINT('',(-0.218,-0.00600000000000001,0.03));
#12889=CARTESIAN_POINT('',(-0.218,0.03,0.02));
#12890=CARTESIAN_POINT('',(-0.218,0.03,0.02));
#12891=CARTESIAN_POINT('',(-0.218,0.03,0.15));
#12892=CARTESIAN_POINT('',(-0.218,0.03,0.03));
#12893=CARTESIAN_POINT('',(-0.218,0.03,0.03));
#12894=CARTESIAN_POINT('',(-0.218,0.00899999999999999,0.03));
#12895=CARTESIAN_POINT('',(-0.218,0.00899999999999999,0.035));
#12896=CARTESIAN_POINT('',(-0.218,0.00399999999999999,0.035));
#12897=CARTESIAN_POINT('',(-0.218,0.00399999999999999,0.15));
#12898=CARTESIAN_POINT('',(-0.218,-0.00600000000000001,0.));
#12899=CARTESIAN_POINT('',(-0.182,0.03,0.15));
#12900=CARTESIAN_POINT('',(-0.182,0.03,-0.03));
#12901=CARTESIAN_POINT('',(-0.182,0.03,-0.02));
#12902=CARTESIAN_POINT('',(-0.182,0.03,0.15));
#12903=CARTESIAN_POINT('',(-0.182,0.03,0.02));
#12904=CARTESIAN_POINT('',(-0.182,0.03,0.03));
#12905=CARTESIAN_POINT('',(-0.132,-0.00600000000000001,0.15));
#12906=CARTESIAN_POINT('',(-0.132,0.03,0.15));
#12907=CARTESIAN_POINT('',(-0.132,0.03,-0.02));
#12908=CARTESIAN_POINT('',(-0.132,0.03,-0.03));
#12909=CARTESIAN_POINT('',(-0.132,-0.00600000000000001,-0.03));
#12910=CARTESIAN_POINT('',(-0.132,0.00899999999999999,-0.03));
#12911=CARTESIAN_POINT('',(-0.132,0.009,-0.035));
#12912=CARTESIAN_POINT('',(-0.132,0.00399999999999999,-0.035));
#12913=CARTESIAN_POINT('',(-0.132,0.00399999999999998,0.15));
#12914=CARTESIAN_POINT('',(-0.132,0.00399999999999999,-0.03));
#12915=CARTESIAN_POINT('',(-0.132,0.00399999999999999,-0.02));
#12916=CARTESIAN_POINT('',(-0.132,-0.00599999999999998,-0.02));
#12917=CARTESIAN_POINT('',(-0.132,-0.00600000000000001,0.15));
#12918=CARTESIAN_POINT('',(-0.132,0.03,0.15));
#12919=CARTESIAN_POINT('',(-0.132,0.03,0.03));
#12920=CARTESIAN_POINT('',(-0.132,0.03,0.02));
#12921=CARTESIAN_POINT('',(-0.132,-0.00599999999999996,0.02));
#12922=CARTESIAN_POINT('',(-0.132,0.004,0.02));
#12923=CARTESIAN_POINT('',(-0.132,0.00399999999999999,0.03));
#12924=CARTESIAN_POINT('',(-0.132,-0.00600000000000001,0.03));
#12925=CARTESIAN_POINT('',(-0.132,-0.00600000000000001,0.));
#12926=CARTESIAN_POINT('',(-0.132,0.004,0.15));
#12927=CARTESIAN_POINT('',(-0.132,0.00399999999999999,0.035));
#12928=CARTESIAN_POINT('',(-0.132,0.00899999999999999,0.035));
#12929=CARTESIAN_POINT('',(-0.132,0.00899999999999999,0.03));
#12930=CARTESIAN_POINT('',(-0.132,-0.00600000000000001,0.03));
#12931=CARTESIAN_POINT('',(-0.168,0.03,0.15));
#12932=CARTESIAN_POINT('',(-0.168,0.009,-0.035));
#12933=CARTESIAN_POINT('',(-0.168,0.00399999999999999,-0.035));
#12934=CARTESIAN_POINT('',(-0.168,0.00899999999999999,-0.03));
#12935=CARTESIAN_POINT('',(-0.168,0.03,-0.03));
#12936=CARTESIAN_POINT('',(-0.168,0.03,-0.03));
#12937=CARTESIAN_POINT('',(-0.168,0.03,0.15));
#12938=CARTESIAN_POINT('',(-0.168,0.03,-0.02));
#12939=CARTESIAN_POINT('',(-0.168,0.03,-0.02));
#12940=CARTESIAN_POINT('',(-0.168,0.00399999999999999,-0.02));
#12941=CARTESIAN_POINT('',(-0.168,0.00399999999999999,-0.03));
#12942=CARTESIAN_POINT('',(-0.168,0.00399999999999998,0.15));
#12943=CARTESIAN_POINT('',(-0.168,0.03,0.15));
#12944=CARTESIAN_POINT('',(-0.168,0.00399999999999999,0.03));
#12945=CARTESIAN_POINT('',(-0.168,0.004,0.02));
#12946=CARTESIAN_POINT('',(-0.168,-0.00600000000000001,0.03));
#12947=CARTESIAN_POINT('',(-0.168,0.03,0.02));
#12948=CARTESIAN_POINT('',(-0.168,0.03,0.02));
#12949=CARTESIAN_POINT('',(-0.168,0.03,0.15));
#12950=CARTESIAN_POINT('',(-0.168,0.03,0.03));
#12951=CARTESIAN_POINT('',(-0.168,0.03,0.03));
#12952=CARTESIAN_POINT('',(-0.168,0.00899999999999999,0.03));
#12953=CARTESIAN_POINT('',(-0.168,0.00899999999999999,0.035));
#12954=CARTESIAN_POINT('',(-0.168,0.00399999999999999,0.035));
#12955=CARTESIAN_POINT('',(-0.168,0.00399999999999999,0.15));
#12956=CARTESIAN_POINT('',(-0.168,-0.00600000000000001,0.));
#12957=CARTESIAN_POINT('',(-0.132,0.03,0.15));
#12958=CARTESIAN_POINT('',(-0.132,0.03,-0.03));
#12959=CARTESIAN_POINT('',(-0.132,0.03,-0.02));
#12960=CARTESIAN_POINT('',(-0.132,0.03,0.15));
#12961=CARTESIAN_POINT('',(-0.132,0.03,0.02));
#12962=CARTESIAN_POINT('',(-0.132,0.03,0.03));
#12963=CARTESIAN_POINT('',(-0.0820000000000001,-0.00600000000000001,0.15));
#12964=CARTESIAN_POINT('',(-0.0820000000000001,0.03,0.15));
#12965=CARTESIAN_POINT('',(-0.0820000000000001,0.03,-0.02));
#12966=CARTESIAN_POINT('',(-0.0820000000000001,0.03,-0.03));
#12967=CARTESIAN_POINT('',(-0.0820000000000001,-0.00600000000000001,-0.03));
#12968=CARTESIAN_POINT('',(-0.0820000000000001,0.00899999999999999,-0.03));
#12969=CARTESIAN_POINT('',(-0.0820000000000001,0.009,-0.035));
#12970=CARTESIAN_POINT('',(-0.0820000000000001,0.00399999999999999,-0.035));
#12971=CARTESIAN_POINT('',(-0.0820000000000001,0.00399999999999998,0.15));
#12972=CARTESIAN_POINT('',(-0.0820000000000001,0.00399999999999999,-0.03));
#12973=CARTESIAN_POINT('',(-0.0820000000000001,0.00399999999999999,-0.02));
#12974=CARTESIAN_POINT('',(-0.0820000000000001,-0.00599999999999998,-0.02));
#12975=CARTESIAN_POINT('',(-0.0820000000000001,-0.00600000000000001,0.15));
#12976=CARTESIAN_POINT('',(-0.0820000000000001,0.03,0.15));
#12977=CARTESIAN_POINT('',(-0.0820000000000001,0.03,0.03));
#12978=CARTESIAN_POINT('',(-0.0820000000000001,0.03,0.02));
#12979=CARTESIAN_POINT('',(-0.0820000000000001,-0.00599999999999996,0.02));
#12980=CARTESIAN_POINT('',(-0.0820000000000001,0.004,0.02));
#12981=CARTESIAN_POINT('',(-0.0820000000000001,0.00399999999999999,0.03));
#12982=CARTESIAN_POINT('',(-0.0820000000000001,-0.00600000000000001,0.03));
#12983=CARTESIAN_POINT('',(-0.0820000000000001,-0.00600000000000001,0.));
#12984=CARTESIAN_POINT('',(-0.0820000000000001,0.004,0.15));
#12985=CARTESIAN_POINT('',(-0.0820000000000001,0.00399999999999999,0.035));
#12986=CARTESIAN_POINT('',(-0.0820000000000001,0.00899999999999999,0.035));
#12987=CARTESIAN_POINT('',(-0.0820000000000001,0.00899999999999999,0.03));
#12988=CARTESIAN_POINT('',(-0.0820000000000001,-0.00600000000000001,0.03));
#12989=CARTESIAN_POINT('',(-0.118,0.03,0.15));
#12990=CARTESIAN_POINT('',(-0.118,0.009,-0.035));
#12991=CARTESIAN_POINT('',(-0.118,0.00399999999999999,-0.035));
#12992=CARTESIAN_POINT('',(-0.118,0.00899999999999999,-0.03));
#12993=CARTESIAN_POINT('',(-0.118,0.03,-0.03));
#12994=CARTESIAN_POINT('',(-0.118,0.03,-0.03));
#12995=CARTESIAN_POINT('',(-0.118,0.03,0.15));
#12996=CARTESIAN_POINT('',(-0.118,0.03,-0.02));
#12997=CARTESIAN_POINT('',(-0.118,0.03,-0.02));
#12998=CARTESIAN_POINT('',(-0.118,0.00399999999999999,-0.02));
#12999=CARTESIAN_POINT('',(-0.118,0.00399999999999999,-0.03));
#13000=CARTESIAN_POINT('',(-0.118,0.00399999999999998,0.15));
#13001=CARTESIAN_POINT('',(-0.118,0.03,0.15));
#13002=CARTESIAN_POINT('',(-0.118,0.00399999999999999,0.03));
#13003=CARTESIAN_POINT('',(-0.118,0.004,0.02));
#13004=CARTESIAN_POINT('',(-0.118,-0.00600000000000001,0.03));
#13005=CARTESIAN_POINT('',(-0.118,0.03,0.02));
#13006=CARTESIAN_POINT('',(-0.118,0.03,0.02));
#13007=CARTESIAN_POINT('',(-0.118,0.03,0.15));
#13008=CARTESIAN_POINT('',(-0.118,0.03,0.03));
#13009=CARTESIAN_POINT('',(-0.118,0.03,0.03));
#13010=CARTESIAN_POINT('',(-0.118,0.00899999999999999,0.03));
#13011=CARTESIAN_POINT('',(-0.118,0.00899999999999999,0.035));
#13012=CARTESIAN_POINT('',(-0.118,0.00399999999999999,0.035));
#13013=CARTESIAN_POINT('',(-0.118,0.00399999999999999,0.15));
#13014=CARTESIAN_POINT('',(-0.118,-0.00600000000000001,0.));
#13015=CARTESIAN_POINT('',(-0.0820000000000001,0.03,0.15));
#13016=CARTESIAN_POINT('',(-0.0820000000000001,0.03,-0.03));
#13017=CARTESIAN_POINT('',(-0.0820000000000001,0.03,-0.02));
#13018=CARTESIAN_POINT('',(-0.0820000000000001,0.03,0.15));
#13019=CARTESIAN_POINT('',(-0.0820000000000001,0.03,0.02));
#13020=CARTESIAN_POINT('',(-0.0820000000000001,0.03,0.03));
#13021=CARTESIAN_POINT('',(-0.0320000000000001,-0.00600000000000001,0.15));
#13022=CARTESIAN_POINT('',(-0.0320000000000001,0.03,0.15));
#13023=CARTESIAN_POINT('',(-0.0320000000000001,0.03,-0.02));
#13024=CARTESIAN_POINT('',(-0.0320000000000001,0.03,-0.03));
#13025=CARTESIAN_POINT('',(-0.0320000000000001,-0.00600000000000001,-0.03));
#13026=CARTESIAN_POINT('',(-0.0320000000000001,0.00899999999999999,-0.03));
#13027=CARTESIAN_POINT('',(-0.0320000000000001,0.009,-0.035));
#13028=CARTESIAN_POINT('',(-0.0320000000000001,0.00399999999999999,-0.035));
#13029=CARTESIAN_POINT('',(-0.0320000000000001,0.00399999999999998,0.15));
#13030=CARTESIAN_POINT('',(-0.0320000000000001,0.00399999999999999,-0.03));
#13031=CARTESIAN_POINT('',(-0.0320000000000001,0.00399999999999999,-0.02));
#13032=CARTESIAN_POINT('',(-0.0320000000000001,-0.00599999999999998,-0.02));
#13033=CARTESIAN_POINT('',(-0.0320000000000001,-0.00600000000000001,0.15));
#13034=CARTESIAN_POINT('',(-0.0320000000000001,0.03,0.15));
#13035=CARTESIAN_POINT('',(-0.0320000000000001,0.03,0.03));
#13036=CARTESIAN_POINT('',(-0.0320000000000001,0.03,0.02));
#13037=CARTESIAN_POINT('',(-0.0320000000000001,-0.00599999999999996,0.02));
#13038=CARTESIAN_POINT('',(-0.0320000000000001,0.004,0.02));
#13039=CARTESIAN_POINT('',(-0.0320000000000001,0.00399999999999999,0.03));
#13040=CARTESIAN_POINT('',(-0.0320000000000001,-0.00600000000000001,0.03));
#13041=CARTESIAN_POINT('',(-0.0320000000000001,-0.00600000000000001,0.));
#13042=CARTESIAN_POINT('',(-0.0320000000000001,0.004,0.15));
#13043=CARTESIAN_POINT('',(-0.0320000000000001,0.00399999999999999,0.035));
#13044=CARTESIAN_POINT('',(-0.0320000000000001,0.00899999999999999,0.035));
#13045=CARTESIAN_POINT('',(-0.0320000000000001,0.00899999999999999,0.03));
#13046=CARTESIAN_POINT('',(-0.0320000000000001,-0.00600000000000001,0.03));
#13047=CARTESIAN_POINT('',(-0.0680000000000001,0.03,0.15));
#13048=CARTESIAN_POINT('',(-0.0680000000000001,0.009,-0.035));
#13049=CARTESIAN_POINT('',(-0.0680000000000001,0.00399999999999999,-0.035));
#13050=CARTESIAN_POINT('',(-0.0680000000000001,0.00899999999999999,-0.03));
#13051=CARTESIAN_POINT('',(-0.0680000000000001,0.03,-0.03));
#13052=CARTESIAN_POINT('',(-0.0680000000000001,0.03,-0.03));
#13053=CARTESIAN_POINT('',(-0.0680000000000001,0.03,0.15));
#13054=CARTESIAN_POINT('',(-0.0680000000000001,0.03,-0.02));
#13055=CARTESIAN_POINT('',(-0.0680000000000001,0.03,-0.02));
#13056=CARTESIAN_POINT('',(-0.0680000000000001,0.00399999999999999,-0.02));
#13057=CARTESIAN_POINT('',(-0.0680000000000001,0.00399999999999999,-0.03));
#13058=CARTESIAN_POINT('',(-0.0680000000000001,0.00399999999999998,0.15));
#13059=CARTESIAN_POINT('',(-0.0680000000000001,0.03,0.15));
#13060=CARTESIAN_POINT('',(-0.0680000000000001,0.00399999999999999,0.03));
#13061=CARTESIAN_POINT('',(-0.0680000000000001,0.004,0.02));
#13062=CARTESIAN_POINT('',(-0.0680000000000001,-0.00600000000000001,0.03));
#13063=CARTESIAN_POINT('',(-0.0680000000000001,0.03,0.02));
#13064=CARTESIAN_POINT('',(-0.0680000000000001,0.03,0.02));
#13065=CARTESIAN_POINT('',(-0.0680000000000001,0.03,0.15));
#13066=CARTESIAN_POINT('',(-0.0680000000000001,0.03,0.03));
#13067=CARTESIAN_POINT('',(-0.0680000000000001,0.03,0.03));
#13068=CARTESIAN_POINT('',(-0.0680000000000001,0.00899999999999999,0.03));
#13069=CARTESIAN_POINT('',(-0.0680000000000001,0.00899999999999999,0.035));
#13070=CARTESIAN_POINT('',(-0.0680000000000001,0.00399999999999999,0.035));
#13071=CARTESIAN_POINT('',(-0.0680000000000001,0.00399999999999999,0.15));
#13072=CARTESIAN_POINT('',(-0.0680000000000001,-0.00600000000000001,0.));
#13073=CARTESIAN_POINT('',(-0.0320000000000001,0.03,0.15));
#13074=CARTESIAN_POINT('',(-0.0320000000000001,0.03,-0.03));
#13075=CARTESIAN_POINT('',(-0.0320000000000001,0.03,-0.02));
#13076=CARTESIAN_POINT('',(-0.0320000000000001,0.03,0.15));
#13077=CARTESIAN_POINT('',(-0.0320000000000001,0.03,0.02));
#13078=CARTESIAN_POINT('',(-0.0320000000000001,0.03,0.03));
#13079=CARTESIAN_POINT('',(0.0179999999999999,-0.00600000000000001,0.15));
#13080=CARTESIAN_POINT('',(0.0179999999999999,0.03,0.15));
#13081=CARTESIAN_POINT('',(0.0179999999999999,0.03,-0.02));
#13082=CARTESIAN_POINT('',(0.0179999999999999,0.03,-0.03));
#13083=CARTESIAN_POINT('',(0.0179999999999999,-0.00600000000000001,-0.03));
#13084=CARTESIAN_POINT('',(0.0179999999999999,0.00899999999999999,-0.03));
#13085=CARTESIAN_POINT('',(0.0179999999999999,0.009,-0.035));
#13086=CARTESIAN_POINT('',(0.0179999999999999,0.00399999999999999,-0.035));
#13087=CARTESIAN_POINT('',(0.0179999999999999,0.00399999999999998,0.15));
#13088=CARTESIAN_POINT('',(0.0179999999999999,0.00399999999999999,-0.03));
#13089=CARTESIAN_POINT('',(0.0179999999999999,0.00399999999999999,-0.02));
#13090=CARTESIAN_POINT('',(0.0179999999999999,-0.00599999999999998,-0.02));
#13091=CARTESIAN_POINT('',(0.0179999999999999,-0.00600000000000001,0.15));
#13092=CARTESIAN_POINT('',(0.0179999999999999,0.03,0.15));
#13093=CARTESIAN_POINT('',(0.0179999999999999,0.03,0.03));
#13094=CARTESIAN_POINT('',(0.0179999999999999,0.03,0.02));
#13095=CARTESIAN_POINT('',(0.0179999999999999,-0.00599999999999996,0.02));
#13096=CARTESIAN_POINT('',(0.0179999999999999,0.004,0.02));
#13097=CARTESIAN_POINT('',(0.0179999999999999,0.00399999999999999,0.03));
#13098=CARTESIAN_POINT('',(0.0179999999999999,-0.00600000000000001,0.03));
#13099=CARTESIAN_POINT('',(0.0179999999999999,-0.00600000000000001,0.));
#13100=CARTESIAN_POINT('',(0.0179999999999999,0.004,0.15));
#13101=CARTESIAN_POINT('',(0.0179999999999999,0.00399999999999999,0.035));
#13102=CARTESIAN_POINT('',(0.0179999999999999,0.00899999999999999,0.035));
#13103=CARTESIAN_POINT('',(0.0179999999999999,0.00899999999999999,0.03));
#13104=CARTESIAN_POINT('',(0.0179999999999999,-0.00600000000000001,0.03));
#13105=CARTESIAN_POINT('',(-0.0180000000000001,0.03,0.15));
#13106=CARTESIAN_POINT('',(-0.0180000000000001,0.009,-0.035));
#13107=CARTESIAN_POINT('',(-0.0180000000000001,0.00399999999999999,-0.035));
#13108=CARTESIAN_POINT('',(-0.0180000000000001,0.00899999999999999,-0.03));
#13109=CARTESIAN_POINT('',(-0.0180000000000001,0.03,-0.03));
#13110=CARTESIAN_POINT('',(-0.0180000000000001,0.03,-0.03));
#13111=CARTESIAN_POINT('',(-0.0180000000000001,0.03,0.15));
#13112=CARTESIAN_POINT('',(-0.0180000000000001,0.03,-0.02));
#13113=CARTESIAN_POINT('',(-0.0180000000000001,0.03,-0.02));
#13114=CARTESIAN_POINT('',(-0.0180000000000001,0.00399999999999999,-0.02));
#13115=CARTESIAN_POINT('',(-0.0180000000000001,0.00399999999999999,-0.03));
#13116=CARTESIAN_POINT('',(-0.0180000000000001,0.00399999999999998,0.15));
#13117=CARTESIAN_POINT('',(-0.0180000000000001,0.03,0.15));
#13118=CARTESIAN_POINT('',(-0.0180000000000001,0.00399999999999999,0.03));
#13119=CARTESIAN_POINT('',(-0.0180000000000001,0.004,0.02));
#13120=CARTESIAN_POINT('',(-0.0180000000000001,-0.00600000000000001,0.03));
#13121=CARTESIAN_POINT('',(-0.0180000000000001,0.03,0.02));
#13122=CARTESIAN_POINT('',(-0.0180000000000001,0.03,0.02));
#13123=CARTESIAN_POINT('',(-0.0180000000000001,0.03,0.15));
#13124=CARTESIAN_POINT('',(-0.0180000000000001,0.03,0.03));
#13125=CARTESIAN_POINT('',(-0.0180000000000001,0.03,0.03));
#13126=CARTESIAN_POINT('',(-0.0180000000000001,0.00899999999999999,0.03));
#13127=CARTESIAN_POINT('',(-0.0180000000000001,0.00899999999999999,0.035));
#13128=CARTESIAN_POINT('',(-0.0180000000000001,0.00399999999999999,0.035));
#13129=CARTESIAN_POINT('',(-0.0180000000000001,0.00399999999999999,0.15));
#13130=CARTESIAN_POINT('',(-0.0180000000000001,-0.00600000000000001,0.));
#13131=CARTESIAN_POINT('',(0.0179999999999999,0.03,0.15));
#13132=CARTESIAN_POINT('',(0.0179999999999999,0.03,-0.03));
#13133=CARTESIAN_POINT('',(0.0179999999999999,0.03,-0.02));
#13134=CARTESIAN_POINT('',(0.0179999999999999,0.03,0.15));
#13135=CARTESIAN_POINT('',(0.0179999999999999,0.03,0.02));
#13136=CARTESIAN_POINT('',(0.0179999999999999,0.03,0.03));
#13137=CARTESIAN_POINT('',(0.0679999999999999,-0.00600000000000001,0.15));
#13138=CARTESIAN_POINT('',(0.0679999999999999,0.03,0.15));
#13139=CARTESIAN_POINT('',(0.0679999999999999,0.03,-0.02));
#13140=CARTESIAN_POINT('',(0.0679999999999999,0.03,-0.03));
#13141=CARTESIAN_POINT('',(0.0679999999999999,-0.00600000000000001,-0.03));
#13142=CARTESIAN_POINT('',(0.0679999999999999,0.00899999999999999,-0.03));
#13143=CARTESIAN_POINT('',(0.0679999999999999,0.009,-0.035));
#13144=CARTESIAN_POINT('',(0.0679999999999999,0.00399999999999999,-0.035));
#13145=CARTESIAN_POINT('',(0.0679999999999999,0.00399999999999998,0.15));
#13146=CARTESIAN_POINT('',(0.0679999999999999,0.00399999999999999,-0.03));
#13147=CARTESIAN_POINT('',(0.0679999999999999,0.00399999999999999,-0.02));
#13148=CARTESIAN_POINT('',(0.0679999999999999,-0.00599999999999998,-0.02));
#13149=CARTESIAN_POINT('',(0.0679999999999999,-0.00600000000000001,0.15));
#13150=CARTESIAN_POINT('',(0.0679999999999999,0.03,0.15));
#13151=CARTESIAN_POINT('',(0.0679999999999999,0.03,0.03));
#13152=CARTESIAN_POINT('',(0.0679999999999999,0.03,0.02));
#13153=CARTESIAN_POINT('',(0.0679999999999999,-0.00599999999999996,0.02));
#13154=CARTESIAN_POINT('',(0.0679999999999999,0.004,0.02));
#13155=CARTESIAN_POINT('',(0.0679999999999999,0.00399999999999999,0.03));
#13156=CARTESIAN_POINT('',(0.0679999999999999,-0.00600000000000001,0.03));
#13157=CARTESIAN_POINT('',(0.0679999999999999,-0.00600000000000001,0.));
#13158=CARTESIAN_POINT('',(0.0679999999999999,0.004,0.15));
#13159=CARTESIAN_POINT('',(0.0679999999999999,0.00399999999999999,0.035));
#13160=CARTESIAN_POINT('',(0.0679999999999999,0.00899999999999999,0.035));
#13161=CARTESIAN_POINT('',(0.0679999999999999,0.00899999999999999,0.03));
#13162=CARTESIAN_POINT('',(0.0679999999999999,-0.00600000000000001,0.03));
#13163=CARTESIAN_POINT('',(0.0319999999999999,0.03,0.15));
#13164=CARTESIAN_POINT('',(0.0319999999999999,0.009,-0.035));
#13165=CARTESIAN_POINT('',(0.0319999999999999,0.00399999999999999,-0.035));
#13166=CARTESIAN_POINT('',(0.0319999999999999,0.00899999999999999,-0.03));
#13167=CARTESIAN_POINT('',(0.0319999999999999,0.03,-0.03));
#13168=CARTESIAN_POINT('',(0.0319999999999999,0.03,-0.03));
#13169=CARTESIAN_POINT('',(0.0319999999999999,0.03,0.15));
#13170=CARTESIAN_POINT('',(0.0319999999999999,0.03,-0.02));
#13171=CARTESIAN_POINT('',(0.0319999999999999,0.03,-0.02));
#13172=CARTESIAN_POINT('',(0.0319999999999999,0.00399999999999999,-0.02));
#13173=CARTESIAN_POINT('',(0.0319999999999999,0.00399999999999999,-0.03));
#13174=CARTESIAN_POINT('',(0.0319999999999999,0.00399999999999998,0.15));
#13175=CARTESIAN_POINT('',(0.0319999999999999,0.03,0.15));
#13176=CARTESIAN_POINT('',(0.0319999999999999,0.00399999999999999,0.03));
#13177=CARTESIAN_POINT('',(0.0319999999999999,0.004,0.02));
#13178=CARTESIAN_POINT('',(0.0319999999999999,-0.00600000000000001,0.03));
#13179=CARTESIAN_POINT('',(0.0319999999999999,0.03,0.02));
#13180=CARTESIAN_POINT('',(0.0319999999999999,0.03,0.02));
#13181=CARTESIAN_POINT('',(0.0319999999999999,0.03,0.15));
#13182=CARTESIAN_POINT('',(0.0319999999999999,0.03,0.03));
#13183=CARTESIAN_POINT('',(0.0319999999999999,0.03,0.03));
#13184=CARTESIAN_POINT('',(0.0319999999999999,0.00899999999999999,0.03));
#13185=CARTESIAN_POINT('',(0.0319999999999999,0.00899999999999999,0.035));
#13186=CARTESIAN_POINT('',(0.0319999999999999,0.00399999999999999,0.035));
#13187=CARTESIAN_POINT('',(0.0319999999999999,0.00399999999999999,0.15));
#13188=CARTESIAN_POINT('',(0.0319999999999999,-0.00600000000000001,0.));
#13189=CARTESIAN_POINT('',(0.0679999999999999,0.03,0.15));
#13190=CARTESIAN_POINT('',(0.0679999999999999,0.03,-0.03));
#13191=CARTESIAN_POINT('',(0.0679999999999999,0.03,-0.02));
#13192=CARTESIAN_POINT('',(0.0679999999999999,0.03,0.15));
#13193=CARTESIAN_POINT('',(0.0679999999999999,0.03,0.02));
#13194=CARTESIAN_POINT('',(0.0679999999999999,0.03,0.03));
#13195=CARTESIAN_POINT('',(0.118,-0.00600000000000001,0.15));
#13196=CARTESIAN_POINT('',(0.118,0.03,0.15));
#13197=CARTESIAN_POINT('',(0.118,0.03,-0.02));
#13198=CARTESIAN_POINT('',(0.118,0.03,-0.03));
#13199=CARTESIAN_POINT('',(0.118,-0.00600000000000001,-0.03));
#13200=CARTESIAN_POINT('',(0.118,0.00899999999999999,-0.03));
#13201=CARTESIAN_POINT('',(0.118,0.009,-0.035));
#13202=CARTESIAN_POINT('',(0.118,0.00399999999999999,-0.035));
#13203=CARTESIAN_POINT('',(0.118,0.00399999999999998,0.15));
#13204=CARTESIAN_POINT('',(0.118,0.00399999999999999,-0.03));
#13205=CARTESIAN_POINT('',(0.118,0.00399999999999999,-0.02));
#13206=CARTESIAN_POINT('',(0.118,-0.00599999999999998,-0.02));
#13207=CARTESIAN_POINT('',(0.118,-0.00600000000000001,0.15));
#13208=CARTESIAN_POINT('',(0.118,0.03,0.15));
#13209=CARTESIAN_POINT('',(0.118,0.03,0.03));
#13210=CARTESIAN_POINT('',(0.118,0.03,0.02));
#13211=CARTESIAN_POINT('',(0.118,-0.00599999999999996,0.02));
#13212=CARTESIAN_POINT('',(0.118,0.004,0.02));
#13213=CARTESIAN_POINT('',(0.118,0.00399999999999999,0.03));
#13214=CARTESIAN_POINT('',(0.118,-0.00600000000000001,0.03));
#13215=CARTESIAN_POINT('',(0.118,-0.00600000000000001,0.));
#13216=CARTESIAN_POINT('',(0.118,0.004,0.15));
#13217=CARTESIAN_POINT('',(0.118,0.00399999999999999,0.035));
#13218=CARTESIAN_POINT('',(0.118,0.00899999999999999,0.035));
#13219=CARTESIAN_POINT('',(0.118,0.00899999999999999,0.03));
#13220=CARTESIAN_POINT('',(0.118,-0.00600000000000001,0.03));
#13221=CARTESIAN_POINT('',(0.0819999999999999,0.03,0.15));
#13222=CARTESIAN_POINT('',(0.0819999999999999,0.009,-0.035));
#13223=CARTESIAN_POINT('',(0.0819999999999999,0.00399999999999999,-0.035));
#13224=CARTESIAN_POINT('',(0.0819999999999999,0.00899999999999999,-0.03));
#13225=CARTESIAN_POINT('',(0.0819999999999999,0.03,-0.03));
#13226=CARTESIAN_POINT('',(0.0819999999999999,0.03,-0.03));
#13227=CARTESIAN_POINT('',(0.0819999999999999,0.03,0.15));
#13228=CARTESIAN_POINT('',(0.0819999999999999,0.03,-0.02));
#13229=CARTESIAN_POINT('',(0.0819999999999999,0.03,-0.02));
#13230=CARTESIAN_POINT('',(0.0819999999999999,0.00399999999999999,-0.02));
#13231=CARTESIAN_POINT('',(0.0819999999999999,0.00399999999999999,-0.03));
#13232=CARTESIAN_POINT('',(0.0819999999999999,0.00399999999999998,0.15));
#13233=CARTESIAN_POINT('',(0.0819999999999999,0.03,0.15));
#13234=CARTESIAN_POINT('',(0.0819999999999999,0.00399999999999999,0.03));
#13235=CARTESIAN_POINT('',(0.0819999999999999,0.004,0.02));
#13236=CARTESIAN_POINT('',(0.0819999999999999,-0.00600000000000001,0.03));
#13237=CARTESIAN_POINT('',(0.0819999999999999,0.03,0.02));
#13238=CARTESIAN_POINT('',(0.0819999999999999,0.03,0.02));
#13239=CARTESIAN_POINT('',(0.0819999999999999,0.03,0.15));
#13240=CARTESIAN_POINT('',(0.0819999999999999,0.03,0.03));
#13241=CARTESIAN_POINT('',(0.0819999999999999,0.03,0.03));
#13242=CARTESIAN_POINT('',(0.0819999999999999,0.00899999999999999,0.03));
#13243=CARTESIAN_POINT('',(0.0819999999999999,0.00899999999999999,0.035));
#13244=CARTESIAN_POINT('',(0.0819999999999999,0.00399999999999999,0.035));
#13245=CARTESIAN_POINT('',(0.0819999999999999,0.00399999999999999,0.15));
#13246=CARTESIAN_POINT('',(0.0819999999999999,-0.00600000000000001,0.));
#13247=CARTESIAN_POINT('',(0.118,0.03,0.15));
#13248=CARTESIAN_POINT('',(0.118,0.03,-0.03));
#13249=CARTESIAN_POINT('',(0.118,0.03,-0.02));
#13250=CARTESIAN_POINT('',(0.118,0.03,0.15));
#13251=CARTESIAN_POINT('',(0.118,0.03,0.02));
#13252=CARTESIAN_POINT('',(0.118,0.03,0.03));
#13253=CARTESIAN_POINT('',(0.168,-0.00600000000000001,0.15));
#13254=CARTESIAN_POINT('',(0.168,0.03,0.15));
#13255=CARTESIAN_POINT('',(0.168,0.03,-0.02));
#13256=CARTESIAN_POINT('',(0.168,0.03,-0.03));
#13257=CARTESIAN_POINT('',(0.168,-0.00600000000000001,-0.03));
#13258=CARTESIAN_POINT('',(0.168,0.00899999999999999,-0.03));
#13259=CARTESIAN_POINT('',(0.168,0.009,-0.035));
#13260=CARTESIAN_POINT('',(0.168,0.00399999999999999,-0.035));
#13261=CARTESIAN_POINT('',(0.168,0.00399999999999998,0.15));
#13262=CARTESIAN_POINT('',(0.168,0.00399999999999999,-0.03));
#13263=CARTESIAN_POINT('',(0.168,0.00399999999999999,-0.02));
#13264=CARTESIAN_POINT('',(0.168,-0.00599999999999998,-0.02));
#13265=CARTESIAN_POINT('',(0.168,-0.00600000000000001,0.15));
#13266=CARTESIAN_POINT('',(0.168,0.03,0.15));
#13267=CARTESIAN_POINT('',(0.168,0.03,0.03));
#13268=CARTESIAN_POINT('',(0.168,0.03,0.02));
#13269=CARTESIAN_POINT('',(0.168,-0.00599999999999996,0.02));
#13270=CARTESIAN_POINT('',(0.168,0.004,0.02));
#13271=CARTESIAN_POINT('',(0.168,0.00399999999999999,0.03));
#13272=CARTESIAN_POINT('',(0.168,-0.00600000000000001,0.03));
#13273=CARTESIAN_POINT('',(0.168,-0.00600000000000001,0.));
#13274=CARTESIAN_POINT('',(0.168,0.004,0.15));
#13275=CARTESIAN_POINT('',(0.168,0.00399999999999999,0.035));
#13276=CARTESIAN_POINT('',(0.168,0.00899999999999999,0.035));
#13277=CARTESIAN_POINT('',(0.168,0.00899999999999999,0.03));
#13278=CARTESIAN_POINT('',(0.168,-0.00600000000000001,0.03));
#13279=CARTESIAN_POINT('',(0.132,0.03,0.15));
#13280=CARTESIAN_POINT('',(0.132,0.009,-0.035));
#13281=CARTESIAN_POINT('',(0.132,0.00399999999999999,-0.035));
#13282=CARTESIAN_POINT('',(0.132,0.00899999999999999,-0.03));
#13283=CARTESIAN_POINT('',(0.132,0.03,-0.03));
#13284=CARTESIAN_POINT('',(0.132,0.03,-0.03));
#13285=CARTESIAN_POINT('',(0.132,0.03,0.15));
#13286=CARTESIAN_POINT('',(0.132,0.03,-0.02));
#13287=CARTESIAN_POINT('',(0.132,0.03,-0.02));
#13288=CARTESIAN_POINT('',(0.132,0.00399999999999999,-0.02));
#13289=CARTESIAN_POINT('',(0.132,0.00399999999999999,-0.03));
#13290=CARTESIAN_POINT('',(0.132,0.00399999999999998,0.15));
#13291=CARTESIAN_POINT('',(0.132,0.03,0.15));
#13292=CARTESIAN_POINT('',(0.132,0.00399999999999999,0.03));
#13293=CARTESIAN_POINT('',(0.132,0.004,0.02));
#13294=CARTESIAN_POINT('',(0.132,-0.00600000000000001,0.03));
#13295=CARTESIAN_POINT('',(0.132,0.03,0.02));
#13296=CARTESIAN_POINT('',(0.132,0.03,0.02));
#13297=CARTESIAN_POINT('',(0.132,0.03,0.15));
#13298=CARTESIAN_POINT('',(0.132,0.03,0.03));
#13299=CARTESIAN_POINT('',(0.132,0.03,0.03));
#13300=CARTESIAN_POINT('',(0.132,0.00899999999999999,0.03));
#13301=CARTESIAN_POINT('',(0.132,0.00899999999999999,0.035));
#13302=CARTESIAN_POINT('',(0.132,0.00399999999999999,0.035));
#13303=CARTESIAN_POINT('',(0.132,0.00399999999999999,0.15));
#13304=CARTESIAN_POINT('',(0.132,-0.00600000000000001,0.));
#13305=CARTESIAN_POINT('',(0.168,0.03,0.15));
#13306=CARTESIAN_POINT('',(0.168,0.03,-0.03));
#13307=CARTESIAN_POINT('',(0.168,0.03,-0.02));
#13308=CARTESIAN_POINT('',(0.168,0.03,0.15));
#13309=CARTESIAN_POINT('',(0.168,0.03,0.02));
#13310=CARTESIAN_POINT('',(0.168,0.03,0.03));
#13311=CARTESIAN_POINT('',(0.218,-0.00600000000000001,0.15));
#13312=CARTESIAN_POINT('',(0.218,0.03,0.15));
#13313=CARTESIAN_POINT('',(0.218,0.03,-0.02));
#13314=CARTESIAN_POINT('',(0.218,0.03,-0.03));
#13315=CARTESIAN_POINT('',(0.218,-0.00600000000000001,-0.03));
#13316=CARTESIAN_POINT('',(0.218,0.00899999999999999,-0.03));
#13317=CARTESIAN_POINT('',(0.218,0.009,-0.035));
#13318=CARTESIAN_POINT('',(0.218,0.00399999999999999,-0.035));
#13319=CARTESIAN_POINT('',(0.218,0.00399999999999998,0.15));
#13320=CARTESIAN_POINT('',(0.218,0.00399999999999999,-0.03));
#13321=CARTESIAN_POINT('',(0.218,0.00399999999999999,-0.02));
#13322=CARTESIAN_POINT('',(0.218,-0.00599999999999998,-0.02));
#13323=CARTESIAN_POINT('',(0.218,-0.00600000000000001,0.15));
#13324=CARTESIAN_POINT('',(0.218,0.03,0.15));
#13325=CARTESIAN_POINT('',(0.218,0.03,0.03));
#13326=CARTESIAN_POINT('',(0.218,0.03,0.02));
#13327=CARTESIAN_POINT('',(0.218,-0.00599999999999996,0.02));
#13328=CARTESIAN_POINT('',(0.218,0.004,0.02));
#13329=CARTESIAN_POINT('',(0.218,0.00399999999999999,0.03));
#13330=CARTESIAN_POINT('',(0.218,-0.00600000000000001,0.03));
#13331=CARTESIAN_POINT('',(0.218,-0.00600000000000001,0.));
#13332=CARTESIAN_POINT('',(0.218,0.004,0.15));
#13333=CARTESIAN_POINT('',(0.218,0.00399999999999999,0.035));
#13334=CARTESIAN_POINT('',(0.218,0.00899999999999999,0.035));
#13335=CARTESIAN_POINT('',(0.218,0.00899999999999999,0.03));
#13336=CARTESIAN_POINT('',(0.218,-0.00600000000000001,0.03));
#13337=CARTESIAN_POINT('',(0.182,0.03,0.15));
#13338=CARTESIAN_POINT('',(0.182,0.009,-0.035));
#13339=CARTESIAN_POINT('',(0.182,0.00399999999999999,-0.035));
#13340=CARTESIAN_POINT('',(0.182,0.00899999999999999,-0.03));
#13341=CARTESIAN_POINT('',(0.182,0.03,-0.03));
#13342=CARTESIAN_POINT('',(0.182,0.03,-0.03));
#13343=CARTESIAN_POINT('',(0.182,0.03,0.15));
#13344=CARTESIAN_POINT('',(0.182,0.03,-0.02));
#13345=CARTESIAN_POINT('',(0.182,0.03,-0.02));
#13346=CARTESIAN_POINT('',(0.182,0.00399999999999999,-0.02));
#13347=CARTESIAN_POINT('',(0.182,0.00399999999999999,-0.03));
#13348=CARTESIAN_POINT('',(0.182,0.00399999999999998,0.15));
#13349=CARTESIAN_POINT('',(0.182,0.03,0.15));
#13350=CARTESIAN_POINT('',(0.182,0.00399999999999999,0.03));
#13351=CARTESIAN_POINT('',(0.182,0.004,0.02));
#13352=CARTESIAN_POINT('',(0.182,-0.00600000000000001,0.03));
#13353=CARTESIAN_POINT('',(0.182,0.03,0.02));
#13354=CARTESIAN_POINT('',(0.182,0.03,0.02));
#13355=CARTESIAN_POINT('',(0.182,0.03,0.15));
#13356=CARTESIAN_POINT('',(0.182,0.03,0.03));
#13357=CARTESIAN_POINT('',(0.182,0.03,0.03));
#13358=CARTESIAN_POINT('',(0.182,0.00899999999999999,0.03));
#13359=CARTESIAN_POINT('',(0.182,0.00899999999999999,0.035));
#13360=CARTESIAN_POINT('',(0.182,0.00399999999999999,0.035));
#13361=CARTESIAN_POINT('',(0.182,0.00399999999999999,0.15));
#13362=CARTESIAN_POINT('',(0.182,-0.00600000000000001,0.));
#13363=CARTESIAN_POINT('',(0.218,0.03,0.15));
#13364=CARTESIAN_POINT('',(0.218,0.03,-0.03));
#13365=CARTESIAN_POINT('',(0.218,0.03,-0.02));
#13366=CARTESIAN_POINT('',(0.218,0.03,0.15));
#13367=CARTESIAN_POINT('',(0.218,0.03,0.02));
#13368=CARTESIAN_POINT('',(0.218,0.03,0.03));
#13369=CARTESIAN_POINT('',(0.268,-0.00600000000000001,0.15));
#13370=CARTESIAN_POINT('',(0.268,0.03,0.15));
#13371=CARTESIAN_POINT('',(0.268,0.03,-0.02));
#13372=CARTESIAN_POINT('',(0.268,0.03,-0.03));
#13373=CARTESIAN_POINT('',(0.268,-0.00600000000000001,-0.03));
#13374=CARTESIAN_POINT('',(0.268,0.00899999999999999,-0.03));
#13375=CARTESIAN_POINT('',(0.268,0.009,-0.035));
#13376=CARTESIAN_POINT('',(0.268,0.00399999999999999,-0.035));
#13377=CARTESIAN_POINT('',(0.268,0.00399999999999998,0.15));
#13378=CARTESIAN_POINT('',(0.268,0.00399999999999999,-0.03));
#13379=CARTESIAN_POINT('',(0.268,0.00399999999999999,-0.02));
#13380=CARTESIAN_POINT('',(0.268,-0.00599999999999998,-0.02));
#13381=CARTESIAN_POINT('',(0.268,-0.00600000000000001,0.15));
#13382=CARTESIAN_POINT('',(0.268,0.03,0.15));
#13383=CARTESIAN_POINT('',(0.268,0.03,0.03));
#13384=CARTESIAN_POINT('',(0.268,0.03,0.02));
#13385=CARTESIAN_POINT('',(0.268,-0.00599999999999996,0.02));
#13386=CARTESIAN_POINT('',(0.268,0.004,0.02));
#13387=CARTESIAN_POINT('',(0.268,0.00399999999999999,0.03));
#13388=CARTESIAN_POINT('',(0.268,-0.00600000000000001,0.03));
#13389=CARTESIAN_POINT('',(0.268,-0.00600000000000001,0.));
#13390=CARTESIAN_POINT('',(0.268,0.004,0.15));
#13391=CARTESIAN_POINT('',(0.268,0.00399999999999999,0.035));
#13392=CARTESIAN_POINT('',(0.268,0.00899999999999999,0.035));
#13393=CARTESIAN_POINT('',(0.268,0.00899999999999999,0.03));
#13394=CARTESIAN_POINT('',(0.268,-0.00600000000000001,0.03));
#13395=CARTESIAN_POINT('',(0.232,0.03,0.15));
#13396=CARTESIAN_POINT('',(0.232,0.009,-0.035));
#13397=CARTESIAN_POINT('',(0.232,0.00399999999999999,-0.035));
#13398=CARTESIAN_POINT('',(0.232,0.00899999999999999,-0.03));
#13399=CARTESIAN_POINT('',(0.232,0.03,-0.03));
#13400=CARTESIAN_POINT('',(0.232,0.03,-0.03));
#13401=CARTESIAN_POINT('',(0.232,0.03,0.15));
#13402=CARTESIAN_POINT('',(0.232,0.03,-0.02));
#13403=CARTESIAN_POINT('',(0.232,0.03,-0.02));
#13404=CARTESIAN_POINT('',(0.232,0.00399999999999999,-0.02));
#13405=CARTESIAN_POINT('',(0.232,0.00399999999999999,-0.03));
#13406=CARTESIAN_POINT('',(0.232,0.00399999999999998,0.15));
#13407=CARTESIAN_POINT('',(0.232,0.03,0.15));
#13408=CARTESIAN_POINT('',(0.232,0.00399999999999999,0.03));
#13409=CARTESIAN_POINT('',(0.232,0.004,0.02));
#13410=CARTESIAN_POINT('',(0.232,-0.00600000000000001,0.03));
#13411=CARTESIAN_POINT('',(0.232,0.03,0.02));
#13412=CARTESIAN_POINT('',(0.232,0.03,0.02));
#13413=CARTESIAN_POINT('',(0.232,0.03,0.15));
#13414=CARTESIAN_POINT('',(0.232,0.03,0.03));
#13415=CARTESIAN_POINT('',(0.232,0.03,0.03));
#13416=CARTESIAN_POINT('',(0.232,0.00899999999999999,0.03));
#13417=CARTESIAN_POINT('',(0.232,0.00899999999999999,0.035));
#13418=CARTESIAN_POINT('',(0.232,0.00399999999999999,0.035));
#13419=CARTESIAN_POINT('',(0.232,0.00399999999999999,0.15));
#13420=CARTESIAN_POINT('',(0.232,-0.00600000000000001,0.));
#13421=CARTESIAN_POINT('',(0.268,0.03,0.15));
#13422=CARTESIAN_POINT('',(0.268,0.03,-0.03));
#13423=CARTESIAN_POINT('',(0.268,0.03,-0.02));
#13424=CARTESIAN_POINT('',(0.268,0.03,0.15));
#13425=CARTESIAN_POINT('',(0.268,0.03,0.02));
#13426=CARTESIAN_POINT('',(0.268,0.03,0.03));
#13427=CARTESIAN_POINT('',(0.318,-0.00600000000000001,0.15));
#13428=CARTESIAN_POINT('',(0.318,0.03,0.15));
#13429=CARTESIAN_POINT('',(0.318,0.03,-0.02));
#13430=CARTESIAN_POINT('',(0.318,0.03,-0.03));
#13431=CARTESIAN_POINT('',(0.318,-0.00600000000000001,-0.03));
#13432=CARTESIAN_POINT('',(0.318,0.00899999999999999,-0.03));
#13433=CARTESIAN_POINT('',(0.318,0.009,-0.035));
#13434=CARTESIAN_POINT('',(0.318,0.00399999999999999,-0.035));
#13435=CARTESIAN_POINT('',(0.318,0.00399999999999998,0.15));
#13436=CARTESIAN_POINT('',(0.318,0.00399999999999999,-0.03));
#13437=CARTESIAN_POINT('',(0.318,0.00399999999999999,-0.02));
#13438=CARTESIAN_POINT('',(0.318,-0.00599999999999998,-0.02));
#13439=CARTESIAN_POINT('',(0.318,-0.00600000000000001,0.15));
#13440=CARTESIAN_POINT('',(0.318,0.03,0.15));
#13441=CARTESIAN_POINT('',(0.318,0.03,0.03));
#13442=CARTESIAN_POINT('',(0.318,0.03,0.02));
#13443=CARTESIAN_POINT('',(0.318,-0.00599999999999996,0.02));
#13444=CARTESIAN_POINT('',(0.318,0.004,0.02));
#13445=CARTESIAN_POINT('',(0.318,0.00399999999999999,0.03));
#13446=CARTESIAN_POINT('',(0.318,-0.00600000000000001,0.03));
#13447=CARTESIAN_POINT('',(0.318,-0.00600000000000001,0.));
#13448=CARTESIAN_POINT('',(0.318,0.004,0.15));
#13449=CARTESIAN_POINT('',(0.318,0.00399999999999999,0.035));
#13450=CARTESIAN_POINT('',(0.318,0.00899999999999999,0.035));
#13451=CARTESIAN_POINT('',(0.318,0.00899999999999999,0.03));
#13452=CARTESIAN_POINT('',(0.318,-0.00600000000000001,0.03));
#13453=CARTESIAN_POINT('',(0.282,0.03,0.15));
#13454=CARTESIAN_POINT('',(0.282,0.009,-0.035));
#13455=CARTESIAN_POINT('',(0.282,0.00399999999999999,-0.035));
#13456=CARTESIAN_POINT('',(0.282,0.00899999999999999,-0.03));
#13457=CARTESIAN_POINT('',(0.282,0.03,-0.03));
#13458=CARTESIAN_POINT('',(0.282,0.03,-0.03));
#13459=CARTESIAN_POINT('',(0.282,0.03,0.15));
#13460=CARTESIAN_POINT('',(0.282,0.03,-0.02));
#13461=CARTESIAN_POINT('',(0.282,0.03,-0.02));
#13462=CARTESIAN_POINT('',(0.282,0.00399999999999999,-0.02));
#13463=CARTESIAN_POINT('',(0.282,0.00399999999999999,-0.03));
#13464=CARTESIAN_POINT('',(0.282,0.00399999999999998,0.15));
#13465=CARTESIAN_POINT('',(0.282,0.03,0.15));
#13466=CARTESIAN_POINT('',(0.282,0.00399999999999999,0.03));
#13467=CARTESIAN_POINT('',(0.282,0.004,0.02));
#13468=CARTESIAN_POINT('',(0.282,-0.00600000000000001,0.03));
#13469=CARTESIAN_POINT('',(0.282,0.03,0.02));
#13470=CARTESIAN_POINT('',(0.282,0.03,0.02));
#13471=CARTESIAN_POINT('',(0.282,0.03,0.15));
#13472=CARTESIAN_POINT('',(0.282,0.03,0.03));
#13473=CARTESIAN_POINT('',(0.282,0.03,0.03));
#13474=CARTESIAN_POINT('',(0.282,0.00899999999999999,0.03));
#13475=CARTESIAN_POINT('',(0.282,0.00899999999999999,0.035));
#13476=CARTESIAN_POINT('',(0.282,0.00399999999999999,0.035));
#13477=CARTESIAN_POINT('',(0.282,0.00399999999999999,0.15));
#13478=CARTESIAN_POINT('',(0.282,-0.00600000000000001,0.));
#13479=CARTESIAN_POINT('',(0.318,0.03,0.15));
#13480=CARTESIAN_POINT('',(0.318,0.03,-0.03));
#13481=CARTESIAN_POINT('',(0.318,0.03,-0.02));
#13482=CARTESIAN_POINT('',(0.318,0.03,0.15));
#13483=CARTESIAN_POINT('',(0.318,0.03,0.02));
#13484=CARTESIAN_POINT('',(0.318,0.03,0.03));
#13485=CARTESIAN_POINT('',(0.368,-0.00600000000000001,0.15));
#13486=CARTESIAN_POINT('',(0.368,0.03,0.15));
#13487=CARTESIAN_POINT('',(0.368,0.03,-0.02));
#13488=CARTESIAN_POINT('',(0.368,0.03,-0.03));
#13489=CARTESIAN_POINT('',(0.368,-0.00600000000000001,-0.03));
#13490=CARTESIAN_POINT('',(0.368,0.00899999999999999,-0.03));
#13491=CARTESIAN_POINT('',(0.368,0.009,-0.035));
#13492=CARTESIAN_POINT('',(0.368,0.00399999999999999,-0.035));
#13493=CARTESIAN_POINT('',(0.368,0.00399999999999998,0.15));
#13494=CARTESIAN_POINT('',(0.368,0.00399999999999999,-0.03));
#13495=CARTESIAN_POINT('',(0.368,0.00399999999999999,-0.02));
#13496=CARTESIAN_POINT('',(0.368,-0.00599999999999998,-0.02));
#13497=CARTESIAN_POINT('',(0.368,-0.00600000000000001,0.15));
#13498=CARTESIAN_POINT('',(0.368,0.03,0.15));
#13499=CARTESIAN_POINT('',(0.368,0.03,0.03));
#13500=CARTESIAN_POINT('',(0.368,0.03,0.02));
#13501=CARTESIAN_POINT('',(0.368,-0.00599999999999996,0.02));
#13502=CARTESIAN_POINT('',(0.368,0.004,0.02));
#13503=CARTESIAN_POINT('',(0.368,0.00399999999999999,0.03));
#13504=CARTESIAN_POINT('',(0.368,-0.00600000000000001,0.03));
#13505=CARTESIAN_POINT('',(0.368,-0.00600000000000001,0.));
#13506=CARTESIAN_POINT('',(0.368,0.004,0.15));
#13507=CARTESIAN_POINT('',(0.368,0.00399999999999999,0.035));
#13508=CARTESIAN_POINT('',(0.368,0.00899999999999999,0.035));
#13509=CARTESIAN_POINT('',(0.368,0.00899999999999999,0.03));
#13510=CARTESIAN_POINT('',(0.368,-0.00600000000000001,0.03));
#13511=CARTESIAN_POINT('',(0.332,0.03,0.15));
#13512=CARTESIAN_POINT('',(0.332,0.009,-0.035));
#13513=CARTESIAN_POINT('',(0.332,0.00399999999999999,-0.035));
#13514=CARTESIAN_POINT('',(0.332,0.00899999999999999,-0.03));
#13515=CARTESIAN_POINT('',(0.332,0.03,-0.03));
#13516=CARTESIAN_POINT('',(0.332,0.03,-0.03));
#13517=CARTESIAN_POINT('',(0.332,0.03,0.15));
#13518=CARTESIAN_POINT('',(0.332,0.03,-0.02));
#13519=CARTESIAN_POINT('',(0.332,0.03,-0.02));
#13520=CARTESIAN_POINT('',(0.332,0.00399999999999999,-0.02));
#13521=CARTESIAN_POINT('',(0.332,0.00399999999999999,-0.03));
#13522=CARTESIAN_POINT('',(0.332,0.00399999999999998,0.15));
#13523=CARTESIAN_POINT('',(0.332,0.03,0.15));
#13524=CARTESIAN_POINT('',(0.332,0.00399999999999999,0.03));
#13525=CARTESIAN_POINT('',(0.332,0.004,0.02));
#13526=CARTESIAN_POINT('',(0.332,-0.00600000000000001,0.03));
#13527=CARTESIAN_POINT('',(0.332,0.03,0.02));
#13528=CARTESIAN_POINT('',(0.332,0.03,0.02));
#13529=CARTESIAN_POINT('',(0.332,0.03,0.15));
#13530=CARTESIAN_POINT('',(0.332,0.03,0.03));
#13531=CARTESIAN_POINT('',(0.332,0.03,0.03));
#13532=CARTESIAN_POINT('',(0.332,0.00899999999999999,0.03));
#13533=CARTESIAN_POINT('',(0.332,0.00899999999999999,0.035));
#13534=CARTESIAN_POINT('',(0.332,0.00399999999999999,0.035));
#13535=CARTESIAN_POINT('',(0.332,0.00399999999999999,0.15));
#13536=CARTESIAN_POINT('',(0.332,-0.00600000000000001,0.));
#13537=CARTESIAN_POINT('',(0.368,0.03,0.15));
#13538=CARTESIAN_POINT('',(0.368,0.03,-0.03));
#13539=CARTESIAN_POINT('',(0.368,0.03,-0.02));
#13540=CARTESIAN_POINT('',(0.368,0.03,0.15));
#13541=CARTESIAN_POINT('',(0.368,0.03,0.02));
#13542=CARTESIAN_POINT('',(0.368,0.03,0.03));
#13543=CARTESIAN_POINT('',(0.418,-0.00600000000000001,0.15));
#13544=CARTESIAN_POINT('',(0.418,0.03,0.15));
#13545=CARTESIAN_POINT('',(0.418,0.03,-0.02));
#13546=CARTESIAN_POINT('',(0.418,0.03,-0.03));
#13547=CARTESIAN_POINT('',(0.418,-0.00600000000000001,-0.03));
#13548=CARTESIAN_POINT('',(0.418,0.00899999999999999,-0.03));
#13549=CARTESIAN_POINT('',(0.418,0.009,-0.035));
#13550=CARTESIAN_POINT('',(0.418,0.00399999999999999,-0.035));
#13551=CARTESIAN_POINT('',(0.418,0.00399999999999998,0.15));
#13552=CARTESIAN_POINT('',(0.418,0.00399999999999999,-0.03));
#13553=CARTESIAN_POINT('',(0.418,0.00399999999999999,-0.02));
#13554=CARTESIAN_POINT('',(0.418,-0.00599999999999998,-0.02));
#13555=CARTESIAN_POINT('',(0.418,-0.00600000000000001,0.15));
#13556=CARTESIAN_POINT('',(0.418,0.03,0.15));
#13557=CARTESIAN_POINT('',(0.418,0.03,0.03));
#13558=CARTESIAN_POINT('',(0.418,0.03,0.02));
#13559=CARTESIAN_POINT('',(0.418,-0.00599999999999996,0.02));
#13560=CARTESIAN_POINT('',(0.418,0.004,0.02));
#13561=CARTESIAN_POINT('',(0.418,0.00399999999999999,0.03));
#13562=CARTESIAN_POINT('',(0.418,-0.00600000000000001,0.03));
#13563=CARTESIAN_POINT('',(0.418,-0.00600000000000001,0.));
#13564=CARTESIAN_POINT('',(0.418,0.004,0.15));
#13565=CARTESIAN_POINT('',(0.418,0.00399999999999999,0.035));
#13566=CARTESIAN_POINT('',(0.418,0.00899999999999999,0.035));
#13567=CARTESIAN_POINT('',(0.418,0.00899999999999999,0.03));
#13568=CARTESIAN_POINT('',(0.418,-0.00600000000000001,0.03));
#13569=CARTESIAN_POINT('',(0.382,0.03,0.15));
#13570=CARTESIAN_POINT('',(0.382,0.009,-0.035));
#13571=CARTESIAN_POINT('',(0.382,0.00399999999999999,-0.035));
#13572=CARTESIAN_POINT('',(0.382,0.00899999999999999,-0.03));
#13573=CARTESIAN_POINT('',(0.382,0.03,-0.03));
#13574=CARTESIAN_POINT('',(0.382,0.03,-0.03));
#13575=CARTESIAN_POINT('',(0.382,0.03,0.15));
#13576=CARTESIAN_POINT('',(0.382,0.03,-0.02));
#13577=CARTESIAN_POINT('',(0.382,0.03,-0.02));
#13578=CARTESIAN_POINT('',(0.382,0.00399999999999999,-0.02));
#13579=CARTESIAN_POINT('',(0.382,0.00399999999999999,-0.03));
#13580=CARTESIAN_POINT('',(0.382,0.00399999999999998,0.15));
#13581=CARTESIAN_POINT('',(0.382,0.03,0.15));
#13582=CARTESIAN_POINT('',(0.382,0.00399999999999999,0.03));
#13583=CARTESIAN_POINT('',(0.382,0.004,0.02));
#13584=CARTESIAN_POINT('',(0.382,-0.00600000000000001,0.03));
#13585=CARTESIAN_POINT('',(0.382,0.03,0.02));
#13586=CARTESIAN_POINT('',(0.382,0.03,0.02));
#13587=CARTESIAN_POINT('',(0.382,0.03,0.15));
#13588=CARTESIAN_POINT('',(0.382,0.03,0.03));
#13589=CARTESIAN_POINT('',(0.382,0.03,0.03));
#13590=CARTESIAN_POINT('',(0.382,0.00899999999999999,0.03));
#13591=CARTESIAN_POINT('',(0.382,0.00899999999999999,0.035));
#13592=CARTESIAN_POINT('',(0.382,0.00399999999999999,0.035));
#13593=CARTESIAN_POINT('',(0.382,0.00399999999999999,0.15));
#13594=CARTESIAN_POINT('',(0.382,-0.00600000000000001,0.));
#13595=CARTESIAN_POINT('',(0.418,0.03,0.15));
#13596=CARTESIAN_POINT('',(0.418,0.03,-0.03));
#13597=CARTESIAN_POINT('',(0.418,0.03,-0.02));
#13598=CARTESIAN_POINT('',(0.418,0.03,0.15));
#13599=CARTESIAN_POINT('',(0.418,0.03,0.02));
#13600=CARTESIAN_POINT('',(0.418,0.03,0.03));
#13601=CARTESIAN_POINT('',(0.468,-0.00600000000000001,0.15));
#13602=CARTESIAN_POINT('',(0.468,0.03,0.15));
#13603=CARTESIAN_POINT('',(0.468,0.03,-0.02));
#13604=CARTESIAN_POINT('',(0.468,0.03,-0.03));
#13605=CARTESIAN_POINT('',(0.468,-0.00600000000000001,-0.03));
#13606=CARTESIAN_POINT('',(0.468,0.00899999999999999,-0.03));
#13607=CARTESIAN_POINT('',(0.468,0.009,-0.035));
#13608=CARTESIAN_POINT('',(0.468,0.00399999999999999,-0.035));
#13609=CARTESIAN_POINT('',(0.468,0.00399999999999998,0.15));
#13610=CARTESIAN_POINT('',(0.468,0.00399999999999999,-0.03));
#13611=CARTESIAN_POINT('',(0.468,0.00399999999999999,-0.02));
#13612=CARTESIAN_POINT('',(0.468,-0.00599999999999998,-0.02));
#13613=CARTESIAN_POINT('',(0.468,-0.00600000000000001,0.15));
#13614=CARTESIAN_POINT('',(0.468,0.03,0.15));
#13615=CARTESIAN_POINT('',(0.468,0.03,0.03));
#13616=CARTESIAN_POINT('',(0.468,0.03,0.02));
#13617=CARTESIAN_POINT('',(0.468,-0.00599999999999996,0.02));
#13618=CARTESIAN_POINT('',(0.468,0.004,0.02));
#13619=CARTESIAN_POINT('',(0.468,0.00399999999999999,0.03));
#13620=CARTESIAN_POINT('',(0.468,-0.00600000000000001,0.03));
#13621=CARTESIAN_POINT('',(0.468,-0.00600000000000001,0.));
#13622=CARTESIAN_POINT('',(0.468,0.004,0.15));
#13623=CARTESIAN_POINT('',(0.468,0.00399999999999999,0.035));
#13624=CARTESIAN_POINT('',(0.468,0.00899999999999999,0.035));
#13625=CARTESIAN_POINT('',(0.468,0.00899999999999999,0.03));
#13626=CARTESIAN_POINT('',(0.468,-0.00600000000000001,0.03));
#13627=CARTESIAN_POINT('',(0.432,0.03,0.15));
#13628=CARTESIAN_POINT('',(0.432,0.009,-0.035));
#13629=CARTESIAN_POINT('',(0.432,0.00399999999999999,-0.035));
#13630=CARTESIAN_POINT('',(0.432,0.00899999999999999,-0.03));
#13631=CARTESIAN_POINT('',(0.432,0.03,-0.03));
#13632=CARTESIAN_POINT('',(0.432,0.03,-0.03));
#13633=CARTESIAN_POINT('',(0.432,0.03,0.15));
#13634=CARTESIAN_POINT('',(0.432,0.03,-0.02));
#13635=CARTESIAN_POINT('',(0.432,0.03,-0.02));
#13636=CARTESIAN_POINT('',(0.432,0.00399999999999999,-0.02));
#13637=CARTESIAN_POINT('',(0.432,0.00399999999999999,-0.03));
#13638=CARTESIAN_POINT('',(0.432,0.00399999999999998,0.15));
#13639=CARTESIAN_POINT('',(0.432,0.03,0.15));
#13640=CARTESIAN_POINT('',(0.432,0.00399999999999999,0.03));
#13641=CARTESIAN_POINT('',(0.432,0.004,0.02));
#13642=CARTESIAN_POINT('',(0.432,-0.00600000000000001,0.03));
#13643=CARTESIAN_POINT('',(0.432,0.03,0.02));
#13644=CARTESIAN_POINT('',(0.432,0.03,0.02));
#13645=CARTESIAN_POINT('',(0.432,0.03,0.15));
#13646=CARTESIAN_POINT('',(0.432,0.03,0.03));
#13647=CARTESIAN_POINT('',(0.432,0.03,0.03));
#13648=CARTESIAN_POINT('',(0.432,0.00899999999999999,0.03));
#13649=CARTESIAN_POINT('',(0.432,0.00899999999999999,0.035));
#13650=CARTESIAN_POINT('',(0.432,0.00399999999999999,0.035));
#13651=CARTESIAN_POINT('',(0.432,0.00399999999999999,0.15));
#13652=CARTESIAN_POINT('',(0.432,-0.00600000000000001,0.));
#13653=CARTESIAN_POINT('',(0.468,0.03,0.15));
#13654=CARTESIAN_POINT('',(0.468,0.03,-0.03));
#13655=CARTESIAN_POINT('',(0.468,0.03,-0.02));
#13656=CARTESIAN_POINT('',(0.468,0.03,0.15));
#13657=CARTESIAN_POINT('',(0.468,0.03,0.02));
#13658=CARTESIAN_POINT('',(0.468,0.03,0.03));
#13659=CARTESIAN_POINT('',(0.518,0.03,0.15));
#13660=CARTESIAN_POINT('',(0.482,0.03,0.15));
#13661=CARTESIAN_POINT('',(0.482,0.03,-0.02));
#13662=CARTESIAN_POINT('',(0.482,0.03,-0.03));
#13663=CARTESIAN_POINT('',(0.518,0.03,-0.03));
#13664=CARTESIAN_POINT('',(0.518,0.03,-0.02));
#13665=CARTESIAN_POINT('',(0.518,0.03,0.15));
#13666=CARTESIAN_POINT('',(0.482,0.03,0.15));
#13667=CARTESIAN_POINT('',(0.482,0.03,0.03));
#13668=CARTESIAN_POINT('',(0.482,0.03,0.02));
#13669=CARTESIAN_POINT('',(0.518,0.03,0.02));
#13670=CARTESIAN_POINT('',(0.518,0.03,0.03));
#13671=CARTESIAN_POINT('',(0.482,0.03,0.15));
#13672=CARTESIAN_POINT('',(0.482,0.009,-0.035));
#13673=CARTESIAN_POINT('',(0.482,0.00399999999999999,-0.035));
#13674=CARTESIAN_POINT('',(0.482,0.00899999999999999,-0.03));
#13675=CARTESIAN_POINT('',(0.482,0.03,-0.03));
#13676=CARTESIAN_POINT('',(0.482,0.03,-0.02));
#13677=CARTESIAN_POINT('',(0.482,0.00399999999999999,-0.02));
#13678=CARTESIAN_POINT('',(0.482,0.00399999999999999,-0.03));
#13679=CARTESIAN_POINT('',(0.482,0.00399999999999998,0.15));
#13680=CARTESIAN_POINT('',(0.482,0.03,0.15));
#13681=CARTESIAN_POINT('',(0.482,0.00399999999999999,0.03));
#13682=CARTESIAN_POINT('',(0.482,0.00399999999999999,0.02));
#13683=CARTESIAN_POINT('',(0.482,-0.00600000000000001,0.03));
#13684=CARTESIAN_POINT('',(0.482,0.03,0.02));
#13685=CARTESIAN_POINT('',(0.482,0.03,0.03));
#13686=CARTESIAN_POINT('',(0.482,0.00899999999999999,0.03));
#13687=CARTESIAN_POINT('',(0.482,0.00899999999999999,0.035));
#13688=CARTESIAN_POINT('',(0.482,0.00399999999999999,0.035));
#13689=CARTESIAN_POINT('',(0.482,0.00399999999999999,0.15));
#13690=CARTESIAN_POINT('',(0.482,-0.00600000000000001,0.));
#13691=CARTESIAN_POINT('',(0.,-0.00600000000000001,0.));
#13692=CARTESIAN_POINT('',(0.5,-0.00600000000000001,0.03));
#13693=CARTESIAN_POINT('',(0.,-0.00600000000000001,0.));
#13694=CARTESIAN_POINT('',(0.5,-0.00600000000000001,0.03));
#13695=CARTESIAN_POINT('',(0.,-0.00600000000000001,0.));
#13696=CARTESIAN_POINT('',(0.5,-0.00600000000000001,0.03));
#13697=CARTESIAN_POINT('',(0.,-0.00600000000000001,0.));
#13698=CARTESIAN_POINT('',(0.5,-0.00600000000000001,0.03));
#13699=CARTESIAN_POINT('',(0.,-0.00600000000000001,0.));
#13700=CARTESIAN_POINT('',(0.5,-0.00600000000000001,0.03));
#13701=CARTESIAN_POINT('',(0.,-0.00600000000000001,0.));
#13702=CARTESIAN_POINT('',(0.5,-0.00600000000000001,0.03));
#13703=CARTESIAN_POINT('',(0.,-0.00600000000000001,0.));
#13704=CARTESIAN_POINT('',(0.5,-0.00600000000000001,0.03));
#13705=CARTESIAN_POINT('',(0.,-0.00600000000000001,0.));
#13706=CARTESIAN_POINT('',(0.5,-0.00600000000000001,0.03));
#13707=CARTESIAN_POINT('',(0.,-0.00600000000000001,0.));
#13708=CARTESIAN_POINT('',(0.5,-0.00600000000000001,0.03));
#13709=CARTESIAN_POINT('',(0.,-0.00600000000000001,0.));
#13710=CARTESIAN_POINT('',(0.5,-0.00600000000000001,0.03));
#13711=CARTESIAN_POINT('',(0.,-0.00600000000000001,0.));
#13712=CARTESIAN_POINT('',(0.5,-0.00600000000000001,0.03));
#13713=CARTESIAN_POINT('',(0.,-0.00600000000000001,0.));
#13714=CARTESIAN_POINT('',(0.5,-0.00600000000000001,0.03));
#13715=CARTESIAN_POINT('',(0.,-0.00600000000000001,0.));
#13716=CARTESIAN_POINT('',(0.5,-0.00600000000000001,0.03));
#13717=CARTESIAN_POINT('',(0.,-0.00600000000000001,0.));
#13718=CARTESIAN_POINT('',(0.5,-0.00600000000000001,0.03));
#13719=CARTESIAN_POINT('',(0.,-0.00600000000000001,0.));
#13720=CARTESIAN_POINT('',(0.5,-0.00600000000000001,0.03));
#13721=CARTESIAN_POINT('',(0.,-0.00600000000000001,0.));
#13722=CARTESIAN_POINT('',(0.5,-0.00600000000000001,0.03));
#13723=CARTESIAN_POINT('',(0.,-0.00600000000000001,0.));
#13724=CARTESIAN_POINT('',(0.5,-0.00600000000000001,0.03));
#13725=CARTESIAN_POINT('',(0.,-0.00600000000000001,0.));
#13726=CARTESIAN_POINT('',(0.5,-0.00600000000000001,0.03));
#13727=CARTESIAN_POINT('',(0.,-0.00600000000000001,0.));
#13728=CARTESIAN_POINT('',(0.5,-0.00600000000000001,0.03));
#13729=CARTESIAN_POINT('',(0.,-0.00600000000000001,0.));
#13730=CARTESIAN_POINT('',(0.5,-0.00600000000000001,0.03));
#13731=CARTESIAN_POINT('',(0.5,0.00899999999999999,0.03));
#13732=CARTESIAN_POINT('',(0.5,0.00899999999999999,0.03));
#13733=CARTESIAN_POINT('',(0.5,0.00899999999999999,0.03));
#13734=CARTESIAN_POINT('',(0.5,0.00899999999999999,0.03));
#13735=CARTESIAN_POINT('',(0.5,0.00899999999999999,0.03));
#13736=CARTESIAN_POINT('',(0.5,0.00899999999999999,0.03));
#13737=CARTESIAN_POINT('',(0.5,0.00899999999999999,0.03));
#13738=CARTESIAN_POINT('',(0.5,0.00899999999999999,0.03));
#13739=CARTESIAN_POINT('',(0.5,0.00899999999999999,0.03));
#13740=CARTESIAN_POINT('',(0.5,0.00899999999999999,0.03));
#13741=CARTESIAN_POINT('',(0.5,0.00899999999999999,0.03));
#13742=CARTESIAN_POINT('',(0.5,0.00899999999999999,0.03));
#13743=CARTESIAN_POINT('',(0.5,0.00899999999999999,0.03));
#13744=CARTESIAN_POINT('',(0.5,0.00899999999999999,0.03));
#13745=CARTESIAN_POINT('',(0.5,0.00899999999999999,0.03));
#13746=CARTESIAN_POINT('',(0.5,0.00899999999999999,0.03));
#13747=CARTESIAN_POINT('',(0.5,0.00899999999999999,0.03));
#13748=CARTESIAN_POINT('',(0.5,0.00899999999999999,0.03));
#13749=CARTESIAN_POINT('',(0.5,0.00899999999999999,0.03));
#13750=CARTESIAN_POINT('',(0.5,0.00899999999999999,0.03));
#13751=CARTESIAN_POINT('',(0.5,0.00899999999999999,0.03));
#13752=CARTESIAN_POINT('',(0.5,0.031,0.03));
#13753=CARTESIAN_POINT('',(0.5,0.00899999999999999,0.035));
#13754=CARTESIAN_POINT('',(0.5,0.00399999999999999,0.035));
#13755=CARTESIAN_POINT('',(0.5,0.00399999999999999,0.125));
#13756=CARTESIAN_POINT('',(0.5,0.00899999999999999,0.035));
#13757=CARTESIAN_POINT('',(0.5,0.00399999999999999,0.035));
#13758=CARTESIAN_POINT('',(0.5,0.00399999999999999,0.125));
#13759=CARTESIAN_POINT('',(0.5,0.00899999999999999,0.035));
#13760=CARTESIAN_POINT('',(0.5,0.00399999999999999,0.035));
#13761=CARTESIAN_POINT('',(0.5,0.00399999999999999,0.125));
#13762=CARTESIAN_POINT('',(0.5,0.00899999999999999,0.035));
#13763=CARTESIAN_POINT('',(0.5,0.00399999999999999,0.035));
#13764=CARTESIAN_POINT('',(0.5,0.00399999999999999,0.125));
#13765=CARTESIAN_POINT('',(0.5,0.00899999999999999,0.035));
#13766=CARTESIAN_POINT('',(0.5,0.00399999999999999,0.035));
#13767=CARTESIAN_POINT('',(0.5,0.00399999999999999,0.125));
#13768=CARTESIAN_POINT('',(0.5,0.00899999999999999,0.035));
#13769=CARTESIAN_POINT('',(0.5,0.00399999999999999,0.035));
#13770=CARTESIAN_POINT('',(0.5,0.00399999999999999,0.125));
#13771=CARTESIAN_POINT('',(0.5,0.00899999999999999,0.035));
#13772=CARTESIAN_POINT('',(0.5,0.00399999999999999,0.035));
#13773=CARTESIAN_POINT('',(0.5,0.00399999999999999,0.125));
#13774=CARTESIAN_POINT('',(0.5,0.00899999999999999,0.035));
#13775=CARTESIAN_POINT('',(0.5,0.00399999999999999,0.035));
#13776=CARTESIAN_POINT('',(0.5,0.00399999999999999,0.125));
#13777=CARTESIAN_POINT('',(0.5,0.00899999999999999,0.035));
#13778=CARTESIAN_POINT('',(0.5,0.00399999999999999,0.035));
#13779=CARTESIAN_POINT('',(0.5,0.00399999999999999,0.125));
#13780=CARTESIAN_POINT('',(0.5,0.00899999999999999,0.035));
#13781=CARTESIAN_POINT('',(0.5,0.00399999999999999,0.035));
#13782=CARTESIAN_POINT('',(0.5,0.00399999999999999,0.125));
#13783=CARTESIAN_POINT('',(0.5,0.00899999999999999,0.035));
#13784=CARTESIAN_POINT('',(0.5,0.00399999999999999,0.035));
#13785=CARTESIAN_POINT('',(0.5,0.00399999999999999,0.125));
#13786=CARTESIAN_POINT('',(0.5,0.00899999999999999,0.035));
#13787=CARTESIAN_POINT('',(0.5,0.00399999999999999,0.035));
#13788=CARTESIAN_POINT('',(0.5,0.00399999999999999,0.125));
#13789=CARTESIAN_POINT('',(0.5,0.00899999999999999,0.035));
#13790=CARTESIAN_POINT('',(0.5,0.00399999999999999,0.035));
#13791=CARTESIAN_POINT('',(0.5,0.00399999999999999,0.125));
#13792=CARTESIAN_POINT('',(0.5,0.00899999999999999,0.035));
#13793=CARTESIAN_POINT('',(0.5,0.00399999999999999,0.035));
#13794=CARTESIAN_POINT('',(0.5,0.00399999999999999,0.125));
#13795=CARTESIAN_POINT('',(0.5,0.00899999999999999,0.035));
#13796=CARTESIAN_POINT('',(0.5,0.00399999999999999,0.035));
#13797=CARTESIAN_POINT('',(0.5,0.00399999999999999,0.125));
#13798=CARTESIAN_POINT('',(0.5,0.00899999999999999,0.035));
#13799=CARTESIAN_POINT('',(0.5,0.00399999999999999,0.035));
#13800=CARTESIAN_POINT('',(0.5,0.00399999999999999,0.125));
#13801=CARTESIAN_POINT('',(0.5,0.00899999999999999,0.035));
#13802=CARTESIAN_POINT('',(0.5,0.00399999999999999,0.035));
#13803=CARTESIAN_POINT('',(0.5,0.00399999999999999,0.125));
#13804=CARTESIAN_POINT('',(0.5,0.00899999999999999,0.035));
#13805=CARTESIAN_POINT('',(0.5,0.00399999999999999,0.035));
#13806=CARTESIAN_POINT('',(0.5,0.00399999999999999,0.125));
#13807=CARTESIAN_POINT('',(0.5,0.00899999999999999,0.035));
#13808=CARTESIAN_POINT('',(0.5,0.00399999999999999,0.035));
#13809=CARTESIAN_POINT('',(0.5,0.00399999999999999,0.125));
#13810=CARTESIAN_POINT('',(0.5,0.00899999999999999,0.035));
#13811=CARTESIAN_POINT('',(0.5,0.00399999999999999,0.035));
#13812=CARTESIAN_POINT('',(0.5,0.00399999999999999,0.125));
#13813=CARTESIAN_POINT('',(0.5,0.031,0.03));
#13814=CARTESIAN_POINT('',(0.5,0.00399999999999999,-0.02));
#13815=CARTESIAN_POINT('',(0.5,0.00399999999999999,-0.02));
#13816=CARTESIAN_POINT('',(0.5,0.00399999999999999,-0.02));
#13817=CARTESIAN_POINT('',(0.5,0.00399999999999999,-0.02));
#13818=CARTESIAN_POINT('',(0.5,0.00399999999999999,-0.02));
#13819=CARTESIAN_POINT('',(0.5,0.00399999999999999,-0.02));
#13820=CARTESIAN_POINT('',(0.5,0.00399999999999999,-0.02));
#13821=CARTESIAN_POINT('',(0.5,0.00399999999999999,-0.02));
#13822=CARTESIAN_POINT('',(0.5,0.00399999999999999,-0.02));
#13823=CARTESIAN_POINT('',(0.5,0.00399999999999999,-0.02));
#13824=CARTESIAN_POINT('',(0.5,0.00399999999999999,-0.02));
#13825=CARTESIAN_POINT('',(0.5,0.00399999999999999,-0.02));
#13826=CARTESIAN_POINT('',(0.5,0.00399999999999999,-0.02));
#13827=CARTESIAN_POINT('',(0.5,0.00399999999999999,-0.02));
#13828=CARTESIAN_POINT('',(0.5,0.00399999999999999,-0.02));
#13829=CARTESIAN_POINT('',(0.5,0.00399999999999999,-0.02));
#13830=CARTESIAN_POINT('',(0.5,0.00399999999999999,-0.02));
#13831=CARTESIAN_POINT('',(0.5,0.00399999999999999,-0.02));
#13832=CARTESIAN_POINT('',(0.5,0.00399999999999999,-0.02));
#13833=CARTESIAN_POINT('',(0.5,0.00399999999999999,-0.02));
#13834=CARTESIAN_POINT('',(0.5,0.00399999999999999,-0.02));
#13835=CARTESIAN_POINT('',(0.5,0.031,-0.02));
#13836=CARTESIAN_POINT('',(0.5,0.00399999999999999,-0.03));
#13837=CARTESIAN_POINT('',(0.5,0.00399999999999999,-0.03));
#13838=CARTESIAN_POINT('',(0.5,0.00399999999999999,-0.03));
#13839=CARTESIAN_POINT('',(0.5,0.00399999999999999,-0.03));
#13840=CARTESIAN_POINT('',(0.5,0.00399999999999999,-0.03));
#13841=CARTESIAN_POINT('',(0.5,0.00399999999999999,-0.03));
#13842=CARTESIAN_POINT('',(0.5,0.00399999999999999,-0.03));
#13843=CARTESIAN_POINT('',(0.5,0.00399999999999999,-0.03));
#13844=CARTESIAN_POINT('',(0.5,0.00399999999999999,-0.03));
#13845=CARTESIAN_POINT('',(0.5,0.00399999999999999,-0.03));
#13846=CARTESIAN_POINT('',(0.5,0.00399999999999999,-0.03));
#13847=CARTESIAN_POINT('',(0.5,0.00399999999999999,-0.03));
#13848=CARTESIAN_POINT('',(0.5,0.00399999999999999,-0.03));
#13849=CARTESIAN_POINT('',(0.5,0.00399999999999999,-0.03));
#13850=CARTESIAN_POINT('',(0.5,0.00399999999999999,-0.03));
#13851=CARTESIAN_POINT('',(0.5,0.00399999999999999,-0.03));
#13852=CARTESIAN_POINT('',(0.5,0.00399999999999999,-0.03));
#13853=CARTESIAN_POINT('',(0.5,0.00399999999999999,-0.03));
#13854=CARTESIAN_POINT('',(0.5,0.00399999999999999,-0.03));
#13855=CARTESIAN_POINT('',(0.5,0.00399999999999999,-0.03));
#13856=CARTESIAN_POINT('',(0.5,0.00399999999999999,0.03));
#13857=CARTESIAN_POINT('',(0.5,0.004,0.02));
#13858=CARTESIAN_POINT('',(0.5,0.031,0.02));
#13859=CARTESIAN_POINT('',(0.5,0.031,0.02));
#13860=CARTESIAN_POINT('',(0.5,0.004,0.02));
#13861=CARTESIAN_POINT('',(0.5,0.004,0.02));
#13862=CARTESIAN_POINT('',(0.5,0.004,0.02));
#13863=CARTESIAN_POINT('',(0.5,0.004,0.02));
#13864=CARTESIAN_POINT('',(0.5,0.004,0.02));
#13865=CARTESIAN_POINT('',(0.5,0.004,0.02));
#13866=CARTESIAN_POINT('',(0.5,0.004,0.02));
#13867=CARTESIAN_POINT('',(0.5,0.004,0.02));
#13868=CARTESIAN_POINT('',(0.5,0.004,0.02));
#13869=CARTESIAN_POINT('',(0.5,0.004,0.02));
#13870=CARTESIAN_POINT('',(0.5,0.004,0.02));
#13871=CARTESIAN_POINT('',(0.5,0.004,0.02));
#13872=CARTESIAN_POINT('',(0.5,0.004,0.02));
#13873=CARTESIAN_POINT('',(0.5,0.004,0.02));
#13874=CARTESIAN_POINT('',(0.5,0.004,0.02));
#13875=CARTESIAN_POINT('',(0.5,0.004,0.02));
#13876=CARTESIAN_POINT('',(0.5,0.004,0.02));
#13877=CARTESIAN_POINT('',(0.5,0.004,0.02));
#13878=CARTESIAN_POINT('',(0.5,0.004,0.02));
#13879=CARTESIAN_POINT('',(0.5,0.00399999999999999,0.03));
#13880=CARTESIAN_POINT('',(0.5,0.00399999999999999,0.03));
#13881=CARTESIAN_POINT('',(0.5,0.00399999999999999,0.03));
#13882=CARTESIAN_POINT('',(0.5,0.00399999999999999,0.03));
#13883=CARTESIAN_POINT('',(0.5,0.00399999999999999,0.03));
#13884=CARTESIAN_POINT('',(0.5,0.00399999999999999,0.03));
#13885=CARTESIAN_POINT('',(0.5,0.00399999999999999,0.03));
#13886=CARTESIAN_POINT('',(0.5,0.00399999999999999,0.03));
#13887=CARTESIAN_POINT('',(0.5,0.00399999999999999,0.03));
#13888=CARTESIAN_POINT('',(0.5,0.00399999999999999,0.03));
#13889=CARTESIAN_POINT('',(0.5,0.00399999999999999,0.03));
#13890=CARTESIAN_POINT('',(0.5,0.00399999999999999,0.03));
#13891=CARTESIAN_POINT('',(0.5,0.00399999999999999,0.03));
#13892=CARTESIAN_POINT('',(0.5,0.00399999999999999,0.03));
#13893=CARTESIAN_POINT('',(0.5,0.00399999999999999,0.03));
#13894=CARTESIAN_POINT('',(0.5,0.00399999999999999,0.03));
#13895=CARTESIAN_POINT('',(0.5,0.00399999999999999,0.03));
#13896=CARTESIAN_POINT('',(0.5,0.00399999999999999,0.03));
#13897=CARTESIAN_POINT('',(0.5,0.00399999999999999,0.03));
#13898=CARTESIAN_POINT('',(0.5,0.031,-0.02));
#13899=CARTESIAN_POINT('',(0.5,0.009,-0.035));
#13900=CARTESIAN_POINT('',(0.5,0.00899999999999999,-0.03));
#13901=CARTESIAN_POINT('',(0.5,0.00399999999999999,-0.035));
#13902=CARTESIAN_POINT('',(0.5,0.009,-0.035));
#13903=CARTESIAN_POINT('',(0.5,0.00899999999999999,-0.03));
#13904=CARTESIAN_POINT('',(0.5,0.00399999999999999,-0.035));
#13905=CARTESIAN_POINT('',(0.5,0.009,-0.035));
#13906=CARTESIAN_POINT('',(0.5,0.00899999999999999,-0.03));
#13907=CARTESIAN_POINT('',(0.5,0.00399999999999999,-0.035));
#13908=CARTESIAN_POINT('',(0.5,0.009,-0.035));
#13909=CARTESIAN_POINT('',(0.5,0.00899999999999999,-0.03));
#13910=CARTESIAN_POINT('',(0.5,0.00399999999999999,-0.035));
#13911=CARTESIAN_POINT('',(0.5,0.009,-0.035));
#13912=CARTESIAN_POINT('',(0.5,0.00899999999999999,-0.03));
#13913=CARTESIAN_POINT('',(0.5,0.00399999999999999,-0.035));
#13914=CARTESIAN_POINT('',(0.5,0.009,-0.035));
#13915=CARTESIAN_POINT('',(0.5,0.00899999999999999,-0.03));
#13916=CARTESIAN_POINT('',(0.5,0.00399999999999999,-0.035));
#13917=CARTESIAN_POINT('',(0.5,0.009,-0.035));
#13918=CARTESIAN_POINT('',(0.5,0.00899999999999999,-0.03));
#13919=CARTESIAN_POINT('',(0.5,0.00399999999999999,-0.035));
#13920=CARTESIAN_POINT('',(0.5,0.009,-0.035));
#13921=CARTESIAN_POINT('',(0.5,0.00899999999999999,-0.03));
#13922=CARTESIAN_POINT('',(0.5,0.00399999999999999,-0.035));
#13923=CARTESIAN_POINT('',(0.5,0.009,-0.035));
#13924=CARTESIAN_POINT('',(0.5,0.00899999999999999,-0.03));
#13925=CARTESIAN_POINT('',(0.5,0.00399999999999999,-0.035));
#13926=CARTESIAN_POINT('',(0.5,0.009,-0.035));
#13927=CARTESIAN_POINT('',(0.5,0.00899999999999999,-0.03));
#13928=CARTESIAN_POINT('',(0.5,0.00399999999999999,-0.035));
#13929=CARTESIAN_POINT('',(0.5,0.009,-0.035));
#13930=CARTESIAN_POINT('',(0.5,0.00899999999999999,-0.03));
#13931=CARTESIAN_POINT('',(0.5,0.00399999999999999,-0.035));
#13932=CARTESIAN_POINT('',(0.5,0.009,-0.035));
#13933=CARTESIAN_POINT('',(0.5,0.00899999999999999,-0.03));
#13934=CARTESIAN_POINT('',(0.5,0.00399999999999999,-0.035));
#13935=CARTESIAN_POINT('',(0.5,0.009,-0.035));
#13936=CARTESIAN_POINT('',(0.5,0.00899999999999999,-0.03));
#13937=CARTESIAN_POINT('',(0.5,0.00399999999999999,-0.035));
#13938=CARTESIAN_POINT('',(0.5,0.009,-0.035));
#13939=CARTESIAN_POINT('',(0.5,0.00899999999999999,-0.03));
#13940=CARTESIAN_POINT('',(0.5,0.00399999999999999,-0.035));
#13941=CARTESIAN_POINT('',(0.5,0.009,-0.035));
#13942=CARTESIAN_POINT('',(0.5,0.00899999999999999,-0.03));
#13943=CARTESIAN_POINT('',(0.5,0.00399999999999999,-0.035));
#13944=CARTESIAN_POINT('',(0.5,0.009,-0.035));
#13945=CARTESIAN_POINT('',(0.5,0.00899999999999999,-0.03));
#13946=CARTESIAN_POINT('',(0.5,0.00399999999999999,-0.035));
#13947=CARTESIAN_POINT('',(0.5,0.009,-0.035));
#13948=CARTESIAN_POINT('',(0.5,0.00899999999999999,-0.03));
#13949=CARTESIAN_POINT('',(0.5,0.00399999999999999,-0.035));
#13950=CARTESIAN_POINT('',(0.5,0.009,-0.035));
#13951=CARTESIAN_POINT('',(0.5,0.00899999999999999,-0.03));
#13952=CARTESIAN_POINT('',(0.5,0.00399999999999999,-0.035));
#13953=CARTESIAN_POINT('',(0.5,0.009,-0.035));
#13954=CARTESIAN_POINT('',(0.5,0.00899999999999999,-0.03));
#13955=CARTESIAN_POINT('',(0.5,0.00399999999999999,-0.035));
#13956=CARTESIAN_POINT('',(0.5,0.00399999999999999,-0.035));
#13957=CARTESIAN_POINT('',(0.5,0.00399999999999999,-0.035));
#13958=CARTESIAN_POINT('',(0.5,0.00399999999999999,-0.035));
#13959=CARTESIAN_POINT('',(0.5,0.00399999999999999,-0.035));
#13960=CARTESIAN_POINT('',(0.5,0.00399999999999999,-0.035));
#13961=CARTESIAN_POINT('',(0.5,0.00399999999999999,-0.035));
#13962=CARTESIAN_POINT('',(0.5,0.00399999999999999,-0.035));
#13963=CARTESIAN_POINT('',(0.5,0.00399999999999999,-0.035));
#13964=CARTESIAN_POINT('',(0.5,0.00399999999999999,-0.035));
#13965=CARTESIAN_POINT('',(0.5,0.00399999999999999,-0.035));
#13966=CARTESIAN_POINT('',(0.5,0.00399999999999999,-0.035));
#13967=CARTESIAN_POINT('',(0.5,0.00399999999999999,-0.035));
#13968=CARTESIAN_POINT('',(0.5,0.00399999999999999,-0.035));
#13969=CARTESIAN_POINT('',(0.5,0.00399999999999999,-0.035));
#13970=CARTESIAN_POINT('',(0.5,0.00399999999999999,-0.035));
#13971=CARTESIAN_POINT('',(0.5,0.00399999999999999,-0.035));
#13972=CARTESIAN_POINT('',(0.5,0.00399999999999999,-0.035));
#13973=CARTESIAN_POINT('',(0.5,0.00399999999999999,-0.035));
#13974=CARTESIAN_POINT('',(0.5,0.00399999999999999,-0.035));
#13975=CARTESIAN_POINT('',(0.5,0.00399999999999999,-0.035));
#13976=CARTESIAN_POINT('',(0.5,0.031,-0.035));
#13977=CARTESIAN_POINT('',(0.5,0.031,-0.03));
#13978=CARTESIAN_POINT('',(0.5,0.031,-0.03));
#13979=CARTESIAN_POINT('',(0.5,0.00899999999999999,-0.03));
#13980=CARTESIAN_POINT('',(0.5,0.009,-0.035));
#13981=CARTESIAN_POINT('',(0.5,0.00399999999999999,-0.035));
#13982=CARTESIAN_POINT('',(50.,0.0330000000000013,20.));
#13983=CARTESIAN_POINT('',(0.,0.,0.));
#13984=CARTESIAN_POINT('',(-0.5,0.1875,-0.0425));
#13985=CARTESIAN_POINT('',(-0.5,0.0330000000000006,-0.0425));
#13986=CARTESIAN_POINT('',(-0.5,0.0330000000000006,0.035));
#13987=CARTESIAN_POINT('',(-0.5,0.0330000000000006,-0.035));
#13988=CARTESIAN_POINT('',(-0.5,0.031,0.035));
#13989=CARTESIAN_POINT('',(-0.5,0.035,0.035));
#13990=CARTESIAN_POINT('',(-0.5,0.035,-0.2));
#13991=CARTESIAN_POINT('',(-0.5,0.035,-0.035));
#13992=CARTESIAN_POINT('',(-0.5,0.04,-0.035));
#13993=CARTESIAN_POINT('',(0.5,0.1875,0.0425));
#13994=CARTESIAN_POINT('',(0.5,0.0330000000000006,0.0425));
#13995=CARTESIAN_POINT('',(0.5,0.0330000000000006,-0.035));
#13996=CARTESIAN_POINT('',(0.5,0.0330000000000006,0.035));
#13997=CARTESIAN_POINT('',(0.5,0.04,-0.035));
#13998=CARTESIAN_POINT('',(0.5,0.035,-0.035));
#13999=CARTESIAN_POINT('',(0.5,0.035,0.2));
#14000=CARTESIAN_POINT('',(0.5,0.035,0.035));
#14001=CARTESIAN_POINT('',(0.5,0.031,0.035));
#14002=CARTESIAN_POINT('',(0.5,0.031,0.035));
#14003=CARTESIAN_POINT('',(0.5,0.0330000000000006,0.035));
#14004=CARTESIAN_POINT('',(0.,0.035,0.035));
#14005=CARTESIAN_POINT('',(0.5,0.04,-0.035));
#14006=CARTESIAN_POINT('',(0.5,0.0330000000000006,-0.035));
#14007=CARTESIAN_POINT('',(0.,0.035,-0.035));
#14008=CARTESIAN_POINT('',(0.,0.035,0.));
#14009=CARTESIAN_POINT('',(-0.475,0.035,0.025));
#14010=CARTESIAN_POINT('',(-0.466,0.035,0.025));
#14011=CARTESIAN_POINT('',(-0.475,0.035,-0.025));
#14012=CARTESIAN_POINT('',(-0.466,0.035,-0.025));
#14013=CARTESIAN_POINT('',(-0.425,0.035,0.025));
#14014=CARTESIAN_POINT('',(-0.416,0.035,0.025));
#14015=CARTESIAN_POINT('',(-0.425,0.035,-0.025));
#14016=CARTESIAN_POINT('',(-0.416,0.035,-0.025));
#14017=CARTESIAN_POINT('',(-0.375,0.035,0.025));
#14018=CARTESIAN_POINT('',(-0.366,0.035,0.025));
#14019=CARTESIAN_POINT('',(-0.375,0.035,-0.025));
#14020=CARTESIAN_POINT('',(-0.366,0.035,-0.025));
#14021=CARTESIAN_POINT('',(-0.325,0.035,0.025));
#14022=CARTESIAN_POINT('',(-0.316,0.035,0.025));
#14023=CARTESIAN_POINT('',(-0.325,0.035,-0.025));
#14024=CARTESIAN_POINT('',(-0.316,0.035,-0.025));
#14025=CARTESIAN_POINT('',(-0.275,0.035,0.025));
#14026=CARTESIAN_POINT('',(-0.266,0.035,0.025));
#14027=CARTESIAN_POINT('',(-0.275,0.035,-0.025));
#14028=CARTESIAN_POINT('',(-0.266,0.035,-0.025));
#14029=CARTESIAN_POINT('',(-0.225,0.035,0.025));
#14030=CARTESIAN_POINT('',(-0.216,0.035,0.025));
#14031=CARTESIAN_POINT('',(-0.225,0.035,-0.025));
#14032=CARTESIAN_POINT('',(-0.216,0.035,-0.025));
#14033=CARTESIAN_POINT('',(-0.175,0.035,0.025));
#14034=CARTESIAN_POINT('',(-0.166,0.035,0.025));
#14035=CARTESIAN_POINT('',(-0.175,0.035,-0.025));
#14036=CARTESIAN_POINT('',(-0.166,0.035,-0.025));
#14037=CARTESIAN_POINT('',(-0.125,0.035,0.025));
#14038=CARTESIAN_POINT('',(-0.116,0.035,0.025));
#14039=CARTESIAN_POINT('',(-0.125,0.035,-0.025));
#14040=CARTESIAN_POINT('',(-0.116,0.035,-0.025));
#14041=CARTESIAN_POINT('',(-0.0750000000000001,0.035,0.025));
#14042=CARTESIAN_POINT('',(-0.0660000000000001,0.035,0.025));
#14043=CARTESIAN_POINT('',(-0.0750000000000001,0.035,-0.025));
#14044=CARTESIAN_POINT('',(-0.0660000000000001,0.035,-0.025));
#14045=CARTESIAN_POINT('',(-0.0250000000000001,0.035,0.025));
#14046=CARTESIAN_POINT('',(-0.0160000000000001,0.035,0.025));
#14047=CARTESIAN_POINT('',(-0.0250000000000001,0.035,-0.025));
#14048=CARTESIAN_POINT('',(-0.0160000000000001,0.035,-0.025));
#14049=CARTESIAN_POINT('',(0.0249999999999999,0.035,0.025));
#14050=CARTESIAN_POINT('',(0.0339999999999999,0.035,0.025));
#14051=CARTESIAN_POINT('',(0.0249999999999999,0.035,-0.025));
#14052=CARTESIAN_POINT('',(0.0339999999999999,0.035,-0.025));
#14053=CARTESIAN_POINT('',(0.0749999999999999,0.035,0.025));
#14054=CARTESIAN_POINT('',(0.0839999999999999,0.035,0.025));
#14055=CARTESIAN_POINT('',(0.0749999999999999,0.035,-0.025));
#14056=CARTESIAN_POINT('',(0.0839999999999999,0.035,-0.025));
#14057=CARTESIAN_POINT('',(0.125,0.035,0.025));
#14058=CARTESIAN_POINT('',(0.134,0.035,0.025));
#14059=CARTESIAN_POINT('',(0.125,0.035,-0.025));
#14060=CARTESIAN_POINT('',(0.134,0.035,-0.025));
#14061=CARTESIAN_POINT('',(0.175,0.035,0.025));
#14062=CARTESIAN_POINT('',(0.184,0.035,0.025));
#14063=CARTESIAN_POINT('',(0.175,0.035,-0.025));
#14064=CARTESIAN_POINT('',(0.184,0.035,-0.025));
#14065=CARTESIAN_POINT('',(0.225,0.035,0.025));
#14066=CARTESIAN_POINT('',(0.234,0.035,0.025));
#14067=CARTESIAN_POINT('',(0.225,0.035,-0.025));
#14068=CARTESIAN_POINT('',(0.234,0.035,-0.025));
#14069=CARTESIAN_POINT('',(0.275,0.035,0.025));
#14070=CARTESIAN_POINT('',(0.284,0.035,0.025));
#14071=CARTESIAN_POINT('',(0.275,0.035,-0.025));
#14072=CARTESIAN_POINT('',(0.284,0.035,-0.025));
#14073=CARTESIAN_POINT('',(0.325,0.035,0.025));
#14074=CARTESIAN_POINT('',(0.334,0.035,0.025));
#14075=CARTESIAN_POINT('',(0.325,0.035,-0.025));
#14076=CARTESIAN_POINT('',(0.334,0.035,-0.025));
#14077=CARTESIAN_POINT('',(0.375,0.035,0.025));
#14078=CARTESIAN_POINT('',(0.384,0.035,0.025));
#14079=CARTESIAN_POINT('',(0.375,0.035,-0.025));
#14080=CARTESIAN_POINT('',(0.384,0.035,-0.025));
#14081=CARTESIAN_POINT('',(0.425,0.035,0.025));
#14082=CARTESIAN_POINT('',(0.434,0.035,0.025));
#14083=CARTESIAN_POINT('',(0.425,0.035,-0.025));
#14084=CARTESIAN_POINT('',(0.434,0.035,-0.025));
#14085=CARTESIAN_POINT('',(0.475,0.035,0.025));
#14086=CARTESIAN_POINT('',(0.484,0.035,0.025));
#14087=CARTESIAN_POINT('',(0.475,0.035,-0.025));
#14088=CARTESIAN_POINT('',(0.484,0.035,-0.025));
#14089=CARTESIAN_POINT('',(0.475,0.255,-0.025));
#14090=CARTESIAN_POINT('',(0.475,0.1875,-0.025));
#14091=CARTESIAN_POINT('',(0.475,0.1875,-0.016));
#14092=CARTESIAN_POINT('',(0.475,0.255,0.025));
#14093=CARTESIAN_POINT('',(0.475,0.1875,0.025));
#14094=CARTESIAN_POINT('',(0.475,0.1875,0.034));
#14095=CARTESIAN_POINT('',(0.425,0.255,-0.025));
#14096=CARTESIAN_POINT('',(0.425,0.1875,-0.025));
#14097=CARTESIAN_POINT('',(0.425,0.1875,-0.016));
#14098=CARTESIAN_POINT('',(0.425,0.255,0.025));
#14099=CARTESIAN_POINT('',(0.425,0.1875,0.025));
#14100=CARTESIAN_POINT('',(0.425,0.1875,0.034));
#14101=CARTESIAN_POINT('',(0.375,0.255,-0.025));
#14102=CARTESIAN_POINT('',(0.375,0.1875,-0.025));
#14103=CARTESIAN_POINT('',(0.375,0.1875,-0.016));
#14104=CARTESIAN_POINT('',(0.375,0.255,0.025));
#14105=CARTESIAN_POINT('',(0.375,0.1875,0.025));
#14106=CARTESIAN_POINT('',(0.375,0.1875,0.034));
#14107=CARTESIAN_POINT('',(0.325,0.255,-0.025));
#14108=CARTESIAN_POINT('',(0.325,0.1875,-0.025));
#14109=CARTESIAN_POINT('',(0.325,0.1875,-0.016));
#14110=CARTESIAN_POINT('',(0.325,0.255,0.025));
#14111=CARTESIAN_POINT('',(0.325,0.1875,0.025));
#14112=CARTESIAN_POINT('',(0.325,0.1875,0.034));
#14113=CARTESIAN_POINT('',(0.275,0.255,-0.025));
#14114=CARTESIAN_POINT('',(0.275,0.1875,-0.025));
#14115=CARTESIAN_POINT('',(0.275,0.1875,-0.016));
#14116=CARTESIAN_POINT('',(0.275,0.255,0.025));
#14117=CARTESIAN_POINT('',(0.275,0.1875,0.025));
#14118=CARTESIAN_POINT('',(0.275,0.1875,0.034));
#14119=CARTESIAN_POINT('',(0.225,0.255,-0.025));
#14120=CARTESIAN_POINT('',(0.225,0.1875,-0.025));
#14121=CARTESIAN_POINT('',(0.225,0.1875,-0.016));
#14122=CARTESIAN_POINT('',(0.225,0.255,0.025));
#14123=CARTESIAN_POINT('',(0.225,0.1875,0.025));
#14124=CARTESIAN_POINT('',(0.225,0.1875,0.034));
#14125=CARTESIAN_POINT('',(0.175,0.255,-0.025));
#14126=CARTESIAN_POINT('',(0.175,0.1875,-0.025));
#14127=CARTESIAN_POINT('',(0.175,0.1875,-0.016));
#14128=CARTESIAN_POINT('',(0.175,0.255,0.025));
#14129=CARTESIAN_POINT('',(0.175,0.1875,0.025));
#14130=CARTESIAN_POINT('',(0.175,0.1875,0.034));
#14131=CARTESIAN_POINT('',(0.125,0.255,-0.025));
#14132=CARTESIAN_POINT('',(0.125,0.1875,-0.025));
#14133=CARTESIAN_POINT('',(0.125,0.1875,-0.016));
#14134=CARTESIAN_POINT('',(0.125,0.255,0.025));
#14135=CARTESIAN_POINT('',(0.125,0.1875,0.025));
#14136=CARTESIAN_POINT('',(0.125,0.1875,0.034));
#14137=CARTESIAN_POINT('',(0.0749999999999999,0.255,-0.025));
#14138=CARTESIAN_POINT('',(0.0749999999999999,0.1875,-0.025));
#14139=CARTESIAN_POINT('',(0.0749999999999999,0.1875,-0.016));
#14140=CARTESIAN_POINT('',(0.0749999999999999,0.255,0.025));
#14141=CARTESIAN_POINT('',(0.0749999999999999,0.1875,0.025));
#14142=CARTESIAN_POINT('',(0.0749999999999999,0.1875,0.034));
#14143=CARTESIAN_POINT('',(0.0249999999999999,0.255,-0.025));
#14144=CARTESIAN_POINT('',(0.0249999999999999,0.1875,-0.025));
#14145=CARTESIAN_POINT('',(0.0249999999999999,0.1875,-0.016));
#14146=CARTESIAN_POINT('',(0.0249999999999999,0.255,0.025));
#14147=CARTESIAN_POINT('',(0.0249999999999999,0.1875,0.025));
#14148=CARTESIAN_POINT('',(0.0249999999999999,0.1875,0.034));
#14149=CARTESIAN_POINT('',(-0.0250000000000001,0.255,-0.025));
#14150=CARTESIAN_POINT('',(-0.0250000000000001,0.1875,-0.025));
#14151=CARTESIAN_POINT('',(-0.0250000000000001,0.1875,-0.016));
#14152=CARTESIAN_POINT('',(-0.0250000000000001,0.255,0.025));
#14153=CARTESIAN_POINT('',(-0.0250000000000001,0.1875,0.025));
#14154=CARTESIAN_POINT('',(-0.0250000000000001,0.1875,0.034));
#14155=CARTESIAN_POINT('',(-0.0750000000000001,0.255,-0.025));
#14156=CARTESIAN_POINT('',(-0.0750000000000001,0.1875,-0.025));
#14157=CARTESIAN_POINT('',(-0.0750000000000001,0.1875,-0.016));
#14158=CARTESIAN_POINT('',(-0.0750000000000001,0.255,0.025));
#14159=CARTESIAN_POINT('',(-0.0750000000000001,0.1875,0.025));
#14160=CARTESIAN_POINT('',(-0.0750000000000001,0.1875,0.034));
#14161=CARTESIAN_POINT('',(-0.125,0.255,-0.025));
#14162=CARTESIAN_POINT('',(-0.125,0.1875,-0.025));
#14163=CARTESIAN_POINT('',(-0.125,0.1875,-0.016));
#14164=CARTESIAN_POINT('',(-0.125,0.255,0.025));
#14165=CARTESIAN_POINT('',(-0.125,0.1875,0.025));
#14166=CARTESIAN_POINT('',(-0.125,0.1875,0.034));
#14167=CARTESIAN_POINT('',(-0.175,0.255,-0.025));
#14168=CARTESIAN_POINT('',(-0.175,0.1875,-0.025));
#14169=CARTESIAN_POINT('',(-0.175,0.1875,-0.016));
#14170=CARTESIAN_POINT('',(-0.175,0.255,0.025));
#14171=CARTESIAN_POINT('',(-0.175,0.1875,0.025));
#14172=CARTESIAN_POINT('',(-0.175,0.1875,0.034));
#14173=CARTESIAN_POINT('',(-0.225,0.255,-0.025));
#14174=CARTESIAN_POINT('',(-0.225,0.1875,-0.025));
#14175=CARTESIAN_POINT('',(-0.225,0.1875,-0.016));
#14176=CARTESIAN_POINT('',(-0.225,0.255,0.025));
#14177=CARTESIAN_POINT('',(-0.225,0.1875,0.025));
#14178=CARTESIAN_POINT('',(-0.225,0.1875,0.034));
#14179=CARTESIAN_POINT('',(-0.275,0.255,-0.025));
#14180=CARTESIAN_POINT('',(-0.275,0.1875,-0.025));
#14181=CARTESIAN_POINT('',(-0.275,0.1875,-0.016));
#14182=CARTESIAN_POINT('',(-0.275,0.255,0.025));
#14183=CARTESIAN_POINT('',(-0.275,0.1875,0.025));
#14184=CARTESIAN_POINT('',(-0.275,0.1875,0.034));
#14185=CARTESIAN_POINT('',(-0.325,0.255,-0.025));
#14186=CARTESIAN_POINT('',(-0.325,0.1875,-0.025));
#14187=CARTESIAN_POINT('',(-0.325,0.1875,-0.016));
#14188=CARTESIAN_POINT('',(-0.325,0.255,0.025));
#14189=CARTESIAN_POINT('',(-0.325,0.1875,0.025));
#14190=CARTESIAN_POINT('',(-0.325,0.1875,0.034));
#14191=CARTESIAN_POINT('',(-0.375,0.255,-0.025));
#14192=CARTESIAN_POINT('',(-0.375,0.1875,-0.025));
#14193=CARTESIAN_POINT('',(-0.375,0.1875,-0.016));
#14194=CARTESIAN_POINT('',(-0.375,0.255,0.025));
#14195=CARTESIAN_POINT('',(-0.375,0.1875,0.025));
#14196=CARTESIAN_POINT('',(-0.375,0.1875,0.034));
#14197=CARTESIAN_POINT('',(-0.425,0.255,-0.025));
#14198=CARTESIAN_POINT('',(-0.425,0.1875,-0.025));
#14199=CARTESIAN_POINT('',(-0.425,0.1875,-0.016));
#14200=CARTESIAN_POINT('',(-0.425,0.255,0.025));
#14201=CARTESIAN_POINT('',(-0.425,0.1875,0.025));
#14202=CARTESIAN_POINT('',(-0.425,0.1875,0.034));
#14203=CARTESIAN_POINT('',(-0.475,0.255,-0.025));
#14204=CARTESIAN_POINT('',(-0.475,0.1875,-0.025));
#14205=CARTESIAN_POINT('',(-0.475,0.1875,-0.016));
#14206=CARTESIAN_POINT('',(-0.475,0.255,0.025));
#14207=CARTESIAN_POINT('',(-0.475,0.1875,0.025));
#14208=CARTESIAN_POINT('',(-0.475,0.1875,0.034));
#14209=CARTESIAN_POINT('',(0.,0.1875,0.));
#14210=CARTESIAN_POINT('',(0.,0.1875,0.));
#14211=CARTESIAN_POINT('',(0.,0.1875,0.));
#14212=CARTESIAN_POINT('',(0.,0.1875,0.));
#14213=CARTESIAN_POINT('',(0.,0.1875,0.));
#14214=CARTESIAN_POINT('',(0.,0.1875,0.));
#14215=CARTESIAN_POINT('',(0.,0.1875,0.));
#14216=CARTESIAN_POINT('',(0.,0.1875,0.));
#14217=CARTESIAN_POINT('',(0.,0.1875,0.));
#14218=CARTESIAN_POINT('',(0.,0.1875,0.));
#14219=CARTESIAN_POINT('',(0.,0.1875,0.));
#14220=CARTESIAN_POINT('',(0.,0.1875,0.));
#14221=CARTESIAN_POINT('',(0.,0.1875,0.));
#14222=CARTESIAN_POINT('',(0.,0.1875,0.));
#14223=CARTESIAN_POINT('',(0.,0.1875,0.));
#14224=CARTESIAN_POINT('',(0.,0.1875,0.));
#14225=CARTESIAN_POINT('',(0.,0.1875,0.));
#14226=CARTESIAN_POINT('',(0.,0.1875,0.));
#14227=CARTESIAN_POINT('',(0.,0.1875,0.));
#14228=CARTESIAN_POINT('',(0.,0.1875,0.));
#14229=CARTESIAN_POINT('',(0.,0.1875,0.));
#14230=CARTESIAN_POINT('',(0.,0.1875,0.));
#14231=CARTESIAN_POINT('',(0.,0.1875,0.));
#14232=CARTESIAN_POINT('',(0.,0.1875,0.));
#14233=CARTESIAN_POINT('',(0.,0.1875,0.));
#14234=CARTESIAN_POINT('',(0.,0.1875,0.));
#14235=CARTESIAN_POINT('',(0.,0.1875,0.));
#14236=CARTESIAN_POINT('',(0.,0.1875,0.));
#14237=CARTESIAN_POINT('',(0.,0.1875,0.));
#14238=CARTESIAN_POINT('',(0.,0.1875,0.));
#14239=CARTESIAN_POINT('',(0.,0.1875,0.));
#14240=CARTESIAN_POINT('',(0.,0.1875,0.));
#14241=CARTESIAN_POINT('',(0.,0.1875,0.));
#14242=CARTESIAN_POINT('',(0.,0.1875,0.));
#14243=CARTESIAN_POINT('',(0.,0.1875,0.));
#14244=CARTESIAN_POINT('',(0.,0.1875,0.));
#14245=CARTESIAN_POINT('',(0.,0.1875,0.));
#14246=CARTESIAN_POINT('',(0.,0.1875,0.));
#14247=CARTESIAN_POINT('',(0.,0.1875,0.));
#14248=CARTESIAN_POINT('',(0.,0.1875,0.));
#14249=CARTESIAN_POINT('',(50.,0.0330000000000013,-20.));
#14250=CARTESIAN_POINT('',(0.,0.,0.));
#14251=MECHANICAL_DESIGN_GEOMETRIC_PRESENTATION_REPRESENTATION('',(#8631,
#8632,#8633),#14252);
#14252=(
GEOMETRIC_REPRESENTATION_CONTEXT(3)
GLOBAL_UNCERTAINTY_ASSIGNED_CONTEXT((#14256))
GLOBAL_UNIT_ASSIGNED_CONTEXT((#14262,#14261,#14260))
REPRESENTATION_CONTEXT('TFC-120-02-F-D-A','TOP_LEVEL_ASSEMBLY_PART')
);
#14253=(
GEOMETRIC_REPRESENTATION_CONTEXT(3)
GLOBAL_UNCERTAINTY_ASSIGNED_CONTEXT((#14257))
GLOBAL_UNIT_ASSIGNED_CONTEXT((#14262,#14261,#14260))
REPRESENTATION_CONTEXT('TFC-120-02-L-D-A_terminal','COMPONENT_PART')
);
#14254=(
GEOMETRIC_REPRESENTATION_CONTEXT(3)
GLOBAL_UNCERTAINTY_ASSIGNED_CONTEXT((#14258))
GLOBAL_UNIT_ASSIGNED_CONTEXT((#14262,#14261,#14260))
REPRESENTATION_CONTEXT('TFC-120-02-L-D_pins','COMPONENT_PART')
);
#14255=(
GEOMETRIC_REPRESENTATION_CONTEXT(3)
GLOBAL_UNCERTAINTY_ASSIGNED_CONTEXT((#14259))
GLOBAL_UNIT_ASSIGNED_CONTEXT((#14262,#14261,#14260))
REPRESENTATION_CONTEXT('TFC-120-02-L-D2_pins','COMPONENT_PART')
);
#14256=UNCERTAINTY_MEASURE_WITH_UNIT(LENGTH_MEASURE(3.93700787401575E-7),
#14262,'DISTANCE_ACCURACY_VALUE','Maximum Tolerance applied to model');
#14257=UNCERTAINTY_MEASURE_WITH_UNIT(LENGTH_MEASURE(3.93700787401575E-7),
#14262,'DISTANCE_ACCURACY_VALUE','Maximum Tolerance applied to model');
#14258=UNCERTAINTY_MEASURE_WITH_UNIT(LENGTH_MEASURE(3.93700787401575E-7),
#14262,'DISTANCE_ACCURACY_VALUE','Maximum Tolerance applied to model');
#14259=UNCERTAINTY_MEASURE_WITH_UNIT(LENGTH_MEASURE(3.93700787401575E-7),
#14262,'DISTANCE_ACCURACY_VALUE','Maximum Tolerance applied to model');
#14260=(
NAMED_UNIT(*)
SI_UNIT($,.STERADIAN.)
SOLID_ANGLE_UNIT()
);
#14261=(
NAMED_UNIT(*)
PLANE_ANGLE_UNIT()
SI_UNIT($,.RADIAN.)
);
#14262=(
CONVERSION_BASED_UNIT('INCH',#14264)
LENGTH_UNIT()
NAMED_UNIT(#14263)
);
#14263=DIMENSIONAL_EXPONENTS(1.,0.,0.,0.,0.,0.,0.);
#14264=LENGTH_MEASURE_WITH_UNIT(LENGTH_MEASURE(25.4),#14265);
#14265=(
LENGTH_UNIT()
NAMED_UNIT(*)
SI_UNIT(.MILLI.,.METRE.)
);
#14266=PRODUCT_DEFINITION_SHAPE('','',#14273);
#14267=PRODUCT_DEFINITION_SHAPE('','',#14274);
#14268=PRODUCT_DEFINITION_SHAPE(' ','NAUO PRDDFN',#21);
#14269=PRODUCT_DEFINITION_SHAPE('','',#14275);
#14270=PRODUCT_DEFINITION_SHAPE(' ','NAUO PRDDFN',#22);
#14271=PRODUCT_DEFINITION_SHAPE('','',#14276);
#14272=PRODUCT_DEFINITION_SHAPE(' ','NAUO PRDDFN',#23);
#14273=PRODUCT_DEFINITION('','',#14281,#14277);
#14274=PRODUCT_DEFINITION('','',#14282,#14278);
#14275=PRODUCT_DEFINITION('','',#14283,#14279);
#14276=PRODUCT_DEFINITION('','',#14284,#14280);
#14277=PRODUCT_DEFINITION_CONTEXT('',#14302,'design');
#14278=PRODUCT_DEFINITION_CONTEXT('',#14302,'design');
#14279=PRODUCT_DEFINITION_CONTEXT('',#14302,'design');
#14280=PRODUCT_DEFINITION_CONTEXT('',#14302,'design');
#14281=PRODUCT_DEFINITION_FORMATION_WITH_SPECIFIED_SOURCE('','',#14289,
 .NOT_KNOWN.);
#14282=PRODUCT_DEFINITION_FORMATION_WITH_SPECIFIED_SOURCE('','',#14290,
 .NOT_KNOWN.);
#14283=PRODUCT_DEFINITION_FORMATION_WITH_SPECIFIED_SOURCE('','',#14291,
 .NOT_KNOWN.);
#14284=PRODUCT_DEFINITION_FORMATION_WITH_SPECIFIED_SOURCE('','',#14292,
 .NOT_KNOWN.);
#14285=PRODUCT_RELATED_PRODUCT_CATEGORY('','',(#14289));
#14286=PRODUCT_RELATED_PRODUCT_CATEGORY('','',(#14290));
#14287=PRODUCT_RELATED_PRODUCT_CATEGORY('','',(#14291));
#14288=PRODUCT_RELATED_PRODUCT_CATEGORY('','',(#14292));
#14289=PRODUCT('TFC-120-02-F-D-A','TFC-120-02-F-D-A','TFC-120-02-F-D-A',
(#14297));
#14290=PRODUCT('TFC-120-02-L-D-A_terminal','TFC-120-02-L-D-A_terminal',
'TFC-120-02-L-D-A_terminal',(#14298));
#14291=PRODUCT('TFC-120-02-L-D_pins','TFC-120-02-L-D_pins',
'TFC-120-02-L-D_pins',(#14299));
#14292=PRODUCT('TFC-120-02-L-D2_pins','TFC-120-02-L-D2_pins',
'TFC-120-02-L-D2_pins',(#14300));
#14293=PRODUCT_CATEGORY('','');
#14294=PRODUCT_CATEGORY('','');
#14295=PRODUCT_CATEGORY('','');
#14296=PRODUCT_CATEGORY('','');
#14297=PRODUCT_CONTEXT('',#14302,'mechanical');
#14298=PRODUCT_CONTEXT('',#14302,'mechanical');
#14299=PRODUCT_CONTEXT('',#14302,'mechanical');
#14300=PRODUCT_CONTEXT('',#14302,'mechanical');
#14301=APPLICATION_PROTOCOL_DEFINITION('international standard',
'automotive_design',2010,#14302);
#14302=APPLICATION_CONTEXT(
'core data for automotive mechanical design processes');
ENDSEC;
END-ISO-10303-21;
